Log file open, 10/08/25 12:05:23
LogWindows: Failed to load 'aqProf.dll' (GetLastError=126)
LogWindows: File 'aqProf.dll' does not exist
LogWindows: Failed to load 'VtuneApi.dll' (GetLastError=126)
LogWindows: File 'VtuneApi.dll' does not exist
LogWindows: Failed to load 'VtuneApi32e.dll' (GetLastError=126)
LogWindows: File 'VtuneApi32e.dll' does not exist
LogConsoleResponse: Display: Failed to find resolution value strings in scalability ini. Falling back to default.
LogConsoleResponse: Display: Failed to find resolution value strings in scalability ini. Falling back to default.
LogInit: Display: Running engine for game: MyProject2
LogPlatformFile: Not using cached read wrapper
LogTaskGraph: Started task graph with 5 named threads and 23 total threads with 3 sets of task threads.
LogStats: Stats thread started at 0.398208
LogICUInternationalization: ICU TimeZone Detection - Raw Offset: +1:00, Platform Override: ''
LogInit: Display: Loading text-based GConfig....
LogPluginManager: Mounting plugin MeshPainting
LogPluginManager: Mounting plugin XGEController
LogPluginManager: Mounting plugin Paper2D
LogPluginManager: Mounting plugin LiveLink
LogPluginManager: Mounting plugin EnvironmentQueryEditor
LogPluginManager: Mounting plugin AISupport
LogPluginManager: Mounting plugin LightPropagationVolume
LogPluginManager: Mounting plugin OodleData
LogPluginManager: Mounting plugin OodleNetwork
LogPluginManager: Mounting plugin AnimationSharing
LogPluginManager: Mounting plugin CLionSourceCodeAccess
LogPluginManager: Mounting plugin GitSourceControl
LogPluginManager: Mounting plugin CodeLiteSourceCodeAccess
LogPluginManager: Mounting plugin KDevelopSourceCodeAccess
LogPluginManager: Mounting plugin PixWinPlugin
LogPluginManager: Mounting plugin PerforceSourceControl
LogPluginManager: Mounting plugin NullSourceCodeAccess
LogPluginManager: Mounting plugin PlasticSourceControl
LogPluginManager: Mounting plugin PluginUtils
LogPluginManager: Mounting plugin PropertyAccessNode
LogPluginManager: Mounting plugin SubversionSourceControl
LogPluginManager: Mounting plugin RiderSourceCodeAccess
LogPluginManager: Mounting plugin TextureFormatOodle
LogPluginManager: Mounting plugin UObjectPlugin
LogPluginManager: Mounting plugin VisualStudioSourceCodeAccess
LogPluginManager: Mounting plugin VisualStudioCodeSourceCodeAccess
LogPluginManager: Mounting plugin XCodeSourceCodeAccess
LogPluginManager: Mounting plugin DatasmithContent
LogPluginManager: Mounting plugin AssetManagerEditor
LogPluginManager: Mounting plugin VariantManagerContent
LogPluginManager: Mounting plugin CryptoKeys
LogPluginManager: Mounting plugin CurveEditorTools
LogPluginManager: Mounting plugin DataValidation
LogPluginManager: Mounting plugin FacialAnimation
LogPluginManager: Mounting plugin GameplayTagsEditor
LogPluginManager: Mounting plugin MacGraphicsSwitching
LogPluginManager: Mounting plugin GeometryMode
LogPluginManager: Mounting plugin MaterialAnalyzer
LogPluginManager: Mounting plugin MobileLauncherProfileWizard
LogPluginManager: Mounting plugin PluginBrowser
LogPluginManager: Mounting plugin SpeedTreeImporter
LogPluginManager: Mounting plugin Niagara
LogPluginManager: Mounting plugin AlembicImporter
LogPluginManager: Mounting plugin AutomationUtils
LogPluginManager: Mounting plugin BackChannel
LogPluginManager: Mounting plugin ChaosClothEditor
LogPluginManager: Mounting plugin ChaosCloth
LogPluginManager: Mounting plugin ChaosNiagara
LogPluginManager: Mounting plugin ChaosEditor
LogPluginManager: Mounting plugin ChaosSolverPlugin
LogPluginManager: Mounting plugin CharacterAI
LogPluginManager: Mounting plugin GeometryCache
LogPluginManager: Mounting plugin GeometryProcessing
LogPluginManager: Mounting plugin GeometryCollectionPlugin
LogPluginManager: Mounting plugin MotoSynth
LogPluginManager: Mounting plugin OpenImageDenoise
LogPluginManager: Mounting plugin PlanarCut
LogPluginManager: Mounting plugin PlatformCrypto
LogPluginManager: Mounting plugin ProxyLODPlugin
LogPluginManager: Mounting plugin PythonScriptPlugin
LogPluginManager: Mounting plugin SkeletalReduction
LogPluginManager: Mounting plugin LuminPlatformFeatures
LogPluginManager: Mounting plugin MagicLeap
LogPluginManager: Mounting plugin MagicLeapMedia
LogPluginManager: Mounting plugin MagicLeapLightEstimation
LogPluginManager: Mounting plugin MagicLeapPassableWorld
LogPluginManager: Mounting plugin MLSDK
LogPluginManager: Mounting plugin AndroidMedia
LogPluginManager: Mounting plugin AvfMedia
LogPluginManager: Mounting plugin MediaCompositing
LogPluginManager: Mounting plugin ImgMedia
LogPluginManager: Mounting plugin MediaPlayerEditor
LogPluginManager: Mounting plugin WebMMedia
LogPluginManager: Mounting plugin WmfMedia
LogPluginManager: Mounting plugin TcpMessaging
LogPluginManager: Mounting plugin UdpMessaging
LogPluginManager: Mounting plugin ActorSequence
LogPluginManager: Mounting plugin LevelSequenceEditor
LogPluginManager: Mounting plugin MatineeToLevelSequence
LogPluginManager: Mounting plugin TemplateSequence
LogPluginManager: Mounting plugin OnlineSubsystem
LogPluginManager: Mounting plugin OnlineSubsystemNull
LogPluginManager: Mounting plugin OnlineSubsystemUtils
LogPluginManager: Mounting plugin LauncherChunkInstaller
LogPluginManager: Mounting plugin ActorLayerUtilities
LogPluginManager: Mounting plugin AndroidDeviceProfileSelector
LogPluginManager: Mounting plugin AndroidMoviePlayer
LogPluginManager: Mounting plugin AndroidPermission
LogPluginManager: Mounting plugin AppleImageUtils
LogPluginManager: Mounting plugin AppleMoviePlayer
LogPluginManager: Mounting plugin ArchVisCharacter
LogPluginManager: Mounting plugin AudioCapture
LogPluginManager: Mounting plugin AssetTags
LogPluginManager: Mounting plugin AudioSynesthesia
LogPluginManager: Mounting plugin ChunkDownloader
LogPluginManager: Mounting plugin CableComponent
LogPluginManager: Mounting plugin CustomMeshComponent
LogPluginManager: Mounting plugin EditableMesh
LogPluginManager: Mounting plugin ExampleDeviceProfileSelector
LogPluginManager: Mounting plugin GoogleCloudMessaging
LogPluginManager: Mounting plugin GooglePAD
LogPluginManager: Mounting plugin IOSDeviceProfileSelector
LogPluginManager: Mounting plugin LinuxDeviceProfileSelector
LogPluginManager: Mounting plugin LocationServicesBPLibrary
LogPluginManager: Mounting plugin MobilePatchingUtils
LogPluginManager: Mounting plugin OpenXREyeTracker
LogPluginManager: Mounting plugin OpenXR
LogPluginManager: Mounting plugin OpenXRHandTracking
LogPluginManager: Mounting plugin PhysXVehicles
LogPluginManager: Mounting plugin ScreenshotTools
LogPluginManager: Mounting plugin PostSplashScreen
LogPluginManager: Mounting plugin ProceduralMeshComponent
LogPluginManager: Mounting plugin PropertyAccessEditor
LogPluginManager: Mounting plugin RuntimePhysXCooking
LogPluginManager: Mounting plugin SignificanceManager
LogPluginManager: Mounting plugin SoundFields
LogPluginManager: Mounting plugin Synthesis
LogPluginManager: Mounting plugin WebMMoviePlayer
LogPluginManager: Mounting plugin WindowsMoviePlayer
LogPluginManager: Mounting plugin Takes
LogPluginManager: Mounting plugin CameraShakePreviewer
LogPluginManager: Mounting plugin GameplayCameras
LogPluginManager: Mounting plugin ContentBrowserAssetDataSource
LogPluginManager: Mounting plugin ContentBrowserClassDataSource
LogPluginManager: Mounting plugin ContentBrowserFileDataSource
LogPluginManager: Mounting plugin OnlineSubsystemIOS
LogPluginManager: Mounting plugin OnlineSubsystemGooglePlay
LogPluginManager: Mounting plugin OculusVR
LogPluginManager: Mounting plugin SteamVR
PixWinPlugin: PIX capture plugin failed to initialize! Check that the process is launched from PIX.
LogInit: Using libcurl 7.55.1-DEV
LogInit:  - built for x86_64-pc-win32
LogInit:  - supports SSL with OpenSSL/1.1.1
LogInit:  - supports HTTP deflate (compression) using libz 1.2.8
LogInit:  - other features:
LogInit:      CURL_VERSION_SSL
LogInit:      CURL_VERSION_LIBZ
LogInit:      CURL_VERSION_IPV6
LogInit:      CURL_VERSION_ASYNCHDNS
LogInit:      CURL_VERSION_LARGEFILE
LogInit:      CURL_VERSION_IDN
LogInit:  CurlRequestOptions (configurable via config and command line):
LogInit:  - bVerifyPeer = true  - Libcurl will verify peer certificate
LogInit:  - bUseHttpProxy = false  - Libcurl will NOT use HTTP proxy
LogInit:  - bDontReuseConnections = false  - Libcurl will reuse connections
LogInit:  - MaxHostConnections = 16  - Libcurl will limit the number of connections to a host
LogInit:  - LocalHostAddr = Default
LogInit:  - BufferSize = 65536
LogOnline: OSS: Creating online subsystem instance for: NULL
LogInit: WinSock: version 1.1 (2.2), MaxSocks=32767, MaxUdp=65467
LogOnline: OSS: TryLoadSubsystemAndSetDefault: Loaded subsystem for module [NULL]
LogOculusPluginWrapper: OculusPlugin initialized successfully
LogHMD: Failed initializing OVRPlugin 1.59.0
LogInit: Build: ++UE4+Release-4.27-CL-18319896
LogInit: Engine Version: 4.27.2-18319896+++UE4+Release-4.27
LogInit: Compatible Engine Version: 4.27.0-17155196+++UE4+Release-4.27
LogInit: Net CL: 17155196
LogInit: OS: Windows 10 (Release 2009) (), CPU:           Intel(R) Xeon(R) CPU E31245 @ 3.30GHz, GPU: NVIDIA GeForce GTX 680M
LogInit: Compiled (64-bit): Nov 30 2021 07:12:08
LogInit: Compiled with Visual C++: 19.24.28315.00
LogInit: Build Configuration: Development
LogInit: Branch Name: ++UE4+Release-4.27
LogInit: Command Line: 
LogInit: Base Directory: C:/Program Files/Epic Games/UE_4.27/Engine/Binaries/Win64/
LogInit: Allocator: TBB
LogInit: Installed Engine Build: 1
LogDevObjectVersion: Number of dev versions registered: 29
LogDevObjectVersion:   Dev-Blueprints (B0D832E4-1F89-4F0D-ACCF-7EB736FD4AA2): 10
LogDevObjectVersion:   Dev-Build (E1C64328-A22C-4D53-A36C-8E866417BD8C): 0
LogDevObjectVersion:   Dev-Core (375EC13C-06E4-48FB-B500-84F0262A717E): 4
LogDevObjectVersion:   Dev-Editor (E4B068ED-F494-42E9-A231-DA0B2E46BB41): 40
LogDevObjectVersion:   Dev-Framework (CFFC743F-43B0-4480-9391-14DF171D2073): 37
LogDevObjectVersion:   Dev-Mobile (B02B49B5-BB20-44E9-A304-32B752E40360): 3
LogDevObjectVersion:   Dev-Networking (A4E4105C-59A1-49B5-A7C5-40C4547EDFEE): 0
LogDevObjectVersion:   Dev-Online (39C831C9-5AE6-47DC-9A44-9C173E1C8E7C): 0
LogDevObjectVersion:   Dev-Physics (78F01B33-EBEA-4F98-B9B4-84EACCB95AA2): 14
LogDevObjectVersion:   Dev-Platform (6631380F-2D4D-43E0-8009-CF276956A95A): 0
LogDevObjectVersion:   Dev-Rendering (12F88B9F-8875-4AFC-A67C-D90C383ABD29): 45
LogDevObjectVersion:   Dev-Sequencer (7B5AE74C-D270-4C10-A958-57980B212A5A): 13
LogDevObjectVersion:   Dev-VR (D7296918-1DD6-4BDD-9DE2-64A83CC13884): 3
LogDevObjectVersion:   Dev-LoadTimes (C2A15278-BFE7-4AFE-6C17-90FF531DF755): 1
LogDevObjectVersion:   Private-Geometry (6EACA3D4-40EC-4CC1-B786-8BED09428FC5): 3
LogDevObjectVersion:   Dev-AnimPhys (29E575DD-E0A3-4627-9D10-D276232CDCEA): 17
LogDevObjectVersion:   Dev-Anim (AF43A65D-7FD3-4947-9873-3E8ED9C1BB05): 15
LogDevObjectVersion:   Dev-ReflectionCapture (6B266CEC-1EC7-4B8F-A30B-E4D90942FC07): 1
LogDevObjectVersion:   Dev-Automation (0DF73D61-A23F-47EA-B727-89E90C41499A): 1
LogDevObjectVersion:   FortniteMain (601D1886-AC64-4F84-AA16-D3DE0DEAC7D6): 47
LogDevObjectVersion:   FortniteRelease (E7086368-6B23-4C58-8439-1B7016265E91): 1
LogDevObjectVersion:   Dev-Enterprise (9DFFBCD6-494F-0158-E221-12823C92A888): 10
LogDevObjectVersion:   Dev-Niagara (F2AED0AC-9AFE-416F-8664-AA7FFA26D6FC): 1
LogDevObjectVersion:   Dev-Destruction (174F1F0B-B4C6-45A5-B13F-2EE8D0FB917D): 10
LogDevObjectVersion:   Dev-Physics-Ext (35F94A83-E258-406C-A318-09F59610247C): 41
LogDevObjectVersion:   Dev-PhysicsMaterial-Chaos (B68FC16E-8B1B-42E2-B453-215C058844FE): 1
LogDevObjectVersion:   Dev-CineCamera (B2E18506-4273-CFC2-A54E-F4BB758BBA07): 1
LogDevObjectVersion:   Dev-VirtualProduction (64F58936-FD1B-42BA-BA96-7289D5D0FA4E): 1
LogDevObjectVersion:   Dev-MediaFramework (6F0ED827-A609-4895-9C91-998D90180EA4): 2
LogInit: Presizing for max 25165824 objects, including 0 objects not considered by GC, pre-allocating 0 bytes for permanent pool.
LogConfig: Applying CVar settings from Section [/Script/Engine.StreamingSettings] File [C:/Users/Student/Desktop/unreal ER/TopDown Shooter/TopDownShooter01/Saved/Config/Windows/Engine.ini]
LogConfig: Setting CVar [[s.MinBulkDataSizeForAsyncLoading:131072]]
LogConfig: Setting CVar [[s.AsyncLoadingThreadEnabled:0]]
LogConfig: Setting CVar [[s.EventDrivenLoaderEnabled:1]]
LogConfig: Setting CVar [[s.WarnIfTimeLimitExceeded:0]]
LogConfig: Setting CVar [[s.TimeLimitExceededMultiplier:1.5]]
LogConfig: Setting CVar [[s.TimeLimitExceededMinTime:0.005]]
LogConfig: Setting CVar [[s.UseBackgroundLevelStreaming:1]]
LogConfig: Setting CVar [[s.PriorityAsyncLoadingExtraTime:15.0]]
LogConfig: Setting CVar [[s.LevelStreamingActorsUpdateTimeLimit:5.0]]
LogConfig: Setting CVar [[s.PriorityLevelStreamingActorsUpdateExtraTime:5.0]]
LogConfig: Setting CVar [[s.LevelStreamingComponentsRegistrationGranularity:10]]
LogConfig: Setting CVar [[s.UnregisterComponentsTimeLimit:1.0]]
LogConfig: Setting CVar [[s.LevelStreamingComponentsUnregistrationGranularity:5]]
LogConfig: Setting CVar [[s.FlushStreamingOnExit:1]]
LogInit: Object subsystem initialized
LogConfig: Setting CVar [[con.DebugEarlyDefault:1]]
LogConfig: Setting CVar [[r.setres:1280x720]]
[2025.10.08-10.05.24:691][  0]LogConfig: Setting CVar [[r.VSync:0]]
[2025.10.08-10.05.24:691][  0]LogConfig: Setting CVar [[r.RHICmdBypass:0]]
[2025.10.08-10.05.24:691][  0]LogConfig: Applying CVar settings from Section [/Script/Engine.RendererSettings] File [C:/Users/Student/Desktop/unreal ER/TopDown Shooter/TopDownShooter01/Saved/Config/Windows/Engine.ini]
[2025.10.08-10.05.24:691][  0]LogConfig: Setting CVar [[r.GPUCrashDebugging:0]]
[2025.10.08-10.05.24:691][  0]LogConfig: Applying CVar settings from Section [/Script/Engine.RendererOverrideSettings] File [C:/Users/Student/Desktop/unreal ER/TopDown Shooter/TopDownShooter01/Saved/Config/Windows/Engine.ini]
[2025.10.08-10.05.24:691][  0]LogConfig: Applying CVar settings from Section [/Script/Engine.StreamingSettings] File [C:/Users/Student/Desktop/unreal ER/TopDown Shooter/TopDownShooter01/Saved/Config/Windows/Engine.ini]
[2025.10.08-10.05.24:691][  0]LogConfig: Setting CVar [[s.MinBulkDataSizeForAsyncLoading:131072]]
[2025.10.08-10.05.24:691][  0]LogConfig: Setting CVar [[s.AsyncLoadingThreadEnabled:0]]
[2025.10.08-10.05.24:691][  0]LogConfig: Setting CVar [[s.EventDrivenLoaderEnabled:1]]
[2025.10.08-10.05.24:691][  0]LogConfig: Setting CVar [[s.WarnIfTimeLimitExceeded:0]]
[2025.10.08-10.05.24:691][  0]LogConfig: Setting CVar [[s.TimeLimitExceededMultiplier:1.5]]
[2025.10.08-10.05.24:691][  0]LogConfig: Setting CVar [[s.TimeLimitExceededMinTime:0.005]]
[2025.10.08-10.05.24:691][  0]LogConfig: Setting CVar [[s.UseBackgroundLevelStreaming:1]]
[2025.10.08-10.05.24:691][  0]LogConfig: Setting CVar [[s.PriorityAsyncLoadingExtraTime:15.0]]
[2025.10.08-10.05.24:691][  0]LogConfig: Setting CVar [[s.LevelStreamingActorsUpdateTimeLimit:5.0]]
[2025.10.08-10.05.24:691][  0]LogConfig: Setting CVar [[s.PriorityLevelStreamingActorsUpdateExtraTime:5.0]]
[2025.10.08-10.05.24:691][  0]LogConfig: Setting CVar [[s.LevelStreamingComponentsRegistrationGranularity:10]]
[2025.10.08-10.05.24:691][  0]LogConfig: Setting CVar [[s.UnregisterComponentsTimeLimit:1.0]]
[2025.10.08-10.05.24:691][  0]LogConfig: Setting CVar [[s.LevelStreamingComponentsUnregistrationGranularity:5]]
[2025.10.08-10.05.24:691][  0]LogConfig: Setting CVar [[s.FlushStreamingOnExit:1]]
[2025.10.08-10.05.24:691][  0]LogConfig: Applying CVar settings from Section [/Script/Engine.GarbageCollectionSettings] File [C:/Users/Student/Desktop/unreal ER/TopDown Shooter/TopDownShooter01/Saved/Config/Windows/Engine.ini]
[2025.10.08-10.05.24:691][  0]LogConfig: Setting CVar [[gc.MaxObjectsNotConsideredByGC:1]]
[2025.10.08-10.05.24:691][  0]LogConfig: Setting CVar [[gc.SizeOfPermanentObjectPool:0]]
[2025.10.08-10.05.24:691][  0]LogConfig: Setting CVar [[gc.FlushStreamingOnGC:0]]
[2025.10.08-10.05.24:691][  0]LogConfig: Setting CVar [[gc.NumRetriesBeforeForcingGC:10]]
[2025.10.08-10.05.24:691][  0]LogConfig: Setting CVar [[gc.AllowParallelGC:1]]
[2025.10.08-10.05.24:691][  0]LogConfig: Setting CVar [[gc.TimeBetweenPurgingPendingKillObjects:61.1]]
[2025.10.08-10.05.24:691][  0]LogConfig: Setting CVar [[gc.MaxObjectsInEditor:25165824]]
[2025.10.08-10.05.24:691][  0]LogConfig: Setting CVar [[gc.IncrementalBeginDestroyEnabled:1]]
[2025.10.08-10.05.24:691][  0]LogConfig: Setting CVar [[gc.CreateGCClusters:1]]
[2025.10.08-10.05.24:691][  0]LogConfig: Setting CVar [[gc.MinGCClusterSize:5]]
[2025.10.08-10.05.24:691][  0]LogConfig: Setting CVar [[gc.ActorClusteringEnabled:0]]
[2025.10.08-10.05.24:691][  0]LogConfig: Setting CVar [[gc.BlueprintClusteringEnabled:0]]
[2025.10.08-10.05.24:691][  0]LogConfig: Setting CVar [[gc.UseDisregardForGCOnDedicatedServers:0]]
[2025.10.08-10.05.24:691][  0]LogConfig: Setting CVar [[gc.MultithreadedDestructionEnabled:1]]
[2025.10.08-10.05.24:691][  0]LogConfig: Applying CVar settings from Section [/Script/Engine.NetworkSettings] File [C:/Users/Student/Desktop/unreal ER/TopDown Shooter/TopDownShooter01/Saved/Config/Windows/Engine.ini]
[2025.10.08-10.05.24:691][  0]LogConfig: Applying CVar settings from Section [/Script/UnrealEd.CookerSettings] File [C:/Users/Student/Desktop/unreal ER/TopDown Shooter/TopDownShooter01/Saved/Config/Windows/Engine.ini]
[2025.10.08-10.05.24:701][  0]LogConfig: Applying CVar settings from Section [ViewDistanceQuality@3] File [C:/Users/Student/Desktop/unreal ER/TopDown Shooter/TopDownShooter01/Saved/Config/Windows/Scalability.ini]
[2025.10.08-10.05.24:701][  0]LogConfig: Setting CVar [[r.SkeletalMeshLODBias:0]]
[2025.10.08-10.05.24:701][  0]LogConfig: Setting CVar [[r.ViewDistanceScale:1.0]]
[2025.10.08-10.05.24:701][  0]LogConfig: Applying CVar settings from Section [AntiAliasingQuality@3] File [C:/Users/Student/Desktop/unreal ER/TopDown Shooter/TopDownShooter01/Saved/Config/Windows/Scalability.ini]
[2025.10.08-10.05.24:701][  0]LogConfig: Setting CVar [[r.PostProcessAAQuality:4]]
[2025.10.08-10.05.24:701][  0]LogConfig: Applying CVar settings from Section [ShadowQuality@3] File [C:/Users/Student/Desktop/unreal ER/TopDown Shooter/TopDownShooter01/Saved/Config/Windows/Scalability.ini]
[2025.10.08-10.05.24:702][  0]LogConfig: Setting CVar [[r.LightFunctionQuality:1]]
[2025.10.08-10.05.24:702][  0]LogConfig: Setting CVar [[r.ShadowQuality:5]]
[2025.10.08-10.05.24:702][  0]LogConfig: Setting CVar [[r.Shadow.CSM.MaxCascades:10]]
[2025.10.08-10.05.24:702][  0]LogConfig: Setting CVar [[r.Shadow.MaxResolution:2048]]
[2025.10.08-10.05.24:702][  0]LogConfig: Setting CVar [[r.Shadow.MaxCSMResolution:2048]]
[2025.10.08-10.05.24:702][  0]LogConfig: Setting CVar [[r.Shadow.RadiusThreshold:0.01]]
[2025.10.08-10.05.24:702][  0]LogConfig: Setting CVar [[r.Shadow.DistanceScale:1.0]]
[2025.10.08-10.05.24:702][  0]LogConfig: Setting CVar [[r.Shadow.CSM.TransitionScale:1.0]]
[2025.10.08-10.05.24:702][  0]LogConfig: Setting CVar [[r.Shadow.PreShadowResolutionFactor:1.0]]
[2025.10.08-10.05.24:702][  0]LogConfig: Setting CVar [[r.DistanceFieldShadowing:1]]
[2025.10.08-10.05.24:702][  0]LogConfig: Setting CVar [[r.DistanceFieldAO:1]]
[2025.10.08-10.05.24:702][  0]LogConfig: Setting CVar [[r.AOQuality:2]]
[2025.10.08-10.05.24:702][  0]LogConfig: Setting CVar [[r.VolumetricFog:1]]
[2025.10.08-10.05.24:702][  0]LogConfig: Setting CVar [[r.VolumetricFog.GridPixelSize:8]]
[2025.10.08-10.05.24:702][  0]LogConfig: Setting CVar [[r.VolumetricFog.GridSizeZ:128]]
[2025.10.08-10.05.24:702][  0]LogConfig: Setting CVar [[r.VolumetricFog.HistoryMissSupersampleCount:4]]
[2025.10.08-10.05.24:702][  0]LogConfig: Setting CVar [[r.LightMaxDrawDistanceScale:1]]
[2025.10.08-10.05.24:702][  0]LogConfig: Setting CVar [[r.CapsuleShadows:1]]
[2025.10.08-10.05.24:702][  0]LogConfig: Applying CVar settings from Section [PostProcessQuality@3] File [C:/Users/Student/Desktop/unreal ER/TopDown Shooter/TopDownShooter01/Saved/Config/Windows/Scalability.ini]
[2025.10.08-10.05.24:702][  0]LogConfig: Setting CVar [[r.MotionBlurQuality:4]]
[2025.10.08-10.05.24:702][  0]LogConfig: Setting CVar [[r.AmbientOcclusionMipLevelFactor:0.4]]
[2025.10.08-10.05.24:702][  0]LogConfig: Setting CVar [[r.AmbientOcclusionMaxQuality:100]]
[2025.10.08-10.05.24:702][  0]LogConfig: Setting CVar [[r.AmbientOcclusionLevels:-1]]
[2025.10.08-10.05.24:702][  0]LogConfig: Setting CVar [[r.AmbientOcclusionRadiusScale:1.0]]
[2025.10.08-10.05.24:702][  0]LogConfig: Setting CVar [[r.DepthOfFieldQuality:2]]
[2025.10.08-10.05.24:702][  0]LogConfig: Setting CVar [[r.RenderTargetPoolMin:400]]
[2025.10.08-10.05.24:702][  0]LogConfig: Setting CVar [[r.LensFlareQuality:2]]
[2025.10.08-10.05.24:702][  0]LogConfig: Setting CVar [[r.SceneColorFringeQuality:1]]
[2025.10.08-10.05.24:702][  0]LogConfig: Setting CVar [[r.EyeAdaptationQuality:2]]
[2025.10.08-10.05.24:702][  0]LogConfig: Setting CVar [[r.BloomQuality:5]]
[2025.10.08-10.05.24:702][  0]LogConfig: Setting CVar [[r.FastBlurThreshold:100]]
[2025.10.08-10.05.24:702][  0]LogConfig: Setting CVar [[r.Upscale.Quality:3]]
[2025.10.08-10.05.24:702][  0]LogConfig: Setting CVar [[r.Tonemapper.GrainQuantization:1]]
[2025.10.08-10.05.24:702][  0]LogConfig: Setting CVar [[r.LightShaftQuality:1]]
[2025.10.08-10.05.24:702][  0]LogConfig: Setting CVar [[r.Filter.SizeScale:1]]
[2025.10.08-10.05.24:702][  0]LogConfig: Setting CVar [[r.Tonemapper.Quality:5]]
[2025.10.08-10.05.24:702][  0]LogConfig: Setting CVar [[r.DOF.Gather.AccumulatorQuality:1        ; higher gathering accumulator quality]]
[2025.10.08-10.05.24:702][  0]LogConfig: Setting CVar [[r.DOF.Gather.PostfilterMethod:1          ; Median3x3 postfilering method]]
[2025.10.08-10.05.24:702][  0]LogConfig: Setting CVar [[r.DOF.Gather.EnableBokehSettings:0       ; no bokeh simulation when gathering]]
[2025.10.08-10.05.24:702][  0]LogConfig: Setting CVar [[r.DOF.Gather.RingCount:4                 ; medium number of samples when gathering]]
[2025.10.08-10.05.24:703][  0]LogConfig: Setting CVar [[r.DOF.Scatter.ForegroundCompositing:1    ; additive foreground scattering]]
[2025.10.08-10.05.24:703][  0]LogConfig: Setting CVar [[r.DOF.Scatter.BackgroundCompositing:2    ; additive background scattering]]
[2025.10.08-10.05.24:703][  0]LogConfig: Setting CVar [[r.DOF.Scatter.EnableBokehSettings:1      ; bokeh simulation when scattering]]
[2025.10.08-10.05.24:703][  0]LogConfig: Setting CVar [[r.DOF.Scatter.MaxSpriteRatio:0.1         ; only a maximum of 10% of scattered bokeh]]
[2025.10.08-10.05.24:703][  0]LogConfig: Setting CVar [[r.DOF.Recombine.Quality:1                ; cheap slight out of focus]]
[2025.10.08-10.05.24:703][  0]LogConfig: Setting CVar [[r.DOF.Recombine.EnableBokehSettings:0    ; no bokeh simulation on slight out of focus]]
[2025.10.08-10.05.24:703][  0]LogConfig: Setting CVar [[r.DOF.TemporalAAQuality:1                ; more stable temporal accumulation]]
[2025.10.08-10.05.24:703][  0]LogConfig: Setting CVar [[r.DOF.Kernel.MaxForegroundRadius:0.025]]
[2025.10.08-10.05.24:703][  0]LogConfig: Setting CVar [[r.DOF.Kernel.MaxBackgroundRadius:0.025]]
[2025.10.08-10.05.24:703][  0]LogConfig: Applying CVar settings from Section [TextureQuality@3] File [C:/Users/Student/Desktop/unreal ER/TopDown Shooter/TopDownShooter01/Saved/Config/Windows/Scalability.ini]
[2025.10.08-10.05.24:703][  0]LogConfig: Setting CVar [[r.Streaming.MipBias:0]]
[2025.10.08-10.05.24:703][  0]LogConfig: Setting CVar [[r.Streaming.AmortizeCPUToGPUCopy:0]]
[2025.10.08-10.05.24:703][  0]LogConfig: Setting CVar [[r.Streaming.MaxNumTexturesToStreamPerFrame:0]]
[2025.10.08-10.05.24:703][  0]LogConfig: Setting CVar [[r.Streaming.Boost:1]]
[2025.10.08-10.05.24:703][  0]LogConfig: Setting CVar [[r.MaxAnisotropy:8]]
[2025.10.08-10.05.24:703][  0]LogConfig: Setting CVar [[r.VT.MaxAnisotropy:8]]
[2025.10.08-10.05.24:703][  0]LogConfig: Setting CVar [[r.Streaming.LimitPoolSizeToVRAM:0]]
[2025.10.08-10.05.24:703][  0]LogConfig: Setting CVar [[r.Streaming.PoolSize:1000]]
[2025.10.08-10.05.24:703][  0]LogConfig: Setting CVar [[r.Streaming.MaxEffectiveScreenSize:0]]
[2025.10.08-10.05.24:703][  0]LogConfig: Applying CVar settings from Section [EffectsQuality@3] File [C:/Users/Student/Desktop/unreal ER/TopDown Shooter/TopDownShooter01/Saved/Config/Windows/Scalability.ini]
[2025.10.08-10.05.24:703][  0]LogConfig: Setting CVar [[r.TranslucencyLightingVolumeDim:64]]
[2025.10.08-10.05.24:703][  0]LogConfig: Setting CVar [[r.RefractionQuality:2]]
[2025.10.08-10.05.24:703][  0]LogConfig: Setting CVar [[r.SSR.Quality:3]]
[2025.10.08-10.05.24:703][  0]LogConfig: Setting CVar [[r.SSR.HalfResSceneColor:0]]
[2025.10.08-10.05.24:703][  0]LogConfig: Setting CVar [[r.SceneColorFormat:4]]
[2025.10.08-10.05.24:703][  0]LogConfig: Setting CVar [[r.DetailMode:2]]
[2025.10.08-10.05.24:703][  0]LogConfig: Setting CVar [[r.TranslucencyVolumeBlur:1]]
[2025.10.08-10.05.24:703][  0]LogConfig: Setting CVar [[r.MaterialQualityLevel:1 ; High quality]]
[2025.10.08-10.05.24:703][  0]LogConfig: Setting CVar [[r.AnisotropicMaterials:1]]
[2025.10.08-10.05.24:703][  0]LogConfig: Setting CVar [[r.SSS.Scale:1]]
[2025.10.08-10.05.24:703][  0]LogConfig: Setting CVar [[r.SSS.SampleSet:2]]
[2025.10.08-10.05.24:703][  0]LogConfig: Setting CVar [[r.SSS.Quality:1]]
[2025.10.08-10.05.24:703][  0]LogConfig: Setting CVar [[r.SSS.HalfRes:0]]
[2025.10.08-10.05.24:703][  0]LogConfig: Setting CVar [[r.SSGI.Quality:3]]
[2025.10.08-10.05.24:703][  0]LogConfig: Setting CVar [[r.EmitterSpawnRateScale:1.0]]
[2025.10.08-10.05.24:703][  0]LogConfig: Setting CVar [[r.ParticleLightQuality:2]]
[2025.10.08-10.05.24:703][  0]LogConfig: Setting CVar [[r.SkyAtmosphere.AerialPerspectiveLUT.FastApplyOnOpaque:1 ; Always have FastSkyLUT 1 in this case to avoid wrong sky]]
[2025.10.08-10.05.24:703][  0]LogConfig: Setting CVar [[r.SkyAtmosphere.AerialPerspectiveLUT.SampleCountMaxPerSlice:4]]
[2025.10.08-10.05.24:703][  0]LogConfig: Setting CVar [[r.SkyAtmosphere.AerialPerspectiveLUT.DepthResolution:16.0]]
[2025.10.08-10.05.24:703][  0]LogConfig: Setting CVar [[r.SkyAtmosphere.FastSkyLUT:1]]
[2025.10.08-10.05.24:703][  0]LogConfig: Setting CVar [[r.SkyAtmosphere.FastSkyLUT.SampleCountMin:4.0]]
[2025.10.08-10.05.24:703][  0]LogConfig: Setting CVar [[r.SkyAtmosphere.FastSkyLUT.SampleCountMax:128.0]]
[2025.10.08-10.05.24:703][  0]LogConfig: Setting CVar [[r.SkyAtmosphere.SampleCountMin:4.0]]
[2025.10.08-10.05.24:703][  0]LogConfig: Setting CVar [[r.SkyAtmosphere.SampleCountMax:128.0]]
[2025.10.08-10.05.24:703][  0]LogConfig: Setting CVar [[r.SkyAtmosphere.TransmittanceLUT.UseSmallFormat:0]]
[2025.10.08-10.05.24:703][  0]LogConfig: Setting CVar [[r.SkyAtmosphere.TransmittanceLUT.SampleCount:10.0]]
[2025.10.08-10.05.24:703][  0]LogConfig: Setting CVar [[r.SkyAtmosphere.MultiScatteringLUT.SampleCount:15.0]]
[2025.10.08-10.05.24:703][  0]LogConfig: Setting CVar [[r.SkyLight.RealTimeReflectionCapture:1]]
[2025.10.08-10.05.24:703][  0]LogConfig: Applying CVar settings from Section [FoliageQuality@3] File [C:/Users/Student/Desktop/unreal ER/TopDown Shooter/TopDownShooter01/Saved/Config/Windows/Scalability.ini]
[2025.10.08-10.05.24:703][  0]LogConfig: Setting CVar [[foliage.DensityScale:1.0]]
[2025.10.08-10.05.24:703][  0]LogConfig: Setting CVar [[grass.DensityScale:1.0]]
[2025.10.08-10.05.24:703][  0]LogConfig: Applying CVar settings from Section [ShadingQuality@3] File [C:/Users/Student/Desktop/unreal ER/TopDown Shooter/TopDownShooter01/Saved/Config/Windows/Scalability.ini]
[2025.10.08-10.05.24:703][  0]LogConfig: Setting CVar [[r.HairStrands.SkyLighting.IntegrationType:2]]
[2025.10.08-10.05.24:703][  0]LogConfig: Setting CVar [[r.HairStrands.SkyAO.SampleCount:4]]
[2025.10.08-10.05.24:704][  0]LogConfig: Setting CVar [[r.HairStrands.Visibility.MSAA.SamplePerPixel:4]]
[2025.10.08-10.05.24:704][  0]LogInit: Selected Device Profile: [Windows]
[2025.10.08-10.05.24:704][  0]LogInit: Applying CVar settings loaded from the selected device profile: [Windows]
[2025.10.08-10.05.24:704][  0]LogHAL: Display: Platform has ~ 16 GB [17100070912 / 17179869184 / 16], which maps to Larger [LargestMinGB=32, LargerMinGB=12, DefaultMinGB=8, SmallerMinGB=6, SmallestMinGB=0)
[2025.10.08-10.05.24:704][  0]LogInit: Going up to parent DeviceProfile []
[2025.10.08-10.05.24:704][  0]LogConfig: Applying CVar settings from Section [ViewDistanceQuality@3] File [C:/Users/Student/Desktop/unreal ER/TopDown Shooter/TopDownShooter01/Saved/Config/Windows/Scalability.ini]
[2025.10.08-10.05.24:704][  0]LogConfig: Setting CVar [[r.SkeletalMeshLODBias:0]]
[2025.10.08-10.05.24:704][  0]LogConfig: Setting CVar [[r.ViewDistanceScale:1.0]]
[2025.10.08-10.05.24:704][  0]LogConfig: Applying CVar settings from Section [AntiAliasingQuality@3] File [C:/Users/Student/Desktop/unreal ER/TopDown Shooter/TopDownShooter01/Saved/Config/Windows/Scalability.ini]
[2025.10.08-10.05.24:704][  0]LogConfig: Setting CVar [[r.PostProcessAAQuality:4]]
[2025.10.08-10.05.24:704][  0]LogConfig: Applying CVar settings from Section [ShadowQuality@3] File [C:/Users/Student/Desktop/unreal ER/TopDown Shooter/TopDownShooter01/Saved/Config/Windows/Scalability.ini]
[2025.10.08-10.05.24:704][  0]LogConfig: Setting CVar [[r.LightFunctionQuality:1]]
[2025.10.08-10.05.24:704][  0]LogConfig: Setting CVar [[r.ShadowQuality:5]]
[2025.10.08-10.05.24:704][  0]LogConfig: Setting CVar [[r.Shadow.CSM.MaxCascades:10]]
[2025.10.08-10.05.24:704][  0]LogConfig: Setting CVar [[r.Shadow.MaxResolution:2048]]
[2025.10.08-10.05.24:704][  0]LogConfig: Setting CVar [[r.Shadow.MaxCSMResolution:2048]]
[2025.10.08-10.05.24:704][  0]LogConfig: Setting CVar [[r.Shadow.RadiusThreshold:0.01]]
[2025.10.08-10.05.24:704][  0]LogConfig: Setting CVar [[r.Shadow.DistanceScale:1.0]]
[2025.10.08-10.05.24:704][  0]LogConfig: Setting CVar [[r.Shadow.CSM.TransitionScale:1.0]]
[2025.10.08-10.05.24:704][  0]LogConfig: Setting CVar [[r.Shadow.PreShadowResolutionFactor:1.0]]
[2025.10.08-10.05.24:704][  0]LogConfig: Setting CVar [[r.DistanceFieldShadowing:1]]
[2025.10.08-10.05.24:704][  0]LogConfig: Setting CVar [[r.DistanceFieldAO:1]]
[2025.10.08-10.05.24:704][  0]LogConfig: Setting CVar [[r.AOQuality:2]]
[2025.10.08-10.05.24:704][  0]LogConfig: Setting CVar [[r.VolumetricFog:1]]
[2025.10.08-10.05.24:704][  0]LogConfig: Setting CVar [[r.VolumetricFog.GridPixelSize:8]]
[2025.10.08-10.05.24:704][  0]LogConfig: Setting CVar [[r.VolumetricFog.GridSizeZ:128]]
[2025.10.08-10.05.24:704][  0]LogConfig: Setting CVar [[r.VolumetricFog.HistoryMissSupersampleCount:4]]
[2025.10.08-10.05.24:704][  0]LogConfig: Setting CVar [[r.LightMaxDrawDistanceScale:1]]
[2025.10.08-10.05.24:704][  0]LogConfig: Setting CVar [[r.CapsuleShadows:1]]
[2025.10.08-10.05.24:704][  0]LogConfig: Applying CVar settings from Section [PostProcessQuality@3] File [C:/Users/Student/Desktop/unreal ER/TopDown Shooter/TopDownShooter01/Saved/Config/Windows/Scalability.ini]
[2025.10.08-10.05.24:704][  0]LogConfig: Setting CVar [[r.MotionBlurQuality:4]]
[2025.10.08-10.05.24:704][  0]LogConfig: Setting CVar [[r.AmbientOcclusionMipLevelFactor:0.4]]
[2025.10.08-10.05.24:704][  0]LogConfig: Setting CVar [[r.AmbientOcclusionMaxQuality:100]]
[2025.10.08-10.05.24:704][  0]LogConfig: Setting CVar [[r.AmbientOcclusionLevels:-1]]
[2025.10.08-10.05.24:704][  0]LogConfig: Setting CVar [[r.AmbientOcclusionRadiusScale:1.0]]
[2025.10.08-10.05.24:704][  0]LogConfig: Setting CVar [[r.DepthOfFieldQuality:2]]
[2025.10.08-10.05.24:704][  0]LogConfig: Setting CVar [[r.RenderTargetPoolMin:400]]
[2025.10.08-10.05.24:704][  0]LogConfig: Setting CVar [[r.LensFlareQuality:2]]
[2025.10.08-10.05.24:704][  0]LogConfig: Setting CVar [[r.SceneColorFringeQuality:1]]
[2025.10.08-10.05.24:704][  0]LogConfig: Setting CVar [[r.EyeAdaptationQuality:2]]
[2025.10.08-10.05.24:704][  0]LogConfig: Setting CVar [[r.BloomQuality:5]]
[2025.10.08-10.05.24:704][  0]LogConfig: Setting CVar [[r.FastBlurThreshold:100]]
[2025.10.08-10.05.24:704][  0]LogConfig: Setting CVar [[r.Upscale.Quality:3]]
[2025.10.08-10.05.24:704][  0]LogConfig: Setting CVar [[r.Tonemapper.GrainQuantization:1]]
[2025.10.08-10.05.24:704][  0]LogConfig: Setting CVar [[r.LightShaftQuality:1]]
[2025.10.08-10.05.24:704][  0]LogConfig: Setting CVar [[r.Filter.SizeScale:1]]
[2025.10.08-10.05.24:705][  0]LogConfig: Setting CVar [[r.Tonemapper.Quality:5]]
[2025.10.08-10.05.24:705][  0]LogConfig: Setting CVar [[r.DOF.Gather.AccumulatorQuality:1        ; higher gathering accumulator quality]]
[2025.10.08-10.05.24:705][  0]LogConfig: Setting CVar [[r.DOF.Gather.PostfilterMethod:1          ; Median3x3 postfilering method]]
[2025.10.08-10.05.24:705][  0]LogConfig: Setting CVar [[r.DOF.Gather.EnableBokehSettings:0       ; no bokeh simulation when gathering]]
[2025.10.08-10.05.24:705][  0]LogConfig: Setting CVar [[r.DOF.Gather.RingCount:4                 ; medium number of samples when gathering]]
[2025.10.08-10.05.24:705][  0]LogConfig: Setting CVar [[r.DOF.Scatter.ForegroundCompositing:1    ; additive foreground scattering]]
[2025.10.08-10.05.24:705][  0]LogConfig: Setting CVar [[r.DOF.Scatter.BackgroundCompositing:2    ; additive background scattering]]
[2025.10.08-10.05.24:705][  0]LogConfig: Setting CVar [[r.DOF.Scatter.EnableBokehSettings:1      ; bokeh simulation when scattering]]
[2025.10.08-10.05.24:705][  0]LogConfig: Setting CVar [[r.DOF.Scatter.MaxSpriteRatio:0.1         ; only a maximum of 10% of scattered bokeh]]
[2025.10.08-10.05.24:705][  0]LogConfig: Setting CVar [[r.DOF.Recombine.Quality:1                ; cheap slight out of focus]]
[2025.10.08-10.05.24:705][  0]LogConfig: Setting CVar [[r.DOF.Recombine.EnableBokehSettings:0    ; no bokeh simulation on slight out of focus]]
[2025.10.08-10.05.24:705][  0]LogConfig: Setting CVar [[r.DOF.TemporalAAQuality:1                ; more stable temporal accumulation]]
[2025.10.08-10.05.24:705][  0]LogConfig: Setting CVar [[r.DOF.Kernel.MaxForegroundRadius:0.025]]
[2025.10.08-10.05.24:705][  0]LogConfig: Setting CVar [[r.DOF.Kernel.MaxBackgroundRadius:0.025]]
[2025.10.08-10.05.24:705][  0]LogConfig: Applying CVar settings from Section [TextureQuality@3] File [C:/Users/Student/Desktop/unreal ER/TopDown Shooter/TopDownShooter01/Saved/Config/Windows/Scalability.ini]
[2025.10.08-10.05.24:705][  0]LogConfig: Setting CVar [[r.Streaming.MipBias:0]]
[2025.10.08-10.05.24:705][  0]LogConfig: Setting CVar [[r.Streaming.AmortizeCPUToGPUCopy:0]]
[2025.10.08-10.05.24:705][  0]LogConfig: Setting CVar [[r.Streaming.MaxNumTexturesToStreamPerFrame:0]]
[2025.10.08-10.05.24:705][  0]LogConfig: Setting CVar [[r.Streaming.Boost:1]]
[2025.10.08-10.05.24:705][  0]LogConfig: Setting CVar [[r.MaxAnisotropy:8]]
[2025.10.08-10.05.24:705][  0]LogConfig: Setting CVar [[r.VT.MaxAnisotropy:8]]
[2025.10.08-10.05.24:705][  0]LogConfig: Setting CVar [[r.Streaming.LimitPoolSizeToVRAM:0]]
[2025.10.08-10.05.24:705][  0]LogConfig: Setting CVar [[r.Streaming.PoolSize:1000]]
[2025.10.08-10.05.24:705][  0]LogConfig: Setting CVar [[r.Streaming.MaxEffectiveScreenSize:0]]
[2025.10.08-10.05.24:705][  0]LogConfig: Applying CVar settings from Section [EffectsQuality@3] File [C:/Users/Student/Desktop/unreal ER/TopDown Shooter/TopDownShooter01/Saved/Config/Windows/Scalability.ini]
[2025.10.08-10.05.24:705][  0]LogConfig: Setting CVar [[r.TranslucencyLightingVolumeDim:64]]
[2025.10.08-10.05.24:705][  0]LogConfig: Setting CVar [[r.RefractionQuality:2]]
[2025.10.08-10.05.24:705][  0]LogConfig: Setting CVar [[r.SSR.Quality:3]]
[2025.10.08-10.05.24:705][  0]LogConfig: Setting CVar [[r.SSR.HalfResSceneColor:0]]
[2025.10.08-10.05.24:705][  0]LogConfig: Setting CVar [[r.SceneColorFormat:4]]
[2025.10.08-10.05.24:705][  0]LogConfig: Setting CVar [[r.DetailMode:2]]
[2025.10.08-10.05.24:705][  0]LogConfig: Setting CVar [[r.TranslucencyVolumeBlur:1]]
[2025.10.08-10.05.24:705][  0]LogConfig: Setting CVar [[r.MaterialQualityLevel:1 ; High quality]]
[2025.10.08-10.05.24:705][  0]LogConfig: Setting CVar [[r.AnisotropicMaterials:1]]
[2025.10.08-10.05.24:705][  0]LogConfig: Setting CVar [[r.SSS.Scale:1]]
[2025.10.08-10.05.24:705][  0]LogConfig: Setting CVar [[r.SSS.SampleSet:2]]
[2025.10.08-10.05.24:705][  0]LogConfig: Setting CVar [[r.SSS.Quality:1]]
[2025.10.08-10.05.24:705][  0]LogConfig: Setting CVar [[r.SSS.HalfRes:0]]
[2025.10.08-10.05.24:705][  0]LogConfig: Setting CVar [[r.SSGI.Quality:3]]
[2025.10.08-10.05.24:705][  0]LogConfig: Setting CVar [[r.EmitterSpawnRateScale:1.0]]
[2025.10.08-10.05.24:705][  0]LogConfig: Setting CVar [[r.ParticleLightQuality:2]]
[2025.10.08-10.05.24:705][  0]LogConfig: Setting CVar [[r.SkyAtmosphere.AerialPerspectiveLUT.FastApplyOnOpaque:1 ; Always have FastSkyLUT 1 in this case to avoid wrong sky]]
[2025.10.08-10.05.24:705][  0]LogConfig: Setting CVar [[r.SkyAtmosphere.AerialPerspectiveLUT.SampleCountMaxPerSlice:4]]
[2025.10.08-10.05.24:705][  0]LogConfig: Setting CVar [[r.SkyAtmosphere.AerialPerspectiveLUT.DepthResolution:16.0]]
[2025.10.08-10.05.24:705][  0]LogConfig: Setting CVar [[r.SkyAtmosphere.FastSkyLUT:1]]
[2025.10.08-10.05.24:705][  0]LogConfig: Setting CVar [[r.SkyAtmosphere.FastSkyLUT.SampleCountMin:4.0]]
[2025.10.08-10.05.24:705][  0]LogConfig: Setting CVar [[r.SkyAtmosphere.FastSkyLUT.SampleCountMax:128.0]]
[2025.10.08-10.05.24:705][  0]LogConfig: Setting CVar [[r.SkyAtmosphere.SampleCountMin:4.0]]
[2025.10.08-10.05.24:705][  0]LogConfig: Setting CVar [[r.SkyAtmosphere.SampleCountMax:128.0]]
[2025.10.08-10.05.24:705][  0]LogConfig: Setting CVar [[r.SkyAtmosphere.TransmittanceLUT.UseSmallFormat:0]]
[2025.10.08-10.05.24:705][  0]LogConfig: Setting CVar [[r.SkyAtmosphere.TransmittanceLUT.SampleCount:10.0]]
[2025.10.08-10.05.24:705][  0]LogConfig: Setting CVar [[r.SkyAtmosphere.MultiScatteringLUT.SampleCount:15.0]]
[2025.10.08-10.05.24:705][  0]LogConfig: Setting CVar [[r.SkyLight.RealTimeReflectionCapture:1]]
[2025.10.08-10.05.24:705][  0]LogConfig: Applying CVar settings from Section [FoliageQuality@3] File [C:/Users/Student/Desktop/unreal ER/TopDown Shooter/TopDownShooter01/Saved/Config/Windows/Scalability.ini]
[2025.10.08-10.05.24:706][  0]LogConfig: Setting CVar [[foliage.DensityScale:1.0]]
[2025.10.08-10.05.24:706][  0]LogConfig: Setting CVar [[grass.DensityScale:1.0]]
[2025.10.08-10.05.24:706][  0]LogConfig: Applying CVar settings from Section [ShadingQuality@3] File [C:/Users/Student/Desktop/unreal ER/TopDown Shooter/TopDownShooter01/Saved/Config/Windows/Scalability.ini]
[2025.10.08-10.05.24:706][  0]LogConfig: Setting CVar [[r.HairStrands.SkyLighting.IntegrationType:2]]
[2025.10.08-10.05.24:706][  0]LogConfig: Setting CVar [[r.HairStrands.SkyAO.SampleCount:4]]
[2025.10.08-10.05.24:706][  0]LogConfig: Setting CVar [[r.HairStrands.Visibility.MSAA.SamplePerPixel:4]]
[2025.10.08-10.05.24:706][  0]LogConfig: Applying CVar settings from Section [Startup] File [../../../Engine/Config/ConsoleVariables.ini]
[2025.10.08-10.05.24:706][  0]LogConfig: Setting CVar [[net.UseAdaptiveNetUpdateFrequency:0]]
[2025.10.08-10.05.24:706][  0]LogConfig: Setting CVar [[p.chaos.AllowCreatePhysxBodies:1]]
[2025.10.08-10.05.24:706][  0]LogConfig: Setting CVar [[fx.SkipVectorVMBackendOptimizations:1]]
[2025.10.08-10.05.24:706][  0]LogConfig: Applying CVar settings from Section [ConsoleVariables] File [C:/Users/Student/Desktop/unreal ER/TopDown Shooter/TopDownShooter01/Saved/Config/Windows/Engine.ini]
[2025.10.08-10.05.24:706][  0]LogConfig: Applying CVar settings from Section [ConsoleVariables] File [C:/Users/Student/Desktop/unreal ER/TopDown Shooter/TopDownShooter01/Saved/Config/Windows/Editor.ini]
[2025.10.08-10.05.24:706][  0]LogInit: Computer: F11-11
[2025.10.08-10.05.24:706][  0]LogInit: User: Student
[2025.10.08-10.05.24:706][  0]LogInit: CPU Page size=4096, Cores=4
[2025.10.08-10.05.24:706][  0]LogInit: High frequency timer resolution =10.000000 MHz
[2025.10.08-10.05.24:706][  0]LogMemory: Memory total: Physical=15.9GB (16GB approx)
[2025.10.08-10.05.24:706][  0]LogMemory: Platform Memory Stats for Windows
[2025.10.08-10.05.24:706][  0]LogMemory: Process Physical Memory: 147.13 MB used, 147.13 MB peak
[2025.10.08-10.05.24:706][  0]LogMemory: Process Virtual Memory: 112.34 MB used, 112.34 MB peak
[2025.10.08-10.05.24:706][  0]LogMemory: Physical Memory: 8849.20 MB used,  7458.70 MB free, 16307.90 MB total
[2025.10.08-10.05.24:707][  0]LogMemory: Virtual Memory: 134211392.00 MB used,  6334.26 MB free, 134217728.00 MB total
[2025.10.08-10.05.24:714][  0]LogWindows: WindowsPlatformFeatures enabled
[2025.10.08-10.05.24:754][  0]LogInit: Physics initialised using underlying interface: PhysX
[2025.10.08-10.05.24:756][  0]LogInit: Using OS detected language (pl-PL).
[2025.10.08-10.05.24:756][  0]LogInit: Using OS detected locale (pl-PL).
[2025.10.08-10.05.24:764][  0]LogTextLocalizationManager: No specific localization for 'pl-PL' exists, so the 'pl' localization will be used.
[2025.10.08-10.05.24:764][  0]LogTextLocalizationResource: LocRes '../../../Engine/Content/Localization/Editor/pl/Editor.locres' could not be opened for reading!
[2025.10.08-10.05.24:764][  0]LogTextLocalizationResource: LocRes '../../../Engine/Content/Localization/EditorTutorials/pl/EditorTutorials.locres' could not be opened for reading!
[2025.10.08-10.05.24:765][  0]LogTextLocalizationResource: LocRes '../../../Engine/Content/Localization/Keywords/pl/Keywords.locres' could not be opened for reading!
[2025.10.08-10.05.24:765][  0]LogTextLocalizationResource: LocRes '../../../Engine/Content/Localization/Category/pl/Category.locres' could not be opened for reading!
[2025.10.08-10.05.24:765][  0]LogTextLocalizationResource: LocRes '../../../Engine/Content/Localization/ToolTips/pl/ToolTips.locres' could not be opened for reading!
[2025.10.08-10.05.24:765][  0]LogTextLocalizationResource: LocRes '../../../Engine/Content/Localization/PropertyNames/pl/PropertyNames.locres' could not be opened for reading!
[2025.10.08-10.05.24:765][  0]LogTextLocalizationResource: LocRes '../../../Engine/Content/Localization/Engine/pl/Engine.locres' could not be opened for reading!
[2025.10.08-10.05.24:768][  0]LogInit: Setting process to per monitor DPI aware
[2025.10.08-10.05.24:786][  0]LogWindowsTextInputMethodSystem: Display: IME system deactivated.
[2025.10.08-10.05.24:806][  0]LogSlate: New Slate User Created.  User Index 0, Is Virtual User: 0
[2025.10.08-10.05.24:806][  0]LogSlate: Slate User Registered.  User Index 0, Is Virtual User: 0
[2025.10.08-10.05.25:010][  0]LogD3D11RHI: Loaded GFSDK_Aftermath_Lib.x64.dll
[2025.10.08-10.05.25:013][  0]LogHMD: Failed to initialize OpenVR with code 110
[2025.10.08-10.05.25:013][  0]LogD3D11RHI: D3D11 min allowed feature level: 11_0
[2025.10.08-10.05.25:013][  0]LogD3D11RHI: D3D11 max allowed feature level: 11_0
[2025.10.08-10.05.25:013][  0]LogD3D11RHI: D3D11 adapters:
[2025.10.08-10.05.25:110][  0]LogD3D11RHI:    0. 'NVIDIA GeForce GTX 680M' (Feature Level 11_0)
[2025.10.08-10.05.25:110][  0]LogD3D11RHI:       4052/0/8153 MB DedicatedVideo/DedicatedSystem/SharedSystem, Outputs:1, VendorId:0x10de
[2025.10.08-10.05.25:115][  0]LogD3D11RHI:    1. 'Microsoft Basic Render Driver' (Feature Level 11_0)
[2025.10.08-10.05.25:115][  0]LogD3D11RHI:       0/0/8153 MB DedicatedVideo/DedicatedSystem/SharedSystem, Outputs:0, VendorId:0x1414
[2025.10.08-10.05.25:115][  0]LogD3D11RHI: Chosen D3D11 Adapter:
[2025.10.08-10.05.25:115][  0]LogD3D11RHI:     Description : NVIDIA GeForce GTX 680M
[2025.10.08-10.05.25:115][  0]LogD3D11RHI:     VendorId    : 10de
[2025.10.08-10.05.25:115][  0]LogD3D11RHI:     DeviceId    : 11a0
[2025.10.08-10.05.25:115][  0]LogD3D11RHI:     SubSysId    : 10bc1462
[2025.10.08-10.05.25:115][  0]LogD3D11RHI:     Revision    : 00a1
[2025.10.08-10.05.25:115][  0]LogD3D11RHI:     DedicatedVideoMemory : 4249157632 bytes
[2025.10.08-10.05.25:115][  0]LogD3D11RHI:     DedicatedSystemMemory : 0 bytes
[2025.10.08-10.05.25:115][  0]LogD3D11RHI:     SharedSystemMemory : 8550035456 bytes
[2025.10.08-10.05.25:115][  0]LogD3D11RHI:     AdapterLuid : 0 42829
[2025.10.08-10.05.25:123][  0]LogD3D11RHI: Creating new Direct3DDevice
[2025.10.08-10.05.25:123][  0]LogD3D11RHI:     GPU DeviceId: 0x11a0 (for the marketing name, search the web for "GPU Device Id")
[2025.10.08-10.05.25:123][  0]LogWindows: EnumDisplayDevices:
[2025.10.08-10.05.25:123][  0]LogWindows:    0. 'NVIDIA GeForce GTX 680M' (P:1 D:1)
[2025.10.08-10.05.25:124][  0]LogWindows:    1. 'NVIDIA GeForce GTX 680M' (P:0 D:0)
[2025.10.08-10.05.25:124][  0]LogWindows:    2. 'NVIDIA GeForce GTX 680M' (P:0 D:0)
[2025.10.08-10.05.25:125][  0]LogWindows:    3. 'NVIDIA GeForce GTX 680M' (P:0 D:0)
[2025.10.08-10.05.25:125][  0]LogWindows: DebugString: FoundDriverCount:4 
[2025.10.08-10.05.25:125][  0]LogD3D11RHI:     Adapter Name: NVIDIA GeForce GTX 680M
[2025.10.08-10.05.25:125][  0]LogD3D11RHI:   Driver Version: 425.31 (internal:25.21.14.2531, unified:425.31)
[2025.10.08-10.05.25:125][  0]LogD3D11RHI:      Driver Date: 4-9-2019
[2025.10.08-10.05.25:125][  0]LogRHI: Texture pool is 2836 MB (70% of 4052 MB)
[2025.10.08-10.05.25:125][  0]LogD3D11RHI: Creating D3DDevice using adapter:
[2025.10.08-10.05.25:125][  0]LogD3D11RHI:     Description : NVIDIA GeForce GTX 680M
[2025.10.08-10.05.25:125][  0]LogD3D11RHI:     VendorId    : 10de
[2025.10.08-10.05.25:125][  0]LogD3D11RHI:     DeviceId    : 11a0
[2025.10.08-10.05.25:125][  0]LogD3D11RHI:     SubSysId    : 10bc1462
[2025.10.08-10.05.25:125][  0]LogD3D11RHI:     Revision    : 00a1
[2025.10.08-10.05.25:125][  0]LogD3D11RHI:     DedicatedVideoMemory : 4249157632 bytes
[2025.10.08-10.05.25:125][  0]LogD3D11RHI:     DedicatedSystemMemory : 0 bytes
[2025.10.08-10.05.25:125][  0]LogD3D11RHI:     SharedSystemMemory : 8550035456 bytes
[2025.10.08-10.05.25:125][  0]LogD3D11RHI:     AdapterLuid : 0 42829
[2025.10.08-10.05.25:195][  0]LogD3D11RHI: RHI does not have support for 64 bit atomics
[2025.10.08-10.05.25:195][  0]LogD3D11RHI: Async texture creation enabled
[2025.10.08-10.05.25:268][  0]LogD3D11RHI: GPU Timing Frequency: 1000.000000 (Debug: 2 1)
[2025.10.08-10.05.25:326][  0]LogRHI: GeForceNow SDK initialized: 1
[2025.10.08-10.05.25:773][  0]LogTargetPlatformManager: Display: Loaded TargetPlatform 'AllDesktop'
[2025.10.08-10.05.25:801][  0]LogTargetPlatformManager: Display: Loaded TargetPlatform 'Android'
[2025.10.08-10.05.25:801][  0]LogTargetPlatformManager: Display: Loaded TargetPlatform 'Android_ASTC'
[2025.10.08-10.05.25:801][  0]LogTargetPlatformManager: Display: Loaded TargetPlatform 'Android_DXT'
[2025.10.08-10.05.25:801][  0]LogTargetPlatformManager: Display: Loaded TargetPlatform 'Android_ETC2'
[2025.10.08-10.05.25:801][  0]LogTargetPlatformManager: Display: Loaded TargetPlatform 'AndroidClient'
[2025.10.08-10.05.25:801][  0]LogTargetPlatformManager: Display: Loaded TargetPlatform 'Android_ASTCClient'
[2025.10.08-10.05.25:801][  0]LogTargetPlatformManager: Display: Loaded TargetPlatform 'Android_DXTClient'
[2025.10.08-10.05.25:801][  0]LogTargetPlatformManager: Display: Loaded TargetPlatform 'Android_ETC2Client'
[2025.10.08-10.05.25:802][  0]LogTargetPlatformManager: Display: Loaded TargetPlatform 'Android_Multi'
[2025.10.08-10.05.25:802][  0]LogTargetPlatformManager: Display: Loaded TargetPlatform 'Android_MultiClient'
[2025.10.08-10.05.25:828][  0]LogTargetPlatformManager: Display: Loaded TargetPlatform 'IOSClient'
[2025.10.08-10.05.25:828][  0]LogTargetPlatformManager: Display: Loaded TargetPlatform 'IOS'
[2025.10.08-10.05.25:841][  0]LogTargetPlatformManager: Display: Loaded TargetPlatform 'Linux'
[2025.10.08-10.05.25:847][  0]LogTargetPlatformManager: Display: Loaded TargetPlatform 'LinuxNoEditor'
[2025.10.08-10.05.25:853][  0]LogTargetPlatformManager: Display: Loaded TargetPlatform 'LinuxClient'
[2025.10.08-10.05.25:859][  0]LogTargetPlatformManager: Display: Loaded TargetPlatform 'LinuxServer'
[2025.10.08-10.05.25:871][  0]LogTargetPlatformManager: Display: Loaded TargetPlatform 'LinuxAArch64NoEditor'
[2025.10.08-10.05.25:877][  0]LogTargetPlatformManager: Display: Loaded TargetPlatform 'LinuxAArch64Client'
[2025.10.08-10.05.25:883][  0]LogTargetPlatformManager: Display: Loaded TargetPlatform 'LinuxAArch64Server'
[2025.10.08-10.05.25:914][  0]LogTargetPlatformManager: Display: Loaded TargetPlatform 'Lumin'
[2025.10.08-10.05.25:914][  0]LogTargetPlatformManager: Display: Loaded TargetPlatform 'LuminClient'
[2025.10.08-10.05.25:927][  0]LogTargetPlatformManager: Display: Loaded TargetPlatform 'MacNoEditor'
[2025.10.08-10.05.25:934][  0]LogTargetPlatformManager: Display: Loaded TargetPlatform 'Mac'
[2025.10.08-10.05.25:940][  0]LogTargetPlatformManager: Display: Loaded TargetPlatform 'MacClient'
[2025.10.08-10.05.25:947][  0]LogTargetPlatformManager: Display: Loaded TargetPlatform 'MacServer'
[2025.10.08-10.05.25:961][  0]LogTargetPlatformManager: Display: Loaded TargetPlatform 'TVOSClient'
[2025.10.08-10.05.25:961][  0]LogTargetPlatformManager: Display: Loaded TargetPlatform 'TVOS'
[2025.10.08-10.05.25:977][  0]LogTargetPlatformManager: Display: Loaded TargetPlatform 'WindowsNoEditor'
[2025.10.08-10.05.25:986][  0]LogTargetPlatformManager: Display: Loaded TargetPlatform 'Windows'
[2025.10.08-10.05.25:996][  0]LogTargetPlatformManager: Display: Loaded TargetPlatform 'WindowsClient'
[2025.10.08-10.05.26:005][  0]LogTargetPlatformManager: Display: Loaded TargetPlatform 'WindowsServer'
[2025.10.08-10.05.26:005][  0]LogTargetPlatformManager: Display: Building Assets For Windows
[2025.10.08-10.05.26:019][  0]LogAudioDebug: Display: Lib vorbis DLL was dynamically loaded.
[2025.10.08-10.05.26:098][  0]LogTextureFormatOodle: Display: Oodle Texture 2.9.0 init RDO Off
[2025.10.08-10.05.26:149][  0]LogRendererCore: Ray tracing is disabled. Reason: r.RayTracing=0.
[2025.10.08-10.05.26:149][  0]LogShaderCompilers: Guid format shader working directory is -34 characters bigger than the processId version (../../../../../../Users/Student/Desktop/unreal ER/TopDown Shooter/TopDownShooter01/Intermediate/Shaders/WorkingDirectory/8972/).
[2025.10.08-10.05.26:149][  0]LogShaderCompilers: Cleaned the shader compiler working directory 'C:/Users/Student/AppData/Local/Temp/UnrealShaderWorkingDir/6E76FA0C456B8AE2D0395D9AC6E17E1D/'.
[2025.10.08-10.05.26:150][  0]LogXGEController: Cannot use XGE Controller as Incredibuild is not installed on this machine.
[2025.10.08-10.05.26:150][  0]LogShaderCompilers: Cannot use XGE Shader Compiler as Incredibuild is not installed on this machine.
[2025.10.08-10.05.26:150][  0]LogShaderCompilers: Display: Using Local Shader Compiler.
[2025.10.08-10.05.27:168][  0]LogDerivedDataCache: Display: Max Cache Size: 512 MB
[2025.10.08-10.05.27:249][  0]LogDerivedDataCache: Loaded boot cache 0.08s 96MB C:/Users/Student/AppData/Local/UnrealEngine/4.27/DerivedDataCache/Boot.ddc.
[2025.10.08-10.05.27:249][  0]LogDerivedDataCache: Display: Loaded Boot cache: C:/Users/Student/AppData/Local/UnrealEngine/4.27/DerivedDataCache/Boot.ddc
[2025.10.08-10.05.27:250][  0]LogDerivedDataCache: FDerivedDataBackendGraph:  Pak pak cache file ../../../../../../Users/Student/Desktop/unreal ER/TopDown Shooter/TopDownShooter01/DerivedDataCache/DDC.ddp not found, will not use a pak cache.
[2025.10.08-10.05.27:250][  0]LogDerivedDataCache: Unable to find inner node Pak for hierarchical cache Hierarchy.
[2025.10.08-10.05.27:250][  0]LogDerivedDataCache: FDerivedDataBackendGraph:  CompressedPak pak cache file ../../../../../../Users/Student/Desktop/unreal ER/TopDown Shooter/TopDownShooter01/DerivedDataCache/Compressed.ddp not found, will not use a pak cache.
[2025.10.08-10.05.27:250][  0]LogDerivedDataCache: Unable to find inner node CompressedPak for hierarchical cache Hierarchy.
[2025.10.08-10.05.27:272][  0]LogDerivedDataCache: Display: Pak cache opened for reading ../../../Engine/DerivedDataCache/Compressed.ddp.
[2025.10.08-10.05.27:272][  0]LogDerivedDataCache: FDerivedDataBackendGraph:  EnterprisePak pak cache file ../../../Enterprise/DerivedDataCache/Compressed.ddp not found, will not use a pak cache.
[2025.10.08-10.05.27:272][  0]LogDerivedDataCache: Unable to find inner node EnterprisePak for hierarchical cache Hierarchy.
[2025.10.08-10.05.27:283][  0]LogDerivedDataCache: Speed tests for C:/Users/Student/AppData/Local/UnrealEngine/Common/DerivedDataCache took 0.01 seconds
[2025.10.08-10.05.27:283][  0]LogDerivedDataCache: Display: Performance to C:/Users/Student/AppData/Local/UnrealEngine/Common/DerivedDataCache: Latency=0.04ms. RandomReadSpeed=671.79MBs, RandomWriteSpeed=113.40MBs. Assigned SpeedClass 'Local'
[2025.10.08-10.05.27:294][  0]LogDerivedDataCache: Using Local data cache path C:/Users/Student/AppData/Local/UnrealEngine/Common/DerivedDataCache: Writable
[2025.10.08-10.05.27:294][  0]LogDerivedDataCache: Shared data cache path not found in *engine.ini, will not use an Shared cache.
[2025.10.08-10.05.27:294][  0]LogDerivedDataCache: Unable to find inner node Shared for hierarchical cache Hierarchy.
[2025.10.08-10.05.27:366][  0]LogSlate: Using FreeType 2.10.0
[2025.10.08-10.05.27:366][  0]LogSlate: SlateFontServices - WITH_FREETYPE: 1, WITH_HARFBUZZ: 1
[2025.10.08-10.05.27:402][  0]LogAssetRegistry: FAssetRegistry took 0.0035 seconds to start up
[2025.10.08-10.05.27:937][  0]LogInit: Selected Device Profile: [Windows]
[2025.10.08-10.05.27:937][  0]LogInit: Active device profile: [000001A4F4D3CF00][000001A4F36B8D00 49] Windows
[2025.10.08-10.05.27:937][  0]LogInit: Profiles: [000001A4F4D3CF00][000001A4F36B8D00 49] Windows, [000001A4F4CFA400][000001A4E593EE80 49] WindowsNoEditor, [000001A4F4D3DF00][000001A4E5943000 49] WindowsServer, [000001A4F4CF9600][000001A4E5947180 49] WindowsClient, [000001A4F4D3D000][000001A4E594B300 49] IOS, [000001A4F4CFBA00][000001A4E594F480 49] iPadAir, [000001A4F4D3F300][000001A4E5953600 49] iPadAir2, [000001A4F4C9D300][000001A4E595B8C0 49] IPadPro, [000001A4F4C9D400][000001A4E5957900 49] iPadAir3, [000001A4F4CF8B00][000001A4E595FA80 49] iPadAir4, [000001A4F4C9E100][000001A4E5963C00 49] iPadMini2, [000001A4F4CFB400][000001A4E5966200 49] iPadMini3, [000001A4F4C9EC00][000001A4F4A74380 49] iPadMini4, [000001A4F4CFA700][000001A4F4A78500 49] iPadMini5, [000001A4F4CC8E00][000001A4F4A807C0 49] iPhone6, [000001A4F4CC8F00][000001A4F4A7C800 49] iPodTouch6, [000001A4F4D3F700][000001A4F4A88AC0 49] iPhone7, [000001A4F4D3E800][000001A4F4A84B00 49] iPodTouch7, [000001A4F4C9CC00][000001A4F36BCC40 49] iPhone5S, [000001A4F4D3D300][000001A4F4A8CD80 49] iPhone6Plus, [000001A4F4D3C600][000001A4F4A90EC0 49] iPhone6S, [000001A4F4CC9300][000001A4F4A99040 49] iPhone6SPlus, [000001A4F4D3CB00][000001A4F4A9D1C0 49] iPhone7Plus, [000001A4F4CC9600][000001A4F4AA1340 49] iPhoneSE, [000001A4F4D3CA00][000001A4F4AA54C0 49] iPhone8, [000001A4F4CC9200][000001A4F4AA9640 49] iPhone8Plus, [000001A4F4C9EB00][000001A4F4AAD7C0 49] iPhoneX, [000001A4F4CC8C00][000001A4F4AB1940 49] iPhoneXS, [000001A4F4C9FA00][000001A4F4AB5AC0 49] iPhoneXSMax, [000001A4F4CCB800][000001A4F4AB80C0 49] iPhoneXR, [000001A4F4C9CD00][000001A4F4ABC240 49] iPhone11, [000001A4F4CCA600][000001A4F4AC03C0 49] iPhone11Pro, [000001A4F4C9E900][000001A4F4AC4540 49] iPhone11ProMax, [000001A4F4CC8200][000001A4F4AC86C0 49] iPhoneSE2, [000001A4F4C9CB00][000001A4F4ACC840 49] iPhone12Mini, [000001A4F4CCAA00][000001A4F5AE09C0 49] iPhone12, [000001A4F4C9EE00][000001A4F5AE4B40 49] iPhone12Pro, [000001A4F4CC8A00][000001A4F5AE8CC0 49] iPhone12ProMax, [000001A4F4C9F200][000001A4F4A94E00 49] iPadPro105, [000001A4F4CCB600][000001A4F5AECF40 49] iPadPro129, [000001A4F4C9E000][000001A4F5AF1080 49] iPadPro97, [000001A4F4CCA000][000001A4F5AF51C0 49] iPadPro2_129, [000001A4F4C9E400][000001A4F5AFD340 49] iPad5, [000001A4F4CC9400][000001A4F5B014C0 49] iPad6, [000001A4F4C9D000][000001A4F5B05640 49] iPad7, [000001A4F4CC9700][000001A4F5B097C0 49] iPad8, [000001A4F4C9FC00][000001A4F5B0D940 49] iPadPro11, [000001A4F4CC9800][000001A4F5B1FAC0 49] iPadPro2_11, [000001A4F4C9C600][000001A4F5B600C0 49] iPadPro3_129, [000001A4F4CC8D00][000001A4F5B64240 49] iPadPro4_129, [000001A4F4C9F100][000001A4F5B683C0 49] AppleTV, [000001A4F4CC8800][000001A4F5B6C540 49] AppleTV4K, [000001A4F4C9C500][000001A4F5B706C0 49] TVOS, [000001A4F4CC8500][000001A4F5B74840 49] Mac, [000001A4F4C9C700][000001A4F5B789C0 49] MacClient, [000001A4F4CC9500][000001A4F5B7CB40 49] MacNoEditor, [000001A4F4C9D500][000001A4F5B80CC0 49] MacServer, [000001A4F4CCAE00][000001A4F5B84E40 49] Linux, [000001A4F4C9C400][000001A4F5AF8F80 49] LinuxAArch64, [000001A4F4CC9E00][000001A4F5B890C0 49] LinuxNoEditor, [000001A4F4C9DC00][000001A4F5B8D200 49] LinuxAArch64NoEditor, [000001A4F4CCA900][000001A4F5B91340 49] LinuxClient, [000001A4F4C9ED00][000001A4F5B994C0 49] LinuxAArch64Client, [000001A4F4CC8100][000001A4F5B9D640 49] LinuxServer, [000001A4F4C9DE00][000001A4F5BA17C0 49] LinuxAArch64Server, [000001A4F4CC8B00][000001A4F5BA5940 49] Android, [000001A4F4C9DA00][000001A4F5BA9AC0 49] Android_Low, [000001A4F4CCAF00][000001A4F5BAC0C0 49] Android_Mid, [000001A4F4C9D100][000001A4F5BB0240 49] Android_High, [000001A4F4CCB000][000001A4F5BB43C0 49] Android_Default, [000001A4F4C9D700][000001A4F5BB8540 49] Android_Adreno4xx, [000001A4F4CC9900][000001A4F5BBC6C0 49] Android_Adreno5xx_Low, [000001A4F4C9CA00][000001A4F5BC0840 49] Android_Adreno5xx, [000001A4F4CCB400][000001A4F5BC49C0 49] Android_Adreno6xx, [000001A4F4C9CE00][000001A4F5BC8B40 49] Android_Adreno6xx_Vulkan, [000001A4F4CCB100][000001A4F5BCCCC0 49] Android_Mali_T6xx, [000001A4F4D3EF00][000001A4F5BD0E40 49] Android_Mali_T7xx, [000001A4F4CF8800][000001A4F5BD4FC0 49] Android_Mali_T8xx, [000001A4F4D3D200][000001A4F5BD9140 49] Android_Mali_G71, [000001A4F4CF8E00][000001A4F5B95280 49] Android_Mali_G72, [000001A4F4D3D100][000001A4F5BDD3C0 49] Android_Mali_G72_Vulkan, [000001A4F4CFA500][000001A4F5BE1500 49] Android_Mali_G76, [000001A4F4D3D500][000001A4F5BE9680 49] Android_Mali_G76_Vulkan, [000001A4F4CFA000][000001A4F5BED800 49] Android_Mali_G77, [000001A4F4D3FF00][000001A4F5BF1980 49] Android_Mali_G77_Vulkan, [000001A4F4CF9D00][000001A4F5BF5B00 49] Android_Mali_G78, [000001A4F4D3C300][000001A4F5BF8100 49] Android_Mali_G78_Vulkan, [000001A4F4CF8400][000001A4F5BFC280 49] Android_Mali_G710, [000001A4F4D3F600][000001A4F5C00400 49] Android_Mali_G710_Vulkan, [000001A4F4CFB100][000001A4F5C04580 49] Android_Vulkan_SM5, [000001A4F4D3C900][000001A4F5C08700 49] Android_PowerVR_G6xxx, [000001A4F4CF8A00][000001A4F5C0C880 49] Android_PowerVR_GT7xxx, [000001A4F4D3CD00][000001A4F5C10A00 49] Android_PowerVR_GE8xxx, [000001A4F4CFBC00][000001A4F5C14B80 49] Android_PowerVR_GM9xxx, [000001A4F4D3E300][000001A4F5C18D00 49] Android_PowerVR_GM9xxx_Vulkan, [000001A4F4CF9200][000001A4F5C1CE80 49] Android_TegraK1, [000001A4F4D3EA00][000001A4F5C21000 49] Android_Unknown_Vulkan, [000001A4F4CFB000][000001A4F5C25180 49] Lumin, [000001A4F4D3DC00][000001A4F5C29300 49] Lumin_Desktop, [000001A4F4CFAE00][000001A4F5BE5440 49] HoloLens, 
[2025.10.08-10.05.28:246][  0]LogMeshReduction: Using QuadricMeshReduction for automatic static mesh reduction
[2025.10.08-10.05.28:246][  0]LogMeshReduction: Using SimplygonMeshReduction for automatic skeletal mesh reduction
[2025.10.08-10.05.28:247][  0]LogMeshReduction: Using ProxyLODMeshReduction for automatic mesh merging
[2025.10.08-10.05.28:247][  0]LogMeshReduction: No distributed automatic mesh merging module available
[2025.10.08-10.05.28:247][  0]LogMeshMerging: No distributed automatic mesh merging module available
[2025.10.08-10.05.28:279][  0]LogNetVersion: MyProject2 1.0.0, NetCL: 17155196, EngineNetVer: 17, GameNetVer: 0 (Checksum: 1659861177)
[2025.10.08-10.05.29:072][  0]LogTexture: Default maximum texture size for cubemaps generated from long-lat sources has been changed from 512 to unlimited. In order to preserve old behaiour for '/Engine/MapTemplates/Sky/DaylightAmbientCubemap.DaylightAmbientCubemap', its maximum texture size has been explicitly set to 512.
[2025.10.08-10.05.29:192][  0]LogHMD: PokeAHoleMaterial loaded successfully
[2025.10.08-10.05.29:206][  0]LogUObjectArray: 17178 objects as part of root set at end of initial load.
[2025.10.08-10.05.29:206][  0]LogUObjectAllocator: 4302048 out of 0 bytes used by permanent object pool.
[2025.10.08-10.05.29:206][  0]LogUObjectArray: CloseDisregardForGC: 0/0 objects in disregard for GC pool
[2025.10.08-10.05.29:819][  0]LogNiagaraDebuggerClient: Niagara Debugger Client Initialized | Session: 3930D1BC456C50697B7C4E9946C393B9 | Instance: 2586A5AD46765E63660E3EB036A906CE (F11-11-8972).
[2025.10.08-10.05.29:896][  0]LogPython: Using Python 3.7.7
[2025.10.08-10.05.31:398][  0]LogTcpMessaging: Initializing TcpMessaging bridge
[2025.10.08-10.05.31:408][  0]LogUdpMessaging: Initializing bridge on interface 0.0.0.0:0 to multicast group 230.0.0.1:6666.
[2025.10.08-10.05.31:774][  0]SourceControl: Source control is disabled
[2025.10.08-10.05.31:774][  0]SourceControl: Source control is disabled
[2025.10.08-10.05.31:781][  0]SourceControl: Source control is disabled
[2025.10.08-10.05.31:788][  0]SourceControl: Source control is disabled
[2025.10.08-10.05.31:800][  0]SourceControl: Source control is disabled
[2025.10.08-10.05.31:823][  0]LogUProjectInfo: Found projects:
[2025.10.08-10.05.31:829][  0]LogVSAccessor: Display: Unable to create Visual Studio setup instance: 80040154
[2025.10.08-10.05.31:831][  0]LogVSAccessor: Display: Unable to create Visual Studio setup instance: 80040154
[2025.10.08-10.05.31:832][  0]LogVSAccessor: Display: Unable to create Visual Studio setup instance: 80040154
[2025.10.08-10.05.32:306][  0]LogOpenImageDenoise: OIDN starting up
[2025.10.08-10.05.32:406][  0]LogAndroidPermission: UAndroidPermissionCallbackProxy::GetInstance
[2025.10.08-10.05.32:447][  0]LogAudioCaptureCore: Display: No Audio Capture implementations found. Audio input will be silent.
[2025.10.08-10.05.32:447][  0]LogAudioCaptureCore: Display: No Audio Capture implementations found. Audio input will be silent.
[2025.10.08-10.05.32:747][  0]LogCollectionManager: Loaded 0 collections in 0.003598 seconds
[2025.10.08-10.05.32:805][  0]LogFileCache: Scanning file cache for directory 'C:/Users/Student/Desktop/unreal ER/TopDown Shooter/TopDownShooter01/Saved/Collections/' took 0.00s
[2025.10.08-10.05.32:805][  0]LogFileCache: Scanning file cache for directory 'C:/Users/Student/Desktop/unreal ER/TopDown Shooter/TopDownShooter01/Content/Developers/Student/Collections/' took 0.00s
[2025.10.08-10.05.32:805][  0]LogFileCache: Scanning file cache for directory 'C:/Users/Student/Desktop/unreal ER/TopDown Shooter/TopDownShooter01/Content/Collections/' took 0.00s
[2025.10.08-10.05.32:805][  0]LogOcInput: OculusInput pre-init called
[2025.10.08-10.05.33:221][  0]LogEngine: Initializing Engine...
[2025.10.08-10.05.33:427][  0]LogHMD: Failed to enumerate extensions. Please check that you have a valid OpenXR runtime installed.
[2025.10.08-10.05.33:428][  0]LogHMD: Failed to initialize OpenVR with code 110
[2025.10.08-10.05.33:428][  0]LogMagicLeap: Warning: VR disabled because ZI is not enabled.  To enable, in the editor, Edit -> Project Settings -> Plugins -> Magic Leap Plugin -> Enable Zero Iteration
[2025.10.08-10.05.33:431][  0]LogStats: UGameplayTagsManager::InitializeManager -  0.000 s
[2025.10.08-10.05.33:645][  0]LogInit: Initializing FReadOnlyCVARCache
[2025.10.08-10.05.33:666][  0]LogAIModule: Creating AISystem for world Untitled
[2025.10.08-10.05.33:681][  0]LogAudio: Display: Initializing Audio Device Manager...
[2025.10.08-10.05.33:689][  0]LogAudio: Display: Loading Default Audio Settings Objects...
[2025.10.08-10.05.33:690][  0]LogAudio: Display: No default SoundConcurrencyObject specified (or failed to load).
[2025.10.08-10.05.33:691][  0]LogAudio: Display: Audio Device Manager Initialized
[2025.10.08-10.05.33:691][  0]LogAudio: Display: Creating Audio Device:                 Id: 1, Scope: Shared, Realtime: True
[2025.10.08-10.05.33:691][  0]LogAudioMixer: Display: Audio Mixer Platform Settings:
[2025.10.08-10.05.33:692][  0]LogAudioMixer: Display: 	Sample Rate:						  48000
[2025.10.08-10.05.33:692][  0]LogAudioMixer: Display: 	Callback Buffer Frame Size Requested: 1024
[2025.10.08-10.05.33:692][  0]LogAudioMixer: Display: 	Callback Buffer Frame Size To Use:	  1024
[2025.10.08-10.05.33:692][  0]LogAudioMixer: Display: 	Number of buffers to queue:			  2
[2025.10.08-10.05.33:692][  0]LogAudioMixer: Display: 	Max Channels (voices):				  32
[2025.10.08-10.05.33:692][  0]LogAudioMixer: Display: 	Number of Async Source Workers:		  0
[2025.10.08-10.05.33:692][  0]LogAudio: Display: AudioDevice MaxSources: 32
[2025.10.08-10.05.33:693][  0]LogAudio: Display: Audio Spatialization Plugin: None (built-in).
[2025.10.08-10.05.33:693][  0]LogAudio: Display: Audio Reverb Plugin: None (built-in).
[2025.10.08-10.05.33:693][  0]LogAudio: Display: Audio Occlusion Plugin: None (built-in).
[2025.10.08-10.05.33:693][  0]LogAudioMixer: Display: Initializing audio mixer.
[2025.10.08-10.05.33:717][  0]LogAudioMixer: Display: 0: FrontLeft
[2025.10.08-10.05.33:717][  0]LogAudioMixer: Display: 1: FrontRight
[2025.10.08-10.05.33:752][  0]LogAudioMixer: Display: Using Audio Device Głośniki (4 — High Definition Audio Device)
[2025.10.08-10.05.33:757][  0]LogAudioMixer: Display: Initializing Sound Submixes...
[2025.10.08-10.05.33:761][  0]LogAudioMixer: Display: Creating Master Submix 'MasterSubmixDefault'
[2025.10.08-10.05.33:761][  0]LogAudioMixer: Display: Creating Master Submix 'MasterReverbSubmixDefault'
[2025.10.08-10.05.33:763][  0]LogAudioMixer: Display: Creating Master Submix 'MasterEQSubmixDefault'
[2025.10.08-10.05.33:763][  0]LogAudioMixer: FMixerPlatformXAudio2::StartAudioStream() called
[2025.10.08-10.05.33:763][  0]LogAudioMixer: Display: Output buffers initialized: Frames=1024, Channels=2, Samples=2048
[2025.10.08-10.05.33:765][  0]LogAudioMixer: Display: Starting AudioMixerPlatformInterface::RunInternal()
[2025.10.08-10.05.33:765][  0]LogAudioMixer: Display: FMixerPlatformXAudio2::SubmitBuffer() called for the first time
[2025.10.08-10.05.33:765][  0]LogInit: FAudioDevice initialized.
[2025.10.08-10.05.33:765][  0]LogAudio: Display: Audio Device (ID: 1) registered with world 'Untitled'.
[2025.10.08-10.05.33:765][  0]LogNetVersion: Set ProjectVersion to 1.0.0.0. Version Checksum will be recalculated on next use.
[2025.10.08-10.05.33:918][  0]LogDerivedDataCache: Saved boot cache 0.15s 96MB C:/Users/Student/AppData/Local/UnrealEngine/4.27/DerivedDataCache/Boot.ddc.
[2025.10.08-10.05.33:923][  0]LogInit: Texture streaming: Enabled
[2025.10.08-10.05.33:984][  0]LogAnalytics: Display: [UEEditor.Rocket.Release] APIServer = https://datarouter.ol.epicgames.com/. AppVersion = 4.27.2-18319896+++UE4+Release-4.27
[2025.10.08-10.05.33:997][  0]LogEngineSessionManager: EngineSessionManager initialized
[2025.10.08-10.05.33:997][  0]LogEditorSessionSummary: Verbose: Initializing EditorSessionSummaryWriter for editor session tracking
[2025.10.08-10.05.34:069][  0]LogEditorSessionSummary: EditorSessionSummaryWriter initialized
[2025.10.08-10.05.34:132][  0]LogInit: Transaction tracking system initialized
[2025.10.08-10.05.34:274][  0]BlueprintLog: New page: Editor Load
[2025.10.08-10.05.34:463][  0]LocalizationService: Localization service is disabled
[2025.10.08-10.05.34:517][  0]TimingProfiler: Initialize
[2025.10.08-10.05.34:517][  0]TimingProfiler: OnSessionChanged
[2025.10.08-10.05.34:517][  0]LoadingProfiler: Initialize
[2025.10.08-10.05.34:517][  0]LoadingProfiler: OnSessionChanged
[2025.10.08-10.05.34:517][  0]NetworkingProfiler: Initialize
[2025.10.08-10.05.34:517][  0]NetworkingProfiler: OnSessionChanged
[2025.10.08-10.05.34:517][  0]MemoryProfiler: Initialize
[2025.10.08-10.05.34:518][  0]MemoryProfiler: OnSessionChanged
[2025.10.08-10.05.34:636][  0]LogVSAccessor: Display: Unable to create Visual Studio setup instance: 80040154
[2025.10.08-10.05.34:638][  0]LogVSAccessor: Display: Unable to create Visual Studio setup instance: 80040154
[2025.10.08-10.05.34:640][  0]LogVSAccessor: Display: Unable to create Visual Studio setup instance: 80040154
[2025.10.08-10.05.34:844][  0]LogCook: Display: CookSettings for Memory: MemoryMaxUsedVirtual 0MiB, MemoryMaxUsedPhysical 16384MiB, MemoryMinFreeVirtual 0MiB, MemoryMinFreePhysical 1024MiB
[2025.10.08-10.05.34:844][  0]LogCook: Display: Mobile HDR setting 1
[2025.10.08-10.05.35:212][  0]LogFileCache: Scanning file cache for directory 'C:/Users/Student/Desktop/unreal ER/TopDown Shooter/TopDownShooter01/Content/' took 0.02s
[2025.10.08-10.05.35:478][  0]LogInit: Display: Engine is initialized. Leaving FEngineLoop::Init()
[2025.10.08-10.05.35:484][  0]SourceControl: Source control is disabled
[2025.10.08-10.05.35:484][  0]LogUnrealEdMisc: Loading editor; pre map load, took 12.409
[2025.10.08-10.05.35:484][  0]Cmd: MAP LOAD FILE="../../../../../../Users/Student/Desktop/unreal ER/TopDown Shooter/TopDownShooter01/Content/StarterContent/Maps/Minimal_Default.umap" TEMPLATE=0 SHOWPROGRESS=1 FEATURELEVEL=3
[2025.10.08-10.05.35:485][  0]LightingResults: New page: Lighting Build
[2025.10.08-10.05.35:488][  0]LogWorld: UWorld::CleanupWorld for Untitled, bSessionEnded=true, bCleanupResources=true
[2025.10.08-10.05.35:488][  0]LogSlate: InvalidateAllWidgets triggered.  All widgets were invalidated
[2025.10.08-10.05.35:488][  0]MapCheck: New page: Map Check
[2025.10.08-10.05.35:488][  0]LightingResults: New page: Lighting Build
[2025.10.08-10.05.35:495][  0]LogAudio: Display: Audio Device unregistered from world 'None'.
[2025.10.08-10.05.35:499][  0]LogUObjectHash: Compacting FUObjectHashTables data took   1.66ms
[2025.10.08-10.05.35:883][  0]LogStaticMesh: Building static mesh Floor_400x400...
[2025.10.08-10.05.35:890][  0]LogStaticMesh: Built static mesh [0.01s] /Game/StarterContent/Architecture/Floor_400x400.Floor_400x400
[2025.10.08-10.05.35:930][  0]LogTexture: Display: Building textures: DeprecatedTextureD6C57B644F03DADF4F2699848FAEA3C3 (BGRA8, 128X128)
[2025.10.08-10.05.35:938][  0]LogTexture: Display: Building textures: DeprecatedTexture8D91C9AE4C6B8D628CDA3C848426284A (BGRA8, 128X128)
[2025.10.08-10.05.35:962][  0]LogAudio: Display: Audio Device (ID: 1) registered with world 'Minimal_Default'.
[2025.10.08-10.05.35:963][  0]LogAIModule: Creating AISystem for world Minimal_Default
[2025.10.08-10.05.35:974][  0]LogEditorServer: Finished looking for orphan Actors (0.000 secs)
[2025.10.08-10.05.35:985][  0]LogUObjectHash: Compacting FUObjectHashTables data took   1.30ms
[2025.10.08-10.05.35:986][  0]Cmd: MAP CHECKDEP NOCLEARLOG
[2025.10.08-10.05.35:986][  0]MapCheck: Map check complete: 0 Error(s), 0 Warning(s), took 0,231ms to complete.
[2025.10.08-10.05.35:986][  0]LogFileHelpers: Loading map 'Minimal_Default' took 0.502
[2025.10.08-10.05.35:988][  0]LogUnrealEdMisc: Total Editor Startup Time, took 12.913
[2025.10.08-10.05.36:280][  0]LogSlate: Updating window title bar state: overlay mode, drag disabled, window buttons hidden, title bar hidden
[2025.10.08-10.05.36:292][  0]LogSlate: Updating window title bar state: overlay mode, drag disabled, window buttons hidden, title bar hidden
[2025.10.08-10.05.36:302][  0]LogSlate: Updating window title bar state: overlay mode, drag disabled, window buttons hidden, title bar hidden
[2025.10.08-10.05.36:311][  0]LogSlate: Updating window title bar state: overlay mode, drag disabled, window buttons hidden, title bar hidden
[2025.10.08-10.05.36:394][  0]LogNativeClassHierarchy: Verbose: Native class hierarchy populated in 0.0138 seconds. Added 3822 classes and 928 folders.
[2025.10.08-10.05.36:410][  0]LogNativeClassHierarchy: Verbose: Native class hierarchy updated for 'WidgetCarousel' in 0.0004 seconds. Added 0 classes and 0 folders.
[2025.10.08-10.05.36:436][  0]LogPakFile: PakFile PrimaryIndexSize=187
[2025.10.08-10.05.36:436][  0]LogPakFile: PakFile PathHashIndexSize=101
[2025.10.08-10.05.36:436][  0]LogPakFile: PakFile FullDirectoryIndexSize=148
[2025.10.08-10.05.36:437][  0]LogShaderLibrary: Display: ShaderCodeLibraryPakFileMountedCallback: PakFile 'C:/Program Files/Epic Games/UE_4.27/FeaturePacks/FP_FirstPerson.upack' (chunk index -1, root 'root:/') mounted
[2025.10.08-10.05.36:437][  0]LogShaderLibrary: Display: ShaderCodeLibraryPakFileMountedCallback: pending pak file info (ChunkID:-1 Root:root:/ File:C:/Program Files/Epic Games/UE_4.27/FeaturePacks/FP_FirstPerson.upack)
[2025.10.08-10.05.36:437][  0]LogPakFile: OnPakFileMounted2Time == 0.001783
[2025.10.08-10.05.36:459][  0]LogPakFile: PakFile PrimaryIndexSize=189
[2025.10.08-10.05.36:459][  0]LogPakFile: PakFile PathHashIndexSize=101
[2025.10.08-10.05.36:459][  0]LogPakFile: PakFile FullDirectoryIndexSize=152
[2025.10.08-10.05.36:459][  0]LogShaderLibrary: Display: ShaderCodeLibraryPakFileMountedCallback: PakFile 'C:/Program Files/Epic Games/UE_4.27/FeaturePacks/FP_FirstPersonBP.upack' (chunk index -1, root 'root:/') mounted
[2025.10.08-10.05.36:460][  0]LogShaderLibrary: Display: ShaderCodeLibraryPakFileMountedCallback: pending pak file info (ChunkID:-1 Root:root:/ File:C:/Program Files/Epic Games/UE_4.27/FeaturePacks/FP_FirstPersonBP.upack)
[2025.10.08-10.05.36:460][  0]LogPakFile: OnPakFileMounted2Time == 0.000747
[2025.10.08-10.05.36:474][  0]LogPakFile: PakFile PrimaryIndexSize=191
[2025.10.08-10.05.36:474][  0]LogPakFile: PakFile PathHashIndexSize=101
[2025.10.08-10.05.36:474][  0]LogPakFile: PakFile FullDirectoryIndexSize=160
[2025.10.08-10.05.36:474][  0]LogShaderLibrary: Display: ShaderCodeLibraryPakFileMountedCallback: PakFile 'C:/Program Files/Epic Games/UE_4.27/FeaturePacks/MobileStarterContent.upack' (chunk index -1, root 'root:/') mounted
[2025.10.08-10.05.36:474][  0]LogShaderLibrary: Display: ShaderCodeLibraryPakFileMountedCallback: pending pak file info (ChunkID:-1 Root:root:/ File:C:/Program Files/Epic Games/UE_4.27/FeaturePacks/MobileStarterContent.upack)
[2025.10.08-10.05.36:474][  0]LogPakFile: OnPakFileMounted2Time == 0.000069
[2025.10.08-10.05.36:487][  0]LogPakFile: PakFile PrimaryIndexSize=185
[2025.10.08-10.05.36:487][  0]LogPakFile: PakFile PathHashIndexSize=101
[2025.10.08-10.05.36:487][  0]LogPakFile: PakFile FullDirectoryIndexSize=148
[2025.10.08-10.05.36:487][  0]LogShaderLibrary: Display: ShaderCodeLibraryPakFileMountedCallback: PakFile 'C:/Program Files/Epic Games/UE_4.27/FeaturePacks/StarterContent.upack' (chunk index -1, root 'root:/') mounted
[2025.10.08-10.05.36:487][  0]LogShaderLibrary: Display: ShaderCodeLibraryPakFileMountedCallback: pending pak file info (ChunkID:-1 Root:root:/ File:C:/Program Files/Epic Games/UE_4.27/FeaturePacks/StarterContent.upack)
[2025.10.08-10.05.36:487][  0]LogPakFile: OnPakFileMounted2Time == 0.000074
[2025.10.08-10.05.36:500][  0]LogPakFile: PakFile PrimaryIndexSize=190
[2025.10.08-10.05.36:500][  0]LogPakFile: PakFile PathHashIndexSize=101
[2025.10.08-10.05.36:500][  0]LogPakFile: PakFile FullDirectoryIndexSize=154
[2025.10.08-10.05.36:500][  0]LogShaderLibrary: Display: ShaderCodeLibraryPakFileMountedCallback: PakFile 'C:/Program Files/Epic Games/UE_4.27/FeaturePacks/TP_2DSideScroller.upack' (chunk index -1, root 'root:/') mounted
[2025.10.08-10.05.36:500][  0]LogShaderLibrary: Display: ShaderCodeLibraryPakFileMountedCallback: pending pak file info (ChunkID:-1 Root:root:/ File:C:/Program Files/Epic Games/UE_4.27/FeaturePacks/TP_2DSideScroller.upack)
[2025.10.08-10.05.36:500][  0]LogPakFile: OnPakFileMounted2Time == 0.000061
[2025.10.08-10.05.36:512][  0]LogPakFile: PakFile PrimaryIndexSize=192
[2025.10.08-10.05.36:512][  0]LogPakFile: PakFile PathHashIndexSize=101
[2025.10.08-10.05.36:512][  0]LogPakFile: PakFile FullDirectoryIndexSize=158
[2025.10.08-10.05.36:512][  0]LogShaderLibrary: Display: ShaderCodeLibraryPakFileMountedCallback: PakFile 'C:/Program Files/Epic Games/UE_4.27/FeaturePacks/TP_2DSideScrollerBP.upack' (chunk index -1, root 'root:/') mounted
[2025.10.08-10.05.36:512][  0]LogShaderLibrary: Display: ShaderCodeLibraryPakFileMountedCallback: pending pak file info (ChunkID:-1 Root:root:/ File:C:/Program Files/Epic Games/UE_4.27/FeaturePacks/TP_2DSideScrollerBP.upack)
[2025.10.08-10.05.36:513][  0]LogPakFile: OnPakFileMounted2Time == 0.000068
[2025.10.08-10.05.36:525][  0]LogPakFile: PakFile PrimaryIndexSize=182
[2025.10.08-10.05.36:525][  0]LogPakFile: PakFile PathHashIndexSize=101
[2025.10.08-10.05.36:525][  0]LogPakFile: PakFile FullDirectoryIndexSize=138
[2025.10.08-10.05.36:525][  0]LogShaderLibrary: Display: ShaderCodeLibraryPakFileMountedCallback: PakFile 'C:/Program Files/Epic Games/UE_4.27/FeaturePacks/TP_Flying.upack' (chunk index -1, root 'root:/') mounted
[2025.10.08-10.05.36:525][  0]LogShaderLibrary: Display: ShaderCodeLibraryPakFileMountedCallback: pending pak file info (ChunkID:-1 Root:root:/ File:C:/Program Files/Epic Games/UE_4.27/FeaturePacks/TP_Flying.upack)
[2025.10.08-10.05.36:525][  0]LogPakFile: OnPakFileMounted2Time == 0.000058
[2025.10.08-10.05.36:538][  0]LogPakFile: PakFile PrimaryIndexSize=184
[2025.10.08-10.05.36:538][  0]LogPakFile: PakFile PathHashIndexSize=101
[2025.10.08-10.05.36:538][  0]LogPakFile: PakFile FullDirectoryIndexSize=142
[2025.10.08-10.05.36:538][  0]LogShaderLibrary: Display: ShaderCodeLibraryPakFileMountedCallback: PakFile 'C:/Program Files/Epic Games/UE_4.27/FeaturePacks/TP_FlyingBP.upack' (chunk index -1, root 'root:/') mounted
[2025.10.08-10.05.36:538][  0]LogShaderLibrary: Display: ShaderCodeLibraryPakFileMountedCallback: pending pak file info (ChunkID:-1 Root:root:/ File:C:/Program Files/Epic Games/UE_4.27/FeaturePacks/TP_FlyingBP.upack)
[2025.10.08-10.05.36:538][  0]LogPakFile: OnPakFileMounted2Time == 0.000059
[2025.10.08-10.05.36:552][  0]LogPakFile: PakFile PrimaryIndexSize=188
[2025.10.08-10.05.36:552][  0]LogPakFile: PakFile PathHashIndexSize=101
[2025.10.08-10.05.36:552][  0]LogPakFile: PakFile FullDirectoryIndexSize=150
[2025.10.08-10.05.36:552][  0]LogShaderLibrary: Display: ShaderCodeLibraryPakFileMountedCallback: PakFile 'C:/Program Files/Epic Games/UE_4.27/FeaturePacks/TP_HandheldARBP.upack' (chunk index -1, root 'root:/') mounted
[2025.10.08-10.05.36:553][  0]LogShaderLibrary: Display: ShaderCodeLibraryPakFileMountedCallback: pending pak file info (ChunkID:-1 Root:root:/ File:C:/Program Files/Epic Games/UE_4.27/FeaturePacks/TP_HandheldARBP.upack)
[2025.10.08-10.05.36:553][  0]LogPakFile: OnPakFileMounted2Time == 0.000077
[2025.10.08-10.05.36:568][  0]LogPakFile: PakFile PrimaryIndexSize=182
[2025.10.08-10.05.36:568][  0]LogPakFile: PakFile PathHashIndexSize=101
[2025.10.08-10.05.36:568][  0]LogPakFile: PakFile FullDirectoryIndexSize=138
[2025.10.08-10.05.36:568][  0]LogShaderLibrary: Display: ShaderCodeLibraryPakFileMountedCallback: PakFile 'C:/Program Files/Epic Games/UE_4.27/FeaturePacks/TP_Puzzle.upack' (chunk index -1, root 'root:/') mounted
[2025.10.08-10.05.36:568][  0]LogShaderLibrary: Display: ShaderCodeLibraryPakFileMountedCallback: pending pak file info (ChunkID:-1 Root:root:/ File:C:/Program Files/Epic Games/UE_4.27/FeaturePacks/TP_Puzzle.upack)
[2025.10.08-10.05.36:568][  0]LogPakFile: OnPakFileMounted2Time == 0.000059
[2025.10.08-10.05.36:580][  0]LogPakFile: PakFile PrimaryIndexSize=184
[2025.10.08-10.05.36:580][  0]LogPakFile: PakFile PathHashIndexSize=101
[2025.10.08-10.05.36:580][  0]LogPakFile: PakFile FullDirectoryIndexSize=142
[2025.10.08-10.05.36:580][  0]LogShaderLibrary: Display: ShaderCodeLibraryPakFileMountedCallback: PakFile 'C:/Program Files/Epic Games/UE_4.27/FeaturePacks/TP_PuzzleBP.upack' (chunk index -1, root 'root:/') mounted
[2025.10.08-10.05.36:580][  0]LogShaderLibrary: Display: ShaderCodeLibraryPakFileMountedCallback: pending pak file info (ChunkID:-1 Root:root:/ File:C:/Program Files/Epic Games/UE_4.27/FeaturePacks/TP_PuzzleBP.upack)
[2025.10.08-10.05.36:580][  0]LogPakFile: OnPakFileMounted2Time == 0.000065
[2025.10.08-10.05.36:593][  0]LogPakFile: PakFile PrimaryIndexSize=183
[2025.10.08-10.05.36:593][  0]LogPakFile: PakFile PathHashIndexSize=101
[2025.10.08-10.05.36:593][  0]LogPakFile: PakFile FullDirectoryIndexSize=140
[2025.10.08-10.05.36:593][  0]LogShaderLibrary: Display: ShaderCodeLibraryPakFileMountedCallback: PakFile 'C:/Program Files/Epic Games/UE_4.27/FeaturePacks/TP_Rolling.upack' (chunk index -1, root 'root:/') mounted
[2025.10.08-10.05.36:593][  0]LogShaderLibrary: Display: ShaderCodeLibraryPakFileMountedCallback: pending pak file info (ChunkID:-1 Root:root:/ File:C:/Program Files/Epic Games/UE_4.27/FeaturePacks/TP_Rolling.upack)
[2025.10.08-10.05.36:593][  0]LogPakFile: OnPakFileMounted2Time == 0.000066
[2025.10.08-10.05.36:606][  0]LogPakFile: PakFile PrimaryIndexSize=185
[2025.10.08-10.05.36:606][  0]LogPakFile: PakFile PathHashIndexSize=101
[2025.10.08-10.05.36:606][  0]LogPakFile: PakFile FullDirectoryIndexSize=144
[2025.10.08-10.05.36:606][  0]LogShaderLibrary: Display: ShaderCodeLibraryPakFileMountedCallback: PakFile 'C:/Program Files/Epic Games/UE_4.27/FeaturePacks/TP_RollingBP.upack' (chunk index -1, root 'root:/') mounted
[2025.10.08-10.05.36:606][  0]LogShaderLibrary: Display: ShaderCodeLibraryPakFileMountedCallback: pending pak file info (ChunkID:-1 Root:root:/ File:C:/Program Files/Epic Games/UE_4.27/FeaturePacks/TP_RollingBP.upack)
[2025.10.08-10.05.36:606][  0]LogPakFile: OnPakFileMounted2Time == 0.000069
[2025.10.08-10.05.36:618][  0]LogPakFile: PakFile PrimaryIndexSize=188
[2025.10.08-10.05.36:618][  0]LogPakFile: PakFile PathHashIndexSize=101
[2025.10.08-10.05.36:618][  0]LogPakFile: PakFile FullDirectoryIndexSize=150
[2025.10.08-10.05.36:618][  0]LogShaderLibrary: Display: ShaderCodeLibraryPakFileMountedCallback: PakFile 'C:/Program Files/Epic Games/UE_4.27/FeaturePacks/TP_SideScroller.upack' (chunk index -1, root 'root:/') mounted
[2025.10.08-10.05.36:618][  0]LogShaderLibrary: Display: ShaderCodeLibraryPakFileMountedCallback: pending pak file info (ChunkID:-1 Root:root:/ File:C:/Program Files/Epic Games/UE_4.27/FeaturePacks/TP_SideScroller.upack)
[2025.10.08-10.05.36:618][  0]LogPakFile: OnPakFileMounted2Time == 0.000061
[2025.10.08-10.05.36:630][  0]LogPakFile: PakFile PrimaryIndexSize=190
[2025.10.08-10.05.36:630][  0]LogPakFile: PakFile PathHashIndexSize=101
[2025.10.08-10.05.36:630][  0]LogPakFile: PakFile FullDirectoryIndexSize=154
[2025.10.08-10.05.36:630][  0]LogShaderLibrary: Display: ShaderCodeLibraryPakFileMountedCallback: PakFile 'C:/Program Files/Epic Games/UE_4.27/FeaturePacks/TP_SideScrollerBP.upack' (chunk index -1, root 'root:/') mounted
[2025.10.08-10.05.36:630][  0]LogShaderLibrary: Display: ShaderCodeLibraryPakFileMountedCallback: pending pak file info (ChunkID:-1 Root:root:/ File:C:/Program Files/Epic Games/UE_4.27/FeaturePacks/TP_SideScrollerBP.upack)
[2025.10.08-10.05.36:630][  0]LogPakFile: OnPakFileMounted2Time == 0.000059
[2025.10.08-10.05.36:643][  0]LogPakFile: PakFile PrimaryIndexSize=187
[2025.10.08-10.05.36:643][  0]LogPakFile: PakFile PathHashIndexSize=101
[2025.10.08-10.05.36:643][  0]LogPakFile: PakFile FullDirectoryIndexSize=148
[2025.10.08-10.05.36:643][  0]LogShaderLibrary: Display: ShaderCodeLibraryPakFileMountedCallback: PakFile 'C:/Program Files/Epic Games/UE_4.27/FeaturePacks/TP_ThirdPerson.upack' (chunk index -1, root 'root:/') mounted
[2025.10.08-10.05.36:643][  0]LogShaderLibrary: Display: ShaderCodeLibraryPakFileMountedCallback: pending pak file info (ChunkID:-1 Root:root:/ File:C:/Program Files/Epic Games/UE_4.27/FeaturePacks/TP_ThirdPerson.upack)
[2025.10.08-10.05.36:643][  0]LogPakFile: OnPakFileMounted2Time == 0.000060
[2025.10.08-10.05.36:656][  0]LogPakFile: PakFile PrimaryIndexSize=189
[2025.10.08-10.05.36:656][  0]LogPakFile: PakFile PathHashIndexSize=101
[2025.10.08-10.05.36:656][  0]LogPakFile: PakFile FullDirectoryIndexSize=152
[2025.10.08-10.05.36:656][  0]LogShaderLibrary: Display: ShaderCodeLibraryPakFileMountedCallback: PakFile 'C:/Program Files/Epic Games/UE_4.27/FeaturePacks/TP_ThirdPersonBP.upack' (chunk index -1, root 'root:/') mounted
[2025.10.08-10.05.36:656][  0]LogShaderLibrary: Display: ShaderCodeLibraryPakFileMountedCallback: pending pak file info (ChunkID:-1 Root:root:/ File:C:/Program Files/Epic Games/UE_4.27/FeaturePacks/TP_ThirdPersonBP.upack)
[2025.10.08-10.05.36:656][  0]LogPakFile: OnPakFileMounted2Time == 0.000068
[2025.10.08-10.05.36:668][  0]LogPakFile: PakFile PrimaryIndexSize=183
[2025.10.08-10.05.36:668][  0]LogPakFile: PakFile PathHashIndexSize=101
[2025.10.08-10.05.36:669][  0]LogPakFile: PakFile FullDirectoryIndexSize=140
[2025.10.08-10.05.36:669][  0]LogShaderLibrary: Display: ShaderCodeLibraryPakFileMountedCallback: PakFile 'C:/Program Files/Epic Games/UE_4.27/FeaturePacks/TP_TopDown.upack' (chunk index -1, root 'root:/') mounted
[2025.10.08-10.05.36:669][  0]LogShaderLibrary: Display: ShaderCodeLibraryPakFileMountedCallback: pending pak file info (ChunkID:-1 Root:root:/ File:C:/Program Files/Epic Games/UE_4.27/FeaturePacks/TP_TopDown.upack)
[2025.10.08-10.05.36:669][  0]LogPakFile: OnPakFileMounted2Time == 0.000080
[2025.10.08-10.05.36:680][  0]LogPakFile: PakFile PrimaryIndexSize=185
[2025.10.08-10.05.36:680][  0]LogPakFile: PakFile PathHashIndexSize=101
[2025.10.08-10.05.36:680][  0]LogPakFile: PakFile FullDirectoryIndexSize=144
[2025.10.08-10.05.36:680][  0]LogShaderLibrary: Display: ShaderCodeLibraryPakFileMountedCallback: PakFile 'C:/Program Files/Epic Games/UE_4.27/FeaturePacks/TP_TopDownBP.upack' (chunk index -1, root 'root:/') mounted
[2025.10.08-10.05.36:681][  0]LogShaderLibrary: Display: ShaderCodeLibraryPakFileMountedCallback: pending pak file info (ChunkID:-1 Root:root:/ File:C:/Program Files/Epic Games/UE_4.27/FeaturePacks/TP_TopDownBP.upack)
[2025.10.08-10.05.36:681][  0]LogPakFile: OnPakFileMounted2Time == 0.000085
[2025.10.08-10.05.36:697][  0]LogPakFile: PakFile PrimaryIndexSize=185
[2025.10.08-10.05.36:697][  0]LogPakFile: PakFile PathHashIndexSize=101
[2025.10.08-10.05.36:697][  0]LogPakFile: PakFile FullDirectoryIndexSize=144
[2025.10.08-10.05.36:697][  0]LogShaderLibrary: Display: ShaderCodeLibraryPakFileMountedCallback: PakFile 'C:/Program Files/Epic Games/UE_4.27/FeaturePacks/TP_TwinStick.upack' (chunk index -1, root 'root:/') mounted
[2025.10.08-10.05.36:697][  0]LogShaderLibrary: Display: ShaderCodeLibraryPakFileMountedCallback: pending pak file info (ChunkID:-1 Root:root:/ File:C:/Program Files/Epic Games/UE_4.27/FeaturePacks/TP_TwinStick.upack)
[2025.10.08-10.05.36:697][  0]LogPakFile: OnPakFileMounted2Time == 0.000066
[2025.10.08-10.05.36:709][  0]LogPakFile: PakFile PrimaryIndexSize=187
[2025.10.08-10.05.36:709][  0]LogPakFile: PakFile PathHashIndexSize=101
[2025.10.08-10.05.36:710][  0]LogPakFile: PakFile FullDirectoryIndexSize=148
[2025.10.08-10.05.36:710][  0]LogShaderLibrary: Display: ShaderCodeLibraryPakFileMountedCallback: PakFile 'C:/Program Files/Epic Games/UE_4.27/FeaturePacks/TP_TwinStickBP.upack' (chunk index -1, root 'root:/') mounted
[2025.10.08-10.05.36:710][  0]LogShaderLibrary: Display: ShaderCodeLibraryPakFileMountedCallback: pending pak file info (ChunkID:-1 Root:root:/ File:C:/Program Files/Epic Games/UE_4.27/FeaturePacks/TP_TwinStickBP.upack)
[2025.10.08-10.05.36:710][  0]LogPakFile: OnPakFileMounted2Time == 0.000083
[2025.10.08-10.05.36:722][  0]LogPakFile: PakFile PrimaryIndexSize=183
[2025.10.08-10.05.36:722][  0]LogPakFile: PakFile PathHashIndexSize=101
[2025.10.08-10.05.36:722][  0]LogPakFile: PakFile FullDirectoryIndexSize=140
[2025.10.08-10.05.36:722][  0]LogShaderLibrary: Display: ShaderCodeLibraryPakFileMountedCallback: PakFile 'C:/Program Files/Epic Games/UE_4.27/FeaturePacks/TP_Vehicle.upack' (chunk index -1, root 'root:/') mounted
[2025.10.08-10.05.36:722][  0]LogShaderLibrary: Display: ShaderCodeLibraryPakFileMountedCallback: pending pak file info (ChunkID:-1 Root:root:/ File:C:/Program Files/Epic Games/UE_4.27/FeaturePacks/TP_Vehicle.upack)
[2025.10.08-10.05.36:722][  0]LogPakFile: OnPakFileMounted2Time == 0.000059
[2025.10.08-10.05.36:735][  0]LogPakFile: PakFile PrimaryIndexSize=186
[2025.10.08-10.05.36:735][  0]LogPakFile: PakFile PathHashIndexSize=101
[2025.10.08-10.05.36:735][  0]LogPakFile: PakFile FullDirectoryIndexSize=146
[2025.10.08-10.05.36:735][  0]LogShaderLibrary: Display: ShaderCodeLibraryPakFileMountedCallback: PakFile 'C:/Program Files/Epic Games/UE_4.27/FeaturePacks/TP_VehicleAdv.upack' (chunk index -1, root 'root:/') mounted
[2025.10.08-10.05.36:735][  0]LogShaderLibrary: Display: ShaderCodeLibraryPakFileMountedCallback: pending pak file info (ChunkID:-1 Root:root:/ File:C:/Program Files/Epic Games/UE_4.27/FeaturePacks/TP_VehicleAdv.upack)
[2025.10.08-10.05.36:735][  0]LogPakFile: OnPakFileMounted2Time == 0.000064
[2025.10.08-10.05.36:747][  0]LogPakFile: PakFile PrimaryIndexSize=188
[2025.10.08-10.05.36:747][  0]LogPakFile: PakFile PathHashIndexSize=101
[2025.10.08-10.05.36:747][  0]LogPakFile: PakFile FullDirectoryIndexSize=150
[2025.10.08-10.05.36:747][  0]LogShaderLibrary: Display: ShaderCodeLibraryPakFileMountedCallback: PakFile 'C:/Program Files/Epic Games/UE_4.27/FeaturePacks/TP_VehicleAdvBP.upack' (chunk index -1, root 'root:/') mounted
[2025.10.08-10.05.36:747][  0]LogShaderLibrary: Display: ShaderCodeLibraryPakFileMountedCallback: pending pak file info (ChunkID:-1 Root:root:/ File:C:/Program Files/Epic Games/UE_4.27/FeaturePacks/TP_VehicleAdvBP.upack)
[2025.10.08-10.05.36:747][  0]LogPakFile: OnPakFileMounted2Time == 0.000057
[2025.10.08-10.05.36:761][  0]LogPakFile: PakFile PrimaryIndexSize=185
[2025.10.08-10.05.36:761][  0]LogPakFile: PakFile PathHashIndexSize=101
[2025.10.08-10.05.36:761][  0]LogPakFile: PakFile FullDirectoryIndexSize=144
[2025.10.08-10.05.36:761][  0]LogShaderLibrary: Display: ShaderCodeLibraryPakFileMountedCallback: PakFile 'C:/Program Files/Epic Games/UE_4.27/FeaturePacks/TP_VehicleBP.upack' (chunk index -1, root 'root:/') mounted
[2025.10.08-10.05.36:762][  0]LogShaderLibrary: Display: ShaderCodeLibraryPakFileMountedCallback: pending pak file info (ChunkID:-1 Root:root:/ File:C:/Program Files/Epic Games/UE_4.27/FeaturePacks/TP_VehicleBP.upack)
[2025.10.08-10.05.36:762][  0]LogPakFile: OnPakFileMounted2Time == 0.000071
[2025.10.08-10.05.36:775][  0]LogPakFile: PakFile PrimaryIndexSize=192
[2025.10.08-10.05.36:775][  0]LogPakFile: PakFile PathHashIndexSize=101
[2025.10.08-10.05.36:775][  0]LogPakFile: PakFile FullDirectoryIndexSize=158
[2025.10.08-10.05.36:775][  0]LogShaderLibrary: Display: ShaderCodeLibraryPakFileMountedCallback: PakFile 'C:/Program Files/Epic Games/UE_4.27/FeaturePacks/TP_VirtualRealityBP.upack' (chunk index -1, root 'root:/') mounted
[2025.10.08-10.05.36:775][  0]LogShaderLibrary: Display: ShaderCodeLibraryPakFileMountedCallback: pending pak file info (ChunkID:-1 Root:root:/ File:C:/Program Files/Epic Games/UE_4.27/FeaturePacks/TP_VirtualRealityBP.upack)
[2025.10.08-10.05.36:775][  0]LogPakFile: OnPakFileMounted2Time == 0.000076
[2025.10.08-10.05.37:328][  0]LogNativeClassHierarchy: Verbose: Native class hierarchy updated for 'AddContentDialog' in 0.0004 seconds. Added 0 classes and 0 folders.
[2025.10.08-10.05.37:340][  0]LogNativeClassHierarchy: Verbose: Native class hierarchy updated for 'SceneOutliner' in 0.0003 seconds. Added 2 classes and 0 folders.
[2025.10.08-10.05.37:497][  0]LogNativeClassHierarchy: Verbose: Native class hierarchy updated for 'HierarchicalLODOutliner' in 0.0004 seconds. Added 0 classes and 0 folders.
[2025.10.08-10.05.37:497][  0]LogLoad: (Engine Initialization) Total time: 14.42 seconds
[2025.10.08-10.05.37:497][  0]LogLoad: (Engine Initialization) Total Blueprint compile time: 0.00 seconds
[2025.10.08-10.05.37:563][  0]LogAssetRegistry: Asset discovery search completed in 10.1633 seconds
[2025.10.08-10.05.37:571][  0]LogCollectionManager: Fixed up redirectors for 0 collections in 0.000003 seconds (updated 0 objects)
[2025.10.08-10.05.37:577][  0]LogContentStreaming: Texture pool size now 1000 MB
[2025.10.08-10.05.37:589][  0]LogSlate: Took 0.000231 seconds to synchronously load lazily loaded font '../../../Engine/Content/Slate/Fonts/Roboto-Regular.ttf' (155K)
[2025.10.08-10.05.37:602][  0]LogSlate: Took 0.010959 seconds to synchronously load lazily loaded font '../../../Engine/Content/Editor/Slate/Fonts/FontAwesome.ttf' (139K)
[2025.10.08-10.05.37:604][  0]LogSlate: Took 0.000194 seconds to synchronously load lazily loaded font '../../../Engine/Content/Slate/Fonts/Roboto-Bold.ttf' (160K)
[2025.10.08-10.05.37:880][  0]LogRenderer: Reallocating scene render targets to support 804x360 Format 10 NumSamples 1 (Frame:1).
[2025.10.08-10.05.42:440][288]LogSlate: Took 0.010693 seconds to synchronously load lazily loaded font '../../../Engine/Content/Slate/Fonts/Roboto-Italic.ttf' (157K)
[2025.10.08-10.05.43:563][327]LogRenderer: Reallocating scene render targets to support 1616x808 Format 10 NumSamples 1 (Frame:322).
[2025.10.08-10.05.45:307][455]LogUObjectHash: Compacting FUObjectHashTables data took   0.96ms
[2025.10.08-10.05.45:334][455]LogSlate: Took 0.010864 seconds to synchronously load lazily loaded font '../../../Engine/Content/Slate/Fonts/Roboto-Light.ttf' (167K)
[2025.10.08-10.05.45:491][455]LogBlueprint: Warning: [AssetLog] C:\Users\Student\Desktop\unreal ER\TopDown Shooter\TopDownShooter01\Content\Blueprint\BP\BP_Soldier.uasset: [Compiler] Input Axis Event references unknown Axis 'MoveLeftRight' for  InputAxis MoveLeftRight
[2025.10.08-10.05.45:491][455]LogBlueprint: Warning: [AssetLog] C:\Users\Student\Desktop\unreal ER\TopDown Shooter\TopDownShooter01\Content\Blueprint\BP\BP_Soldier.uasset: [Compiler] Input Axis Event references unknown Axis 'MoveForwardBack' for  InputAxis MoveForwardBack
[2025.10.08-10.05.48:109][455]LogTexture: Display: Building textures: T_SquareMaskTightEdge (OODLE_AutoDXT, 512X512)
[2025.10.08-10.05.48:109][455]LogTexture: Display: Building textures: DeprecatedTextureEB9CBE3C423008B5E8E130901E171C89 (BGRA8, 128X128)
[2025.10.08-10.05.48:109][455]LogTexture: Display: Building textures: Chr_FPS_Fabric_N_01 (OODLE_BC5, 512X512)
[2025.10.08-10.05.48:109][455]LogTexture: Display: Building textures: T_TileNoise (OODLE_AutoDXT, 2048X2048)
[2025.10.08-10.05.48:109][455]LogTexture: Display: Building textures: Chr_FPS_D (OODLE_AutoDXT, 2048X2048)
[2025.10.08-10.05.48:109][455]LogTexture: Display: Building textures: Chr_FPS_Metal_01 (OODLE_BC5, 2048X2048)
[2025.10.08-10.05.48:109][455]LogTexture: Display: Building textures: Chr_FPS_M_03tga (OODLE_AutoDXT, 2048X2048)
[2025.10.08-10.05.48:110][455]LogTexture: Display: Building textures: Chr_FPS_N (OODLE_BC5, 2048X2048)
[2025.10.08-10.05.48:110][455]LogTexture: Display: Building textures: T_Sctraches_01 (OODLE_AutoDXT, 2048X2048)
[2025.10.08-10.05.48:110][455]LogTextureFormatOodle: Display: non-RDO encode 2048 x 2048 x 1 to format OODLE_BC5 (Oodle OodleTex_BC5U) lambda=0 effort=20 
[2025.10.08-10.05.48:110][455]LogTextureFormatOodle: Display: non-RDO encode 2048 x 2048 x 1 to format OODLE_AutoDXT (Oodle OodleTex_BC1_WithTransparency) lambda=0 effort=20 
[2025.10.08-10.05.48:110][455]LogTextureFormatOodle: Display: non-RDO encode 2048 x 2048 x 1 to format OODLE_BC5 (Oodle OodleTex_BC5U) lambda=0 effort=20 
[2025.10.08-10.05.48:110][455]LogTextureFormatOodle: Display: non-RDO encode 2048 x 2048 x 1 to format OODLE_AutoDXT (Oodle OodleTex_BC3) lambda=0 effort=20 
[2025.10.08-10.05.48:110][455]LogTextureFormatOodle: Display: non-RDO encode 1024 x 1024 x 1 to format OODLE_AutoDXT (Oodle OodleTex_BC1_WithTransparency) lambda=0 effort=20 
[2025.10.08-10.05.48:110][455]LogTextureFormatOodle: Display: non-RDO encode 1024 x 1024 x 1 to format OODLE_BC5 (Oodle OodleTex_BC5U) lambda=0 effort=20 
[2025.10.08-10.05.48:110][455]LogTextureFormatOodle: Display: non-RDO encode 2048 x 2048 x 1 to format OODLE_AutoDXT (Oodle OodleTex_BC1_WithTransparency) lambda=0 effort=20 
[2025.10.08-10.05.48:110][455]LogTextureFormatOodle: Display: non-RDO encode 2048 x 2048 x 1 to format OODLE_AutoDXT (Oodle OodleTex_BC1_WithTransparency) lambda=0 effort=20 
[2025.10.08-10.05.48:110][455]LogTexture: Display: Building textures: Chr_FPS_M (BGRA8, 2048X2048)
[2025.10.08-10.05.48:110][455]LogTexture: Display: Building textures: Chr_FPS_02_M (OODLE_AutoDXT, 2048X2048)
[2025.10.08-10.05.48:110][455]LogTextureFormatOodle: Display: non-RDO encode 1024 x 1024 x 1 to format OODLE_AutoDXT (Oodle OodleTex_BC3) lambda=0 effort=20 
[2025.10.08-10.05.48:110][455]LogTextureFormatOodle: Display: non-RDO encode 1024 x 1024 x 1 to format OODLE_AutoDXT (Oodle OodleTex_BC1_WithTransparency) lambda=0 effort=20 
[2025.10.08-10.05.48:110][455]LogTextureFormatOodle: Display: non-RDO encode 1024 x 1024 x 1 to format OODLE_AutoDXT (Oodle OodleTex_BC1_WithTransparency) lambda=0 effort=20 
[2025.10.08-10.05.48:110][455]LogTextureFormatOodle: Display: non-RDO encode 2048 x 2048 x 1 to format OODLE_AutoDXT (Oodle OodleTex_BC3) lambda=0 effort=20 
[2025.10.08-10.05.48:110][455]LogTexture: Display: Building textures: T_Vista_Grass_N (OODLE_BC5, 1024X1024)
[2025.10.08-10.05.48:110][455]LogTextureFormatOodle: Display: non-RDO encode 1024 x 1024 x 1 to format OODLE_AutoDXT (Oodle OodleTex_BC3) lambda=0 effort=20 
[2025.10.08-10.05.48:110][455]LogTextureFormatOodle: Display: non-RDO encode 1024 x 1024 x 1 to format OODLE_BC5 (Oodle OodleTex_BC5U) lambda=0 effort=20 
[2025.10.08-10.05.48:110][455]LogTexture: Display: Building textures: holo_layer_1_5 (OODLE_AutoDXT, 256X256)
[2025.10.08-10.05.48:110][455]LogAudioDerivedData: Display: Building compressed audio format OGG hash OGG10000-1-1-1-1-1 wave AssaultRifle_ShotEnd06_Stereo...
[2025.10.08-10.05.48:111][455]LogAudioDerivedData: Display: Compression Quality for SoundWave /Game/Sounds/Weapon_AssaultRifle/Stereo/AssaultRifle_ShotEnd06_Stereo.AssaultRifle_ShotEnd06_Stereo will be modified from 80 to 80.
[2025.10.08-10.05.48:189][455]LogTexture: Display: Building textures: SightLens_maskA (OODLE_AutoDXT, 2048X2048)
[2025.10.08-10.05.48:189][455]LogTexture: Display: Building textures: SightLens_maskB (OODLE_AutoDXT, 2048X2048)
[2025.10.08-10.05.48:189][455]LogAudioDerivedData: Display: Updated SoundWave->RawPCMDataSize from 0 to 315384 while cooking SoundWave /Game/Sounds/Weapon_AssaultRifle/Stereo/AssaultRifle_ShotEnd06_Stereo.AssaultRifle_ShotEnd06_Stereo.
[2025.10.08-10.05.48:191][455]LogAudioDerivedData: Display: Building compressed audio format OGG hash OGG10000-1-1-1-1-1 wave AssaultRifle_ShotEnd05_Stereo...
[2025.10.08-10.05.48:192][455]LogAudioDerivedData: Display: Compression Quality for SoundWave /Game/Sounds/Weapon_AssaultRifle/Stereo/AssaultRifle_ShotEnd05_Stereo.AssaultRifle_ShotEnd05_Stereo will be modified from 80 to 80.
[2025.10.08-10.05.48:258][455]LogAudioDerivedData: Display: Updated SoundWave->RawPCMDataSize from 0 to 328084 while cooking SoundWave /Game/Sounds/Weapon_AssaultRifle/Stereo/AssaultRifle_ShotEnd05_Stereo.AssaultRifle_ShotEnd05_Stereo.
[2025.10.08-10.05.48:258][455]LogAudioDerivedData: Display: Building compressed audio format OGG hash OGG10000-1-1-1-1-1 wave AssaultRifle_ShotEnd04_Stereo...
[2025.10.08-10.05.48:259][455]LogAudioDerivedData: Display: Compression Quality for SoundWave /Game/Sounds/Weapon_AssaultRifle/Stereo/AssaultRifle_ShotEnd04_Stereo.AssaultRifle_ShotEnd04_Stereo will be modified from 80 to 80.
[2025.10.08-10.05.48:304][455]LogAudioDerivedData: Display: Updated SoundWave->RawPCMDataSize from 0 to 272260 while cooking SoundWave /Game/Sounds/Weapon_AssaultRifle/Stereo/AssaultRifle_ShotEnd04_Stereo.AssaultRifle_ShotEnd04_Stereo.
[2025.10.08-10.05.48:305][455]LogAudioDerivedData: Display: Building compressed audio format OGG hash OGG10000-1-1-1-1-1 wave AssaultRifle_ShotEnd03_Stereo...
[2025.10.08-10.05.48:305][455]LogAudioDerivedData: Display: Compression Quality for SoundWave /Game/Sounds/Weapon_AssaultRifle/Stereo/AssaultRifle_ShotEnd03_Stereo.AssaultRifle_ShotEnd03_Stereo will be modified from 80 to 80.
[2025.10.08-10.05.48:363][455]LogAudioDerivedData: Display: Updated SoundWave->RawPCMDataSize from 0 to 304952 while cooking SoundWave /Game/Sounds/Weapon_AssaultRifle/Stereo/AssaultRifle_ShotEnd03_Stereo.AssaultRifle_ShotEnd03_Stereo.
[2025.10.08-10.05.48:363][455]LogAudioDerivedData: Display: Building compressed audio format OGG hash OGG10000-1-1-1-1-1 wave AssaultRifle_ShotEnd02_Stereo...
[2025.10.08-10.05.48:364][455]LogAudioDerivedData: Display: Compression Quality for SoundWave /Game/Sounds/Weapon_AssaultRifle/Stereo/AssaultRifle_ShotEnd02_Stereo.AssaultRifle_ShotEnd02_Stereo will be modified from 80 to 80.
[2025.10.08-10.05.48:416][455]LogTextureFormatOodle: Display: non-RDO encode 2048 x 2048 x 1 to format OODLE_AutoDXT (Oodle OodleTex_BC1_WithTransparency) lambda=0 effort=20 
[2025.10.08-10.05.48:416][455]LogTextureFormatOodle: Display: non-RDO encode 2048 x 2048 x 1 to format OODLE_AutoDXT (Oodle OodleTex_BC1_WithTransparency) lambda=0 effort=20 
[2025.10.08-10.05.48:416][455]LogAudioDerivedData: Display: Updated SoundWave->RawPCMDataSize from 0 to 316788 while cooking SoundWave /Game/Sounds/Weapon_AssaultRifle/Stereo/AssaultRifle_ShotEnd02_Stereo.AssaultRifle_ShotEnd02_Stereo.
[2025.10.08-10.05.48:426][455]LogStaticMesh: Building static mesh SM_MuzzleCone...
[2025.10.08-10.05.48:450][455]LogTexture: Display: Building textures: MagGun_Display_EM (OODLE_AutoDXT, 2048X2048)
[2025.10.08-10.05.48:450][455]LogStaticMesh: Built static mesh [0.02s] /Game/Effects/Misc/Meshes/Weapon/SM_MuzzleCone.SM_MuzzleCone
[2025.10.08-10.05.48:452][455]LogAudioDerivedData: Display: Building compressed audio format OGG hash OGG10000-1-1-1-1-1 wave AssaultRifle_ShotLoop03_Stereo...
[2025.10.08-10.05.48:452][455]LogAudioDerivedData: Display: Compression Quality for SoundWave /Game/Sounds/Weapon_AssaultRifle/Stereo/AssaultRifle_ShotLoop03_Stereo.AssaultRifle_ShotLoop03_Stereo will be modified from 80 to 80.
[2025.10.08-10.05.48:514][455]LogAudioDerivedData: Display: Updated SoundWave->RawPCMDataSize from 0 to 317288 while cooking SoundWave /Game/Sounds/Weapon_AssaultRifle/Stereo/AssaultRifle_ShotLoop03_Stereo.AssaultRifle_ShotLoop03_Stereo.
[2025.10.08-10.05.48:515][455]LogAudioDerivedData: Display: Building compressed audio format OGG hash OGG10000-1-1-1-1-1 wave AssaultRifle_ShotLoop02_Stereo...
[2025.10.08-10.05.48:515][455]LogAudioDerivedData: Display: Compression Quality for SoundWave /Game/Sounds/Weapon_AssaultRifle/Stereo/AssaultRifle_ShotLoop02_Stereo.AssaultRifle_ShotLoop02_Stereo will be modified from 80 to 80.
[2025.10.08-10.05.48:580][455]LogAudioDerivedData: Display: Updated SoundWave->RawPCMDataSize from 0 to 301920 while cooking SoundWave /Game/Sounds/Weapon_AssaultRifle/Stereo/AssaultRifle_ShotLoop02_Stereo.AssaultRifle_ShotLoop02_Stereo.
[2025.10.08-10.05.48:581][455]LogAudioDerivedData: Display: Building compressed audio format OGG hash OGG10000-1-1-1-1-1 wave AssaultRifle_ShotLoop01_Stereo...
[2025.10.08-10.05.48:581][455]LogAudioDerivedData: Display: Compression Quality for SoundWave /Game/Sounds/Weapon_AssaultRifle/Stereo/AssaultRifle_ShotLoop01_Stereo.AssaultRifle_ShotLoop01_Stereo will be modified from 80 to 80.
[2025.10.08-10.05.48:665][455]LogTextureFormatOodle: Display: non-RDO encode 1024 x 1024 x 1 to format OODLE_AutoDXT (Oodle OodleTex_BC1_WithTransparency) lambda=0 effort=20 
[2025.10.08-10.05.48:665][455]LogTextureFormatOodle: Display: non-RDO encode 2048 x 2048 x 1 to format OODLE_AutoDXT (Oodle OodleTex_BC3) lambda=0 effort=20 
[2025.10.08-10.05.48:665][455]LogTextureFormatOodle: Display: non-RDO encode 1024 x 1024 x 1 to format OODLE_AutoDXT (Oodle OodleTex_BC1_WithTransparency) lambda=0 effort=20 
[2025.10.08-10.05.48:665][455]LogAudioDerivedData: Display: Updated SoundWave->RawPCMDataSize from 0 to 317292 while cooking SoundWave /Game/Sounds/Weapon_AssaultRifle/Stereo/AssaultRifle_ShotLoop01_Stereo.AssaultRifle_ShotLoop01_Stereo.
[2025.10.08-10.05.48:667][455]LogAudioDerivedData: Display: Building compressed audio format OGG hash OGG10000-1-1-1-1-1 wave AssaultRifle_ShotEnd01_Stereo...
[2025.10.08-10.05.48:667][455]LogAudioDerivedData: Display: Compression Quality for SoundWave /Game/Sounds/Weapon_AssaultRifle/Stereo/AssaultRifle_ShotEnd01_Stereo.AssaultRifle_ShotEnd01_Stereo will be modified from 80 to 80.
[2025.10.08-10.05.48:710][455]LogAudioDerivedData: Display: Updated SoundWave->RawPCMDataSize from 0 to 256020 while cooking SoundWave /Game/Sounds/Weapon_AssaultRifle/Stereo/AssaultRifle_ShotEnd01_Stereo.AssaultRifle_ShotEnd01_Stereo.
[2025.10.08-10.05.49:020][455]LogTextureFormatOodle: Display: non-RDO encode 1024 x 1024 x 1 to format OODLE_AutoDXT (Oodle OodleTex_BC3) lambda=0 effort=20 
[2025.10.08-10.05.49:021][455]LogTexture: Display: Building textures: Chr_FPS_Metal_02 (OODLE_AutoDXT, 2048X2048)
[2025.10.08-10.05.49:187][455]LogTexture: Display: Building textures: MagGun_Decals (OODLE_AutoDXT, 512X512)
[2025.10.08-10.05.49:187][455]LogTextureFormatOodle: Display: non-RDO encode 2048 x 2048 x 1 to format OODLE_AutoDXT (Oodle OodleTex_BC3) lambda=0 effort=20 
[2025.10.08-10.05.52:961][455]LogTexture: Display: Building textures: MagGunT2_section (OODLE_AutoDXT, 4096X4096)
[2025.10.08-10.05.52:961][455]LogTexture: Display: Building textures: MagGun_02_N (OODLE_BC5, 4096X4096)
[2025.10.08-10.05.52:961][455]LogTexture: Display: Building textures: MagGunT2_shade (OODLE_AutoDXT, 4096X4096)
[2025.10.08-10.05.52:961][455]LogTexture: Display: Building textures: MagGunT1_section (OODLE_AutoDXT, 4096X4096)
[2025.10.08-10.05.52:961][455]LogTexture: Display: Building textures: MagGun_01_N (OODLE_BC5, 4096X4096)
[2025.10.08-10.05.52:961][455]LogTexture: Display: Building textures: MagGunT1_shade (OODLE_AutoDXT, 4096X4096)
[2025.10.08-10.05.52:961][455]LogTextureFormatOodle: Display: non-RDO encode 4096 x 4096 x 1 to format OODLE_BC5 (Oodle OodleTex_BC5U) lambda=0 effort=20 
[2025.10.08-10.05.52:961][455]LogTextureFormatOodle: Display: non-RDO encode 4096 x 4096 x 1 to format OODLE_BC5 (Oodle OodleTex_BC5U) lambda=0 effort=20 
[2025.10.08-10.05.52:961][455]LogTextureFormatOodle: Display: non-RDO encode 4096 x 4096 x 1 to format OODLE_AutoDXT (Oodle OodleTex_BC3) lambda=0 effort=20 
[2025.10.08-10.05.52:961][455]LogTextureFormatOodle: Display: non-RDO encode 4096 x 4096 x 1 to format OODLE_AutoDXT (Oodle OodleTex_BC3) lambda=0 effort=20 
[2025.10.08-10.05.52:961][455]LogTextureFormatOodle: Display: non-RDO encode 4096 x 4096 x 1 to format OODLE_AutoDXT (Oodle OodleTex_BC3) lambda=0 effort=20 
[2025.10.08-10.05.52:961][455]LogTextureFormatOodle: Display: non-RDO encode 1024 x 1024 x 1 to format OODLE_AutoDXT (Oodle OodleTex_BC3) lambda=0 effort=20 
[2025.10.08-10.05.54:996][455]LogTextureFormatOodle: Display: non-RDO encode 2048 x 2048 x 1 to format OODLE_BC5 (Oodle OodleTex_BC5U) lambda=0 effort=20 
[2025.10.08-10.05.54:996][455]LogTextureFormatOodle: Display: non-RDO encode 2048 x 2048 x 1 to format OODLE_BC5 (Oodle OodleTex_BC5U) lambda=0 effort=20 
[2025.10.08-10.05.54:996][455]LogTextureFormatOodle: Display: non-RDO encode 2048 x 2048 x 1 to format OODLE_AutoDXT (Oodle OodleTex_BC3) lambda=0 effort=20 
[2025.10.08-10.05.54:996][455]LogTextureFormatOodle: Display: non-RDO encode 2048 x 2048 x 1 to format OODLE_AutoDXT (Oodle OodleTex_BC3) lambda=0 effort=20 
[2025.10.08-10.05.54:996][455]LogTextureFormatOodle: Display: non-RDO encode 1024 x 1024 x 1 to format OODLE_BC5 (Oodle OodleTex_BC5U) lambda=0 effort=20 
[2025.10.08-10.05.54:996][455]LogTextureFormatOodle: Display: non-RDO encode 1024 x 1024 x 1 to format OODLE_BC5 (Oodle OodleTex_BC5U) lambda=0 effort=20 
[2025.10.08-10.05.54:996][455]LogTextureFormatOodle: Display: non-RDO encode 1024 x 1024 x 1 to format OODLE_AutoDXT (Oodle OodleTex_BC3) lambda=0 effort=20 
[2025.10.08-10.05.54:996][455]LogTextureFormatOodle: Display: non-RDO encode 4096 x 4096 x 1 to format OODLE_AutoDXT (Oodle OodleTex_BC1_WithTransparency) lambda=0 effort=20 
[2025.10.08-10.05.54:996][455]LogTextureFormatOodle: Display: non-RDO encode 2048 x 2048 x 1 to format OODLE_AutoDXT (Oodle OodleTex_BC3) lambda=0 effort=20 
[2025.10.08-10.05.54:996][455]LogTextureFormatOodle: Display: non-RDO encode 1024 x 1024 x 1 to format OODLE_AutoDXT (Oodle OodleTex_BC3) lambda=0 effort=20 
[2025.10.08-10.05.54:996][455]LogTextureFormatOodle: Display: non-RDO encode 1024 x 1024 x 1 to format OODLE_AutoDXT (Oodle OodleTex_BC3) lambda=0 effort=20 
[2025.10.08-10.05.55:000][455]LogTextureFormatOodle: Display: non-RDO encode 2048 x 2048 x 1 to format OODLE_AutoDXT (Oodle OodleTex_BC1_WithTransparency) lambda=0 effort=20 
[2025.10.08-10.05.55:000][455]LogMaterial: Display: Missing cached shadermap for M_Marine in PCD3D_SM5, Default, SM5 (DDC key hash: 108BFBEABD2BB7718FABC360F51D051FAC1D09E8), compiling. 
[2025.10.08-10.05.55:369][455]LogShaderCompilers: Display: Submitted 84 shader compile jobs with 'Low' priority
[2025.10.08-10.05.55:380][455]LogShaderCompilers: Display: Worker (1/5): shaders left to compile 84
[2025.10.08-10.05.55:380][455]LogShaderCompilers: Display: Worker (2/5): shaders left to compile 74
[2025.10.08-10.05.55:380][455]LogShaderCompilers: Display: Worker (3/5): shaders left to compile 64
[2025.10.08-10.05.55:380][455]LogShaderCompilers: Display: Worker (4/5): shaders left to compile 54
[2025.10.08-10.05.55:380][455]LogShaderCompilers: Display: Started 40 'Local' shader compile jobs with 'Low' priority
[2025.10.08-10.05.55:380][455]LogSkeletalMesh: Building Skeletal Mesh Marine...
[2025.10.08-10.05.55:444][455]LogTexture: Display: Building textures: T_PaintedMetal01_N (OODLE_BC5, 2048X2048)
[2025.10.08-10.05.55:444][455]LogSkeletalMesh: Built Skeletal Mesh [0.07s] /Game/Characters/Marine/Marine.Marine
[2025.10.08-10.05.55:448][455]LogMaterial: Display: Missing cached shadermap for MagGun_SightLens_Mat in PCD3D_SM5, Default, SM5 (DDC key hash: 7FEDC1459145DE9E7C293B003562E4622C822724), compiling. 
[2025.10.08-10.05.55:524][455]LogTexture: Display: Building textures: T_PaintedMetal02 (OODLE_AutoDXT, 2048X2048)
[2025.10.08-10.05.55:524][455]LogTexture: Display: Building textures: T_ExampleLayers_Metal02_N (OODLE_BC5, 2048X2048)
[2025.10.08-10.05.55:524][455]LogShaderCompilers: Display: Submitted 24 shader compile jobs with 'Low' priority
[2025.10.08-10.05.58:693][455]LogTexture: Display: Building textures: T_Rubber (OODLE_AutoDXT, 2048X2048)
[2025.10.08-10.05.58:693][455]LogTextureFormatOodle: Display: non-RDO encode 2048 x 2048 x 1 to format OODLE_BC5 (Oodle OodleTex_BC5U) lambda=0 effort=20 
[2025.10.08-10.05.58:693][455]LogTextureFormatOodle: Display: non-RDO encode 2048 x 2048 x 1 to format OODLE_BC5 (Oodle OodleTex_BC5U) lambda=0 effort=20 
[2025.10.08-10.05.58:693][455]LogTextureFormatOodle: Display: non-RDO encode 2048 x 2048 x 1 to format OODLE_AutoDXT (Oodle OodleTex_BC1_WithTransparency) lambda=0 effort=20 
[2025.10.08-10.05.58:693][455]LogTextureFormatOodle: Display: non-RDO encode 2048 x 2048 x 1 to format OODLE_AutoDXT (Oodle OodleTex_BC3) lambda=0 effort=20 
[2025.10.08-10.05.58:693][455]LogTexture: Display: Building textures: T_Metal_Metal02_D (OODLE_AutoDXT, 2048X2048)
[2025.10.08-10.05.58:693][455]LogTextureFormatOodle: Display: non-RDO encode 1024 x 1024 x 1 to format OODLE_AutoDXT (Oodle OodleTex_BC1_WithTransparency) lambda=0 effort=20 
[2025.10.08-10.05.58:693][455]LogTextureFormatOodle: Display: non-RDO encode 1024 x 1024 x 1 to format OODLE_AutoDXT (Oodle OodleTex_BC1_WithTransparency) lambda=0 effort=20 
[2025.10.08-10.05.58:693][455]LogTextureFormatOodle: Display: non-RDO encode 1024 x 1024 x 1 to format OODLE_BC5 (Oodle OodleTex_BC5U) lambda=0 effort=20 
[2025.10.08-10.05.58:693][455]LogTextureFormatOodle: Display: non-RDO encode 2048 x 2048 x 1 to format OODLE_AutoDXT (Oodle OodleTex_BC3) lambda=0 effort=20 
[2025.10.08-10.05.58:693][455]LogTextureFormatOodle: Display: non-RDO encode 1024 x 1024 x 1 to format OODLE_BC5 (Oodle OodleTex_BC5U) lambda=0 effort=20 
[2025.10.08-10.05.58:693][455]LogTextureFormatOodle: Display: non-RDO encode 1024 x 1024 x 1 to format OODLE_AutoDXT (Oodle OodleTex_BC3) lambda=0 effort=20 
[2025.10.08-10.05.58:693][455]LogTextureFormatOodle: Display: non-RDO encode 1024 x 1024 x 1 to format OODLE_AutoDXT (Oodle OodleTex_BC3) lambda=0 effort=20 
[2025.10.08-10.05.58:693][455]LogTexture: Display: Building textures: T_Enemy_GreaterSpider_Fire_M (OODLE_AutoDXT, 2048X2048)
[2025.10.08-10.05.58:693][455]LogTexture: Display: Building textures: T_Clouds_01 (OODLE_AutoDXT, 1024X1024)
[2025.10.08-10.05.58:693][455]LogTexture: Display: Building textures: T_Enemy_GreaterSpider_Fire_D (OODLE_AutoDXT, 2048X2048)
[2025.10.08-10.05.58:693][455]LogTextureFormatOodle: Display: non-RDO encode 1024 x 1024 x 1 to format OODLE_AutoDXT (Oodle OodleTex_BC1_WithTransparency) lambda=0 effort=20 
[2025.10.08-10.05.58:693][455]LogTextureFormatOodle: Display: non-RDO encode 2048 x 2048 x 1 to format OODLE_AutoDXT (Oodle OodleTex_BC1_WithTransparency) lambda=0 effort=20 
[2025.10.08-10.05.58:693][455]LogTexture: Display: Building textures: T_Lensflare_01 (OODLE_AutoDXT, 512X512)
[2025.10.08-10.05.58:693][455]LogTexture: Display: Building textures: T_Enemy_GreaterSpider_Fire_N (OODLE_BC5, 2048X2048)
[2025.10.08-10.05.58:694][455]LogTextureFormatOodle: Display: non-RDO encode 2048 x 2048 x 1 to format OODLE_AutoDXT (Oodle OodleTex_BC3) lambda=0 effort=20 
[2025.10.08-10.05.58:694][455]LogTextureFormatOodle: Display: non-RDO encode 2048 x 2048 x 1 to format OODLE_BC5 (Oodle OodleTex_BC5U) lambda=0 effort=20 
[2025.10.08-10.05.58:694][455]LogTextureFormatOodle: Display: non-RDO encode 1024 x 1024 x 1 to format OODLE_AutoDXT (Oodle OodleTex_BC1_WithTransparency) lambda=0 effort=20 
[2025.10.08-10.05.58:694][455]LogTexture: Display: Building textures: ThumbnailTexture (OODLE_DXT1, 512X512)
[2025.10.08-10.05.58:694][455]LogTextureFormatOodle: Display: non-RDO encode 1024 x 1024 x 1 to format OODLE_BC5 (Oodle OodleTex_BC5U) lambda=0 effort=20 
[2025.10.08-10.05.58:694][455]LogTextureFormatOodle: Display: non-RDO encode 1024 x 1024 x 1 to format OODLE_AutoDXT (Oodle OodleTex_BC3) lambda=0 effort=20 
[2025.10.08-10.05.58:694][455]LogTexture: Display: Building textures: T_muzzle_flashes (OODLE_AutoDXT, 128X256)
[2025.10.08-10.05.58:694][455]LogMaterial: Display: Missing cached shadermap for MagGun_MatB in PCD3D_SM5, Default, SM5 (DDC key hash: DFE52A8967D5C33BC29CF86AF69768F1D16CB697), compiling. 
[2025.10.08-10.05.58:935][455]LogTexture: Display: Building textures: T_SmokeBall_01_8_8 (OODLE_AutoDXT, 1024X1024)
[2025.10.08-10.05.58:935][455]LogTextureFormatOodle: Display: non-RDO encode 1024 x 1024 x 1 to format OODLE_AutoDXT (Oodle OodleTex_BC3) lambda=0 effort=20 
[2025.10.08-10.05.58:935][455]LogShaderCompilers: Display: Submitted 97 shader compile jobs with 'Low' priority
[2025.10.08-10.05.59:221][455]LogAnimationCompression: Building Anim DDC data for AnimSequence /Game/Characters/Enemy_Great_Spider/Animations/ExoGame_Greater_Spider_Charge.ExoGame_Greater_Spider_Charge
[2025.10.08-10.05.59:222][455]LogMaterial: Display: Missing cached shadermap for CharM_Greater_Spider in PCD3D_SM5, Default, SM5 (DDC key hash: 141AA4A0A3CC87D1B2553F049186D0033CBE8A0A), compiling. 
[2025.10.08-10.05.59:272][455]LogShaderCompilers: Display: Submitted 32 shader compile jobs with 'Low' priority
[2025.10.08-10.05.59:274][455]LogSkeletalMesh: Building Skeletal Mesh SK_Greater_Spider...
[2025.10.08-10.05.59:279][455]LogSkeletalMesh: Built Skeletal Mesh [0.01s] /Game/Characters/Enemy_Great_Spider/SK_Greater_Spider.SK_Greater_Spider
[2025.10.08-10.05.59:282][455]LogMaterial: Display: Missing cached shadermap for MagGun_MatA in PCD3D_SM5, Default, SM5 (DDC key hash: 4250EAF28456DA2AD028EEE60E669A98F7EAC8EB), compiling. 
[2025.10.08-10.05.59:456][455]LogShaderCompilers: Display: Submitted 97 shader compile jobs with 'Low' priority
[2025.10.08-10.05.59:461][455]LogSkeletalMesh: Display: [AssetLog] C:\Users\Student\Desktop\unreal ER\TopDown Shooter\TopDownShooter01\Content\Weapons\Rifle.uasset: Find and fix some bad tangent! please re-import this skeletal mesh asset to fix the issue. The shading of the skeletal mesh will be bad and faceted.
[2025.10.08-10.05.59:461][455]LogSkeletalMesh: Building Skeletal Mesh Rifle...
[2025.10.08-10.05.59:532][455]LogSkeletalMesh: Built Skeletal Mesh [0.07s] /Game/Weapons/Rifle.Rifle
[2025.10.08-10.05.59:538][455]LogMaterial: Display: Missing cached shadermap for M_ImpactSmoke in PCD3D_SM5, Default, SM5 (DDC key hash: DF5A5F494049BD2BA5477CA3CA5807BF8B59B14C), compiling. 
[2025.10.08-10.05.59:799][455]LogShaderCompilers: Display: Submitted 128 shader compile jobs with 'Low' priority
[2025.10.08-10.05.59:801][455]LogMaterial: Display: Missing cached shadermap for M_SoftGradient_Muzzle in PCD3D_SM5, Default, SM5 (DDC key hash: B18353E84A83F551DEF736723A827C603E6538A1), compiling. 
[2025.10.08-10.05.59:853][455]LogShaderCompilers: Display: Submitted 36 shader compile jobs with 'Low' priority
[2025.10.08-10.05.59:856][455]LogMaterial: Display: Missing cached shadermap for M_Lensflare_01 in PCD3D_SM5, Default, SM5 (DDC key hash: A741E908F281DEA7DA83D6A19A51FD6E91353FFC), compiling. 
[2025.10.08-10.05.59:903][455]LogShaderCompilers: Display: Submitted 36 shader compile jobs with 'Low' priority
[2025.10.08-10.05.59:909][455]LogMaterial: Display: Missing cached shadermap for M_MuzzleGlow in PCD3D_SM5, Default, SM5 (DDC key hash: 7BB6E4B44411111E46434476504D9D62DDBBA33B), compiling. 
[2025.10.08-10.05.59:992][455]LogShaderCompilers: Display: Submitted 56 shader compile jobs with 'Low' priority
[2025.10.08-10.05.59:994][455]LogMaterial: Display: Missing cached shadermap for M_muzzle_flash_subUV in PCD3D_SM5, Default, SM5 (DDC key hash: 1DB232D1D49881183E4ADE40FFB4769CD90AD68D), compiling. 
[2025.10.08-10.06.00:042][455]LogShaderCompilers: Display: Submitted 36 shader compile jobs with 'Low' priority
[2025.10.08-10.06.00:045][455]LogMaterial: Display: Missing cached shadermap for M_SmokeBall in PCD3D_SM5, Default, SM5 (DDC key hash: D713785F46A035D5C94FC394E7935CE9B603A44C), compiling. 
[2025.10.08-10.06.00:110][455]LogShaderCompilers: Display: Submitted 48 shader compile jobs with 'Low' priority
[2025.10.08-10.06.00:132][455]LogAnimationCompression: Building Anim DDC data for AnimSequence /Game/Characters/Marine/Animations/Run_Rt.Run_Rt
[2025.10.08-10.06.00:157][455]LogAssetEditorSubsystem: Opening Asset editor for World /Game/shooter.shooter
[2025.10.08-10.06.00:157][455]Cmd: MAP LOAD FILE="../../../../../../Users/Student/Desktop/unreal ER/TopDown Shooter/TopDownShooter01/Content/shooter.umap" TEMPLATE=0 SHOWPROGRESS=1 FEATURELEVEL=3
[2025.10.08-10.06.00:157][455]LightingResults: New page: Lighting Build
[2025.10.08-10.06.00:157][455]LoadErrors: New page: Loading map: shooter.umap
[2025.10.08-10.06.00:173][455]LogWorld: UWorld::CleanupWorld for Minimal_Default, bSessionEnded=true, bCleanupResources=true
[2025.10.08-10.06.00:175][455]LogSlate: InvalidateAllWidgets triggered.  All widgets were invalidated
[2025.10.08-10.06.00:176][455]MapCheck: New page: Map Check
[2025.10.08-10.06.00:176][455]LightingResults: New page: Lighting Build
[2025.10.08-10.06.00:187][455]LogAudio: Display: Audio Device unregistered from world 'None'.
[2025.10.08-10.06.00:204][455]LogUObjectHash: Compacting FUObjectHashTables data took   2.18ms
[2025.10.08-10.06.00:224][455]LogAudio: Display: Audio Device (ID: 1) registered with world 'shooter'.
[2025.10.08-10.06.00:242][455]LogEditorServer: Finished looking for orphan Actors (0.000 secs)
[2025.10.08-10.06.00:242][455]LogAIModule: Creating AISystem for world shooter
[2025.10.08-10.06.00:264][455]LogUObjectHash: Compacting FUObjectHashTables data took   2.04ms
[2025.10.08-10.06.00:273][455]Cmd: MAP CHECKDEP NOCLEARLOG
[2025.10.08-10.06.00:273][455]MapCheck: Map check complete: 0 Error(s), 0 Warning(s), took 0,267ms to complete.
[2025.10.08-10.06.00:273][455]LogFileHelpers: Loading map 'shooter' took 0.116
[2025.10.08-10.06.00:633][456]LogAnimationCompression: Building Anim DDC data for AnimSequence /Game/Characters/Marine/Animations/Run_Bwd.Run_Bwd
[2025.10.08-10.06.00:633][456]LogAnimationCompression: Building Anim DDC data for AnimSequence /Game/Characters/Marine/Animations/Idle.Idle
[2025.10.08-10.06.00:979][458]LogAnimationCompression: Building Anim DDC data for AnimSequence /Game/Characters/Marine/Animations/Run_Fwd.Run_Fwd
[2025.10.08-10.06.00:979][458]LogAnimationCompression: Building Anim DDC data for AnimSequence /Game/Characters/Marine/Animations/Run_Lt.Run_Lt
[2025.10.08-10.06.04:272][608]LogShaderCompilers: Display: Worker (4/5): shaders left to compile 2
[2025.10.08-10.06.04:272][608]LogShaderCompilers: Display: Started 1 'Local' shader compile jobs with 'ForceLocal' priority
[2025.10.08-10.06.05:156][657]LogShaderCompilers: Display: Worker (4/5): shaders left to compile 1
[2025.10.08-10.06.05:156][657]LogShaderCompilers: Display: Started 1 'Local' shader compile jobs with 'ForceLocal' priority
[2025.10.08-10.06.05:766][689]LogShaderCompilers: Display: Worker (2/5): shaders left to compile 632
[2025.10.08-10.06.05:766][689]LogShaderCompilers: Display: Started 10 'Local' shader compile jobs with 'Low' priority
[2025.10.08-10.06.05:839][693]LogShaderCompilers: Display: Worker (4/5): shaders left to compile 622
[2025.10.08-10.06.05:839][693]LogShaderCompilers: Display: Started 10 'Local' shader compile jobs with 'Low' priority
[2025.10.08-10.06.06:063][702]LogShaderCompilers: Display: Worker (1/5): shaders left to compile 612
[2025.10.08-10.06.06:063][702]LogShaderCompilers: Display: Started 10 'Local' shader compile jobs with 'Low' priority
[2025.10.08-10.06.06:998][752]LogShaderCompilers: Display: Worker (3/5): shaders left to compile 602
[2025.10.08-10.06.06:998][752]LogShaderCompilers: Display: Started 10 'Local' shader compile jobs with 'Low' priority
[2025.10.08-10.06.08:010][799]LogTemp: Repeating last play command: Selected Viewport
[2025.10.08-10.06.08:026][799]LogPlayLevel: PlayLevel: No blueprints needed recompiling
[2025.10.08-10.06.08:027][799]PIE: New page: PIE session: shooter (8 paź 2025, 14:06:08)
[2025.10.08-10.06.08:036][799]LogOnline: OSS: Creating online subsystem instance for: NULL
[2025.10.08-10.06.08:039][799]LogOnline: OSS: TryLoadSubsystemAndSetDefault: Loaded subsystem for module [NULL]
[2025.10.08-10.06.08:042][799]LogPlayLevel: Creating play world package: /Game/UEDPIE_0_shooter
[2025.10.08-10.06.08:058][799]LogPlayLevel: PIE: StaticDuplicateObject took: (0.015585s)
[2025.10.08-10.06.08:060][799]LogAIModule: Creating AISystem for world shooter
[2025.10.08-10.06.08:062][799]LogPlayLevel: PIE: World Init took: (0.003308s)
[2025.10.08-10.06.08:062][799]LogPlayLevel: PIE: Created PIE world by copying editor world from /Game/shooter.shooter to /Game/UEDPIE_0_shooter.shooter (0.019967s)
[2025.10.08-10.06.08:072][799]LogUObjectHash: Compacting FUObjectHashTables data took   1.06ms
[2025.10.08-10.06.08:076][799]LogAudio: Display: Creating Audio Device:                 Id: 2, Scope: Unique, Realtime: True
[2025.10.08-10.06.08:076][799]LogAudioMixer: Display: Audio Mixer Platform Settings:
[2025.10.08-10.06.08:076][799]LogAudioMixer: Display: 	Sample Rate:						  48000
[2025.10.08-10.06.08:076][799]LogAudioMixer: Display: 	Callback Buffer Frame Size Requested: 1024
[2025.10.08-10.06.08:076][799]LogAudioMixer: Display: 	Callback Buffer Frame Size To Use:	  1024
[2025.10.08-10.06.08:076][799]LogAudioMixer: Display: 	Number of buffers to queue:			  2
[2025.10.08-10.06.08:076][799]LogAudioMixer: Display: 	Max Channels (voices):				  32
[2025.10.08-10.06.08:076][799]LogAudioMixer: Display: 	Number of Async Source Workers:		  0
[2025.10.08-10.06.08:076][799]LogAudio: Display: AudioDevice MaxSources: 32
[2025.10.08-10.06.08:077][799]LogAudio: Display: Audio Spatialization Plugin: None (built-in).
[2025.10.08-10.06.08:077][799]LogAudio: Display: Audio Reverb Plugin: None (built-in).
[2025.10.08-10.06.08:077][799]LogAudio: Display: Audio Occlusion Plugin: None (built-in).
[2025.10.08-10.06.08:077][799]LogAudioMixer: Display: Initializing audio mixer.
[2025.10.08-10.06.08:083][799]LogAudioMixer: Display: 0: FrontLeft
[2025.10.08-10.06.08:083][799]LogAudioMixer: Display: 1: FrontRight
[2025.10.08-10.06.08:107][799]LogAudioMixer: Display: Using Audio Device Głośniki (4 — High Definition Audio Device)
[2025.10.08-10.06.08:107][799]LogAudioMixer: Display: Initializing Sound Submixes...
[2025.10.08-10.06.08:107][799]LogAudioMixer: Display: Creating Master Submix 'MasterSubmixDefault'
[2025.10.08-10.06.08:108][799]LogAudioMixer: Display: Creating Master Submix 'MasterReverbSubmixDefault'
[2025.10.08-10.06.08:109][799]LogAudioMixer: Display: Creating Master Submix 'MasterEQSubmixDefault'
[2025.10.08-10.06.08:109][799]LogAudioMixer: FMixerPlatformXAudio2::StartAudioStream() called
[2025.10.08-10.06.08:109][799]LogAudioMixer: Display: Output buffers initialized: Frames=1024, Channels=2, Samples=2048
[2025.10.08-10.06.08:112][799]LogAudioMixer: Display: Starting AudioMixerPlatformInterface::RunInternal()
[2025.10.08-10.06.08:112][799]LogAudioMixer: Display: FMixerPlatformXAudio2::SubmitBuffer() called for the first time
[2025.10.08-10.06.08:112][799]LogInit: FAudioDevice initialized.
[2025.10.08-10.06.08:112][799]LogAudio: Display: Audio Device (ID: 2) registered with world 'shooter'.
[2025.10.08-10.06.08:135][799]LogLoad: Game class is 'gamemode_C'
[2025.10.08-10.06.08:152][799]LogWorld: Bringing World /Game/UEDPIE_0_shooter.shooter up for play (max tick rate 0) at 2025.10.08-12.06.08
[2025.10.08-10.06.08:168][799]LogWorld: Bringing up level for play took: 0.022557
[2025.10.08-10.06.08:170][799]LogOnline: OSS: Creating online subsystem instance for: :Context_1
[2025.10.08-10.06.08:192][799]LogNativeClassHierarchy: Verbose: Native class hierarchy updated for 'MovieSceneCapture' in 0.0006 seconds. Added 20 classes and 0 folders.
[2025.10.08-10.06.08:212][799]PIE: Server logged in
[2025.10.08-10.06.08:214][799]PIE: Play in editor total start time 0,193 seconds.
[2025.10.08-10.06.10:409][900]LogShaderCompilers: Display: Worker (4/5): shaders left to compile 16
[2025.10.08-10.06.10:409][900]LogShaderCompilers: Display: Started 5 'Local' shader compile jobs with 'ForceLocal' priority
[2025.10.08-10.06.10:601][909]LogShaderCompilers: Display: Worker (2/5): shaders left to compile 11
[2025.10.08-10.06.10:601][909]LogShaderCompilers: Display: Started 3 'Local' shader compile jobs with 'ForceLocal' priority
[2025.10.08-10.06.10:819][920]LogShaderCompilers: Display: Worker (1/5): shaders left to compile 8
[2025.10.08-10.06.10:819][920]LogShaderCompilers: Display: Started 3 'Local' shader compile jobs with 'ForceLocal' priority
[2025.10.08-10.06.12:200][989]LogShaderCompilers: Display: Worker (3/5): shaders left to compile 5
[2025.10.08-10.06.12:200][989]LogShaderCompilers: Display: Started 2 'Local' shader compile jobs with 'ForceLocal' priority
[2025.10.08-10.06.13:270][ 43]LogShaderCompilers: Display: Worker (3/5): shaders left to compile 3
[2025.10.08-10.06.13:270][ 43]LogShaderCompilers: Display: Started 1 'Local' shader compile jobs with 'ForceLocal' priority
[2025.10.08-10.06.13:410][ 49]LogShaderCompilers: Display: Worker (1/5): shaders left to compile 2
[2025.10.08-10.06.13:410][ 49]LogShaderCompilers: Display: Worker (4/5): shaders left to compile 1
[2025.10.08-10.06.13:410][ 49]LogShaderCompilers: Display: Started 2 'Local' shader compile jobs with 'ForceLocal' priority
[2025.10.08-10.06.13:932][ 73]LogShaderCompilers: Display: Worker (2/5): shaders left to compile 576
[2025.10.08-10.06.13:932][ 73]LogShaderCompilers: Display: Worker (4/5): shaders left to compile 566
[2025.10.08-10.06.13:932][ 73]LogShaderCompilers: Display: Started 20 'Local' shader compile jobs with 'Low' priority
[2025.10.08-10.06.14:416][ 92]LogShaderCompilers: Display: Worker (1/5): shaders left to compile 556
[2025.10.08-10.06.14:416][ 92]LogShaderCompilers: Display: Started 10 'Local' shader compile jobs with 'Low' priority
[2025.10.08-10.06.14:572][ 97]LogShaderCompilers: Display: Worker (3/5): shaders left to compile 1
[2025.10.08-10.06.14:572][ 97]LogShaderCompilers: Display: Started 1 'Local' shader compile jobs with 'ForceLocal' priority
[2025.10.08-10.06.15:885][158]LogShaderCompilers: Display: Worker (3/5): shaders left to compile 2
[2025.10.08-10.06.15:885][158]LogShaderCompilers: Display: Started 1 'Local' shader compile jobs with 'ForceLocal' priority
[2025.10.08-10.06.16:479][188]LogShaderCompilers: Display: Worker (3/5): shaders left to compile 1
[2025.10.08-10.06.16:479][188]LogShaderCompilers: Display: Started 1 'Local' shader compile jobs with 'ForceLocal' priority
[2025.10.08-10.06.17:808][254]LogShaderCompilers: Display: Worker (3/5): shaders left to compile 543
[2025.10.08-10.06.17:808][254]LogShaderCompilers: Display: Started 10 'Local' shader compile jobs with 'Low' priority
[2025.10.08-10.06.18:318][279]LogShaderCompilers: Display: Worker (1/5): shaders left to compile 533
[2025.10.08-10.06.18:318][279]LogShaderCompilers: Display: Started 10 'Local' shader compile jobs with 'Low' priority
[2025.10.08-10.06.18:761][298]LogShaderCompilers: Display: Worker (4/5): shaders left to compile 523
[2025.10.08-10.06.18:762][298]LogShaderCompilers: Display: Started 10 'Local' shader compile jobs with 'Low' priority
[2025.10.08-10.06.19:103][312]LogShaderCompilers: Display: Worker (2/5): shaders left to compile 513
[2025.10.08-10.06.19:103][312]LogShaderCompilers: Display: Started 10 'Local' shader compile jobs with 'Low' priority
[2025.10.08-10.06.20:945][400]LogSlate: Updating window title bar state: overlay mode, drag disabled, window buttons hidden, title bar hidden
[2025.10.08-10.06.20:945][400]LogWorld: BeginTearingDown for /Game/UEDPIE_0_shooter
[2025.10.08-10.06.20:948][400]LogWorld: UWorld::CleanupWorld for shooter, bSessionEnded=true, bCleanupResources=true
[2025.10.08-10.06.20:948][400]LogSlate: InvalidateAllWidgets triggered.  All widgets were invalidated
[2025.10.08-10.06.20:963][400]LogPlayLevel: Display: Shutting down PIE online subsystems
[2025.10.08-10.06.20:966][400]LogSlate: InvalidateAllWidgets triggered.  All widgets were invalidated
[2025.10.08-10.06.20:974][400]LogAudio: Display: Audio Device unregistered from world 'None'.
[2025.10.08-10.06.20:977][400]LogAudioMixer: FMixerPlatformXAudio2::StopAudioStream() called
[2025.10.08-10.06.20:979][400]LogAudioMixer: FMixerPlatformXAudio2::StopAudioStream() called
[2025.10.08-10.06.20:984][400]LogSlate: Updating window title bar state: overlay mode, drag disabled, window buttons hidden, title bar hidden
[2025.10.08-10.06.20:993][400]LogUObjectHash: Compacting FUObjectHashTables data took   1.78ms
[2025.10.08-10.06.21:037][401]LogPlayLevel: Display: Destroying online subsystem :Context_1
[2025.10.08-10.06.21:641][432]LogShaderCompilers: Display: Worker (3/5): shaders left to compile 503
[2025.10.08-10.06.21:641][432]LogShaderCompilers: Display: Started 10 'Local' shader compile jobs with 'Low' priority
[2025.10.08-10.06.23:170][499]LogShaderCompilers: Display: Worker (2/5): shaders left to compile 493
[2025.10.08-10.06.23:170][499]LogShaderCompilers: Display: Started 10 'Local' shader compile jobs with 'Low' priority
[2025.10.08-10.06.23:683][519]LogShaderCompilers: Display: Worker (1/5): shaders left to compile 483
[2025.10.08-10.06.23:683][519]LogShaderCompilers: Display: Started 10 'Local' shader compile jobs with 'Low' priority
[2025.10.08-10.06.23:805][522]LogShaderCompilers: Display: Worker (4/5): shaders left to compile 473
[2025.10.08-10.06.23:805][522]LogShaderCompilers: Display: Started 10 'Local' shader compile jobs with 'Low' priority
[2025.10.08-10.06.26:636][652]LogShaderCompilers: Display: Worker (3/5): shaders left to compile 463
[2025.10.08-10.06.26:636][652]LogShaderCompilers: Display: Started 10 'Local' shader compile jobs with 'Low' priority
[2025.10.08-10.06.27:331][683]LogShaderCompilers: Display: Worker (2/5): shaders left to compile 453
[2025.10.08-10.06.27:331][683]LogShaderCompilers: Display: Started 10 'Local' shader compile jobs with 'Low' priority
[2025.10.08-10.06.28:727][749]LogShaderCompilers: Display: Worker (1/5): shaders left to compile 443
[2025.10.08-10.06.28:727][749]LogShaderCompilers: Display: Started 10 'Local' shader compile jobs with 'Low' priority
[2025.10.08-10.06.28:786][752]LogShaderCompilers: Display: Worker (4/5): shaders left to compile 433
[2025.10.08-10.06.28:786][752]LogShaderCompilers: Display: Started 10 'Local' shader compile jobs with 'Low' priority
[2025.10.08-10.06.30:358][824]LogShaderCompilers: Display: Worker (3/5): shaders left to compile 423
[2025.10.08-10.06.30:358][824]LogShaderCompilers: Display: Started 10 'Local' shader compile jobs with 'Low' priority
[2025.10.08-10.06.32:221][920]LogShaderCompilers: Display: Worker (2/5): shaders left to compile 413
[2025.10.08-10.06.32:221][920]LogShaderCompilers: Display: Started 10 'Local' shader compile jobs with 'Low' priority
[2025.10.08-10.06.32:441][928]LogShaderCompilers: Display: Worker (4/5): shaders left to compile 403
[2025.10.08-10.06.32:441][928]LogShaderCompilers: Display: Started 10 'Local' shader compile jobs with 'Low' priority
[2025.10.08-10.06.33:532][967]LogShaderCompilers: Display: Worker (1/5): shaders left to compile 393
[2025.10.08-10.06.33:532][967]LogShaderCompilers: Display: Started 10 'Local' shader compile jobs with 'Low' priority
[2025.10.08-10.06.35:038][ 23]LogShaderCompilers: Display: Worker (3/5): shaders left to compile 383
[2025.10.08-10.06.35:038][ 23]LogShaderCompilers: Display: Started 10 'Local' shader compile jobs with 'Low' priority
[2025.10.08-10.06.38:743][156]LogShaderCompilers: Display: Worker (2/5): shaders left to compile 373
[2025.10.08-10.06.38:744][156]LogShaderCompilers: Display: Started 10 'Local' shader compile jobs with 'Low' priority
[2025.10.08-10.06.40:644][226]LogShaderCompilers: Display: Worker (4/5): shaders left to compile 363
[2025.10.08-10.06.40:644][226]LogShaderCompilers: Display: Started 10 'Local' shader compile jobs with 'Low' priority
[2025.10.08-10.06.40:710][228]LogShaderCompilers: Display: Worker (1/5): shaders left to compile 353
[2025.10.08-10.06.40:710][228]LogShaderCompilers: Display: Started 10 'Local' shader compile jobs with 'Low' priority
[2025.10.08-10.06.42:778][257]LogShaderCompilers: Display: Worker (3/5): shaders left to compile 343
[2025.10.08-10.06.42:778][257]LogShaderCompilers: Display: Started 10 'Local' shader compile jobs with 'Low' priority
[2025.10.08-10.06.42:778][257]LogSlate: Only BGRA pngs, bmps or icos are supported in by External Image Picker
[2025.10.08-10.06.46:004][355]LogShaderCompilers: Display: Worker (2/5): shaders left to compile 333
[2025.10.08-10.06.46:004][355]LogShaderCompilers: Display: Started 10 'Local' shader compile jobs with 'Low' priority
[2025.10.08-10.06.46:608][376]LogShaderCompilers: Display: Worker (4/5): shaders left to compile 323
[2025.10.08-10.06.46:608][376]LogShaderCompilers: Display: Started 10 'Local' shader compile jobs with 'Low' priority
[2025.10.08-10.06.48:126][431]LogShaderCompilers: Display: Worker (1/5): shaders left to compile 313
[2025.10.08-10.06.48:126][431]LogShaderCompilers: Display: Started 10 'Local' shader compile jobs with 'Low' priority
[2025.10.08-10.06.49:768][493]LogShaderCompilers: Display: Worker (3/5): shaders left to compile 303
[2025.10.08-10.06.49:768][493]LogShaderCompilers: Display: Started 10 'Local' shader compile jobs with 'Low' priority
[2025.10.08-10.06.52:991][617]LogShaderCompilers: Display: Worker (2/5): shaders left to compile 293
[2025.10.08-10.06.52:991][617]LogShaderCompilers: Display: Started 10 'Local' shader compile jobs with 'Low' priority
[2025.10.08-10.06.54:579][678]LogShaderCompilers: Display: Worker (4/5): shaders left to compile 283
[2025.10.08-10.06.54:579][678]LogShaderCompilers: Display: Started 10 'Local' shader compile jobs with 'Low' priority
[2025.10.08-10.06.55:311][706]LogShaderCompilers: Display: Worker (3/5): shaders left to compile 273
[2025.10.08-10.06.55:311][706]LogShaderCompilers: Display: Started 10 'Local' shader compile jobs with 'Low' priority
[2025.10.08-10.06.56:598][752]LogShaderCompilers: Display: Worker (1/5): shaders left to compile 263
[2025.10.08-10.06.56:598][752]LogShaderCompilers: Display: Started 10 'Local' shader compile jobs with 'Low' priority
[2025.10.08-10.07.00:374][886]LogShaderCompilers: Display: Worker (2/5): shaders left to compile 253
[2025.10.08-10.07.00:374][886]LogShaderCompilers: Display: Started 10 'Local' shader compile jobs with 'Low' priority
[2025.10.08-10.07.01:050][909]LogShaderCompilers: Display: Worker (1/5): shaders left to compile 243
[2025.10.08-10.07.01:050][909]LogShaderCompilers: Display: Started 10 'Local' shader compile jobs with 'Low' priority
[2025.10.08-10.07.01:280][918]LogShaderCompilers: Display: Worker (3/5): shaders left to compile 233
[2025.10.08-10.07.01:280][918]LogShaderCompilers: Display: Started 10 'Local' shader compile jobs with 'Low' priority
[2025.10.08-10.07.02:473][920]LogShaderCompilers: Display: Worker (4/5): shaders left to compile 223
[2025.10.08-10.07.02:473][920]LogShaderCompilers: Display: Started 10 'Local' shader compile jobs with 'Low' priority
[2025.10.08-10.07.05:403][ 30]LogShaderCompilers: Display: Worker (4/5): shaders left to compile 213
[2025.10.08-10.07.05:403][ 30]LogShaderCompilers: Display: Started 10 'Local' shader compile jobs with 'Low' priority
[2025.10.08-10.07.05:749][ 43]LogShaderCompilers: Display: Worker (1/5): shaders left to compile 203
[2025.10.08-10.07.05:749][ 43]LogShaderCompilers: Display: Started 10 'Local' shader compile jobs with 'Low' priority
[2025.10.08-10.07.08:219][133]LogShaderCompilers: Display: Worker (2/5): shaders left to compile 193
[2025.10.08-10.07.08:219][133]LogShaderCompilers: Display: Started 10 'Local' shader compile jobs with 'Low' priority
[2025.10.08-10.07.08:439][142]LogShaderCompilers: Display: Worker (3/5): shaders left to compile 183
[2025.10.08-10.07.08:439][142]LogShaderCompilers: Display: Started 10 'Local' shader compile jobs with 'Low' priority
[2025.10.08-10.07.10:048][204]LogShaderCompilers: Display: Worker (1/5): shaders left to compile 173
[2025.10.08-10.07.10:049][204]LogShaderCompilers: Display: Started 10 'Local' shader compile jobs with 'Low' priority
[2025.10.08-10.07.10:109][206]LogShaderCompilers: Display: Worker (4/5): shaders left to compile 163
[2025.10.08-10.07.10:109][206]LogShaderCompilers: Display: Started 10 'Local' shader compile jobs with 'Low' priority
[2025.10.08-10.07.14:242][358]LogShaderCompilers: Display: Worker (2/5): shaders left to compile 153
[2025.10.08-10.07.14:242][358]LogShaderCompilers: Display: Started 10 'Local' shader compile jobs with 'Low' priority
[2025.10.08-10.07.14:795][379]LogShaderCompilers: Display: Worker (1/5): shaders left to compile 143
[2025.10.08-10.07.14:795][379]LogShaderCompilers: Display: Started 10 'Local' shader compile jobs with 'Low' priority
[2025.10.08-10.07.15:371][401]LogShaderCompilers: Display: Worker (3/5): shaders left to compile 133
[2025.10.08-10.07.15:371][401]LogShaderCompilers: Display: Started 10 'Local' shader compile jobs with 'Low' priority
[2025.10.08-10.07.16:873][458]LogShaderCompilers: Display: Worker (4/5): shaders left to compile 123
[2025.10.08-10.07.16:873][458]LogShaderCompilers: Display: Started 10 'Local' shader compile jobs with 'Low' priority
[2025.10.08-10.07.19:409][555]LogShaderCompilers: Display: Worker (1/5): shaders left to compile 113
[2025.10.08-10.07.19:409][555]LogShaderCompilers: Display: Started 10 'Local' shader compile jobs with 'Low' priority
[2025.10.08-10.07.20:086][581]LogShaderCompilers: Display: Worker (2/5): shaders left to compile 103
[2025.10.08-10.07.20:086][581]LogShaderCompilers: Display: Started 10 'Local' shader compile jobs with 'Low' priority
[2025.10.08-10.07.22:008][653]LogShaderCompilers: Display: Worker (3/5): shaders left to compile 93
[2025.10.08-10.07.22:008][653]LogShaderCompilers: Display: Started 10 'Local' shader compile jobs with 'Low' priority
[2025.10.08-10.07.23:290][702]LogShaderCompilers: Display: Worker (4/5): shaders left to compile 83
[2025.10.08-10.07.23:290][702]LogShaderCompilers: Display: Started 10 'Local' shader compile jobs with 'Low' priority
[2025.10.08-10.07.25:469][787]LogShaderCompilers: Display: Worker (2/5): shaders left to compile 73
[2025.10.08-10.07.25:469][787]LogShaderCompilers: Display: Started 10 'Local' shader compile jobs with 'Low' priority
[2025.10.08-10.07.25:875][803]LogShaderCompilers: Display: Worker (1/5): shaders left to compile 63
[2025.10.08-10.07.25:875][803]LogShaderCompilers: Display: Started 10 'Local' shader compile jobs with 'Low' priority
[2025.10.08-10.07.26:305][820]LogShaderCompilers: Display: Worker (3/5): shaders left to compile 53
[2025.10.08-10.07.26:305][820]LogShaderCompilers: Display: Started 10 'Local' shader compile jobs with 'Low' priority
[2025.10.08-10.07.27:778][877]LogShaderCompilers: Display: Worker (4/5): shaders left to compile 43
[2025.10.08-10.07.27:778][877]LogShaderCompilers: Display: Started 10 'Local' shader compile jobs with 'Low' priority
[2025.10.08-10.07.30:060][965]LogShaderCompilers: Display: Worker (3/5): shaders left to compile 33
[2025.10.08-10.07.30:060][965]LogShaderCompilers: Display: Started 9 'Local' shader compile jobs with 'Low' priority
[2025.10.08-10.07.30:213][971]LogShaderCompilers: Display: Worker (2/5): shaders left to compile 24
[2025.10.08-10.07.30:213][971]LogShaderCompilers: Display: Started 7 'Local' shader compile jobs with 'Low' priority
[2025.10.08-10.07.30:850][996]LogShaderCompilers: Display: Worker (1/5): shaders left to compile 17
[2025.10.08-10.07.30:850][996]LogShaderCompilers: Display: Started 5 'Local' shader compile jobs with 'Low' priority
[2025.10.08-10.07.33:290][ 91]LogShaderCompilers: Display: Worker (2/5): shaders left to compile 12
[2025.10.08-10.07.33:290][ 91]LogShaderCompilers: Display: Started 4 'Local' shader compile jobs with 'Low' priority
[2025.10.08-10.07.33:783][111]LogShaderCompilers: Display: Worker (3/5): shaders left to compile 8
[2025.10.08-10.07.33:783][111]LogShaderCompilers: Display: Started 3 'Local' shader compile jobs with 'Low' priority
[2025.10.08-10.07.34:176][126]LogShaderCompilers: Display: Worker (1/5): shaders left to compile 5
[2025.10.08-10.07.34:176][126]LogShaderCompilers: Display: Started 2 'Local' shader compile jobs with 'Low' priority
[2025.10.08-10.07.34:626][144]LogShaderCompilers: Display: Worker (4/5): shaders left to compile 3
[2025.10.08-10.07.34:626][144]LogShaderCompilers: Display: Started 1 'Local' shader compile jobs with 'Low' priority
[2025.10.08-10.07.34:805][151]LogShaderCompilers: Display: Worker (2/5): shaders left to compile 2
[2025.10.08-10.07.34:805][151]LogShaderCompilers: Display: Started 1 'Local' shader compile jobs with 'Low' priority
[2025.10.08-10.07.34:842][152]LogShaderCompilers: Display: Worker (3/5): shaders left to compile 1
[2025.10.08-10.07.34:842][152]LogShaderCompilers: Display: Started 1 'Local' shader compile jobs with 'Low' priority
[2025.10.08-10.07.56:508][177]LogUdpMessaging: Warning: FUdpMessageProcessor::UpdateReassemblers Discarding 1/2 of stale message segements from Sender=155.158.72.227:50093, Sequence=0
[2025.10.08-10.08.56:261][121]LogEditorViewport: Clicking on Actor (LMB): StaticMeshActor (Floor)
[2025.10.08-10.08.57:803][195]LogTemp: Repeating last play command: Selected Viewport
[2025.10.08-10.08.57:810][195]LogPlayLevel: PlayLevel: No blueprints needed recompiling
[2025.10.08-10.08.57:811][195]PIE: New page: PIE session: shooter (8 paź 2025, 14:08:57)
[2025.10.08-10.08.57:811][195]LogPlayLevel: Creating play world package: /Game/UEDPIE_0_shooter
[2025.10.08-10.08.57:817][195]LogPlayLevel: PIE: StaticDuplicateObject took: (0.006601s)
[2025.10.08-10.08.57:819][195]LogAIModule: Creating AISystem for world shooter
[2025.10.08-10.08.57:820][195]LogPlayLevel: PIE: World Init took: (0.002533s)
[2025.10.08-10.08.57:820][195]LogPlayLevel: PIE: Created PIE world by copying editor world from /Game/shooter.shooter to /Game/UEDPIE_0_shooter.shooter (0.009353s)
[2025.10.08-10.08.57:830][195]LogUObjectHash: Compacting FUObjectHashTables data took   1.11ms
[2025.10.08-10.08.57:831][195]LogAudio: Display: Creating Audio Device:                 Id: 3, Scope: Unique, Realtime: True
[2025.10.08-10.08.57:831][195]LogAudioMixer: Display: Audio Mixer Platform Settings:
[2025.10.08-10.08.57:831][195]LogAudioMixer: Display: 	Sample Rate:						  48000
[2025.10.08-10.08.57:831][195]LogAudioMixer: Display: 	Callback Buffer Frame Size Requested: 1024
[2025.10.08-10.08.57:831][195]LogAudioMixer: Display: 	Callback Buffer Frame Size To Use:	  1024
[2025.10.08-10.08.57:832][195]LogAudioMixer: Display: 	Number of buffers to queue:			  2
[2025.10.08-10.08.57:832][195]LogAudioMixer: Display: 	Max Channels (voices):				  32
[2025.10.08-10.08.57:832][195]LogAudioMixer: Display: 	Number of Async Source Workers:		  0
[2025.10.08-10.08.57:832][195]LogAudio: Display: AudioDevice MaxSources: 32
[2025.10.08-10.08.57:832][195]LogAudio: Display: Audio Spatialization Plugin: None (built-in).
[2025.10.08-10.08.57:832][195]LogAudio: Display: Audio Reverb Plugin: None (built-in).
[2025.10.08-10.08.57:832][195]LogAudio: Display: Audio Occlusion Plugin: None (built-in).
[2025.10.08-10.08.57:832][195]LogAudioMixer: Display: Initializing audio mixer.
[2025.10.08-10.08.57:836][195]LogAudioMixer: Display: 0: FrontLeft
[2025.10.08-10.08.57:836][195]LogAudioMixer: Display: 1: FrontRight
[2025.10.08-10.08.57:849][195]LogAudioMixer: Display: Using Audio Device Głośniki (4 — High Definition Audio Device)
[2025.10.08-10.08.57:849][195]LogAudioMixer: Display: Initializing Sound Submixes...
[2025.10.08-10.08.57:849][195]LogAudioMixer: Display: Creating Master Submix 'MasterSubmixDefault'
[2025.10.08-10.08.57:849][195]LogAudioMixer: Display: Creating Master Submix 'MasterReverbSubmixDefault'
[2025.10.08-10.08.57:850][195]LogAudioMixer: Display: Creating Master Submix 'MasterEQSubmixDefault'
[2025.10.08-10.08.57:850][195]LogAudioMixer: FMixerPlatformXAudio2::StartAudioStream() called
[2025.10.08-10.08.57:850][195]LogAudioMixer: Display: Output buffers initialized: Frames=1024, Channels=2, Samples=2048
[2025.10.08-10.08.57:852][195]LogAudioMixer: Display: Starting AudioMixerPlatformInterface::RunInternal()
[2025.10.08-10.08.57:852][195]LogAudioMixer: Display: FMixerPlatformXAudio2::SubmitBuffer() called for the first time
[2025.10.08-10.08.57:852][195]LogInit: FAudioDevice initialized.
[2025.10.08-10.08.57:852][195]LogAudio: Display: Audio Device (ID: 3) registered with world 'shooter'.
[2025.10.08-10.08.57:858][195]LogLoad: Game class is 'gamemode_C'
[2025.10.08-10.08.57:861][195]LogWorld: Bringing World /Game/UEDPIE_0_shooter.shooter up for play (max tick rate 0) at 2025.10.08-12.08.57
[2025.10.08-10.08.57:861][195]LogWorld: Bringing up level for play took: 0.002324
[2025.10.08-10.08.57:862][195]LogOnline: OSS: Creating online subsystem instance for: :Context_4
[2025.10.08-10.08.57:866][195]PIE: Server logged in
[2025.10.08-10.08.57:868][195]PIE: Play in editor total start time 0,059 seconds.
[2025.10.08-10.09.30:790][ 49]LogSlate: Updating window title bar state: overlay mode, drag disabled, window buttons hidden, title bar hidden
[2025.10.08-10.09.30:790][ 49]LogWorld: BeginTearingDown for /Game/UEDPIE_0_shooter
[2025.10.08-10.09.30:791][ 49]LogWorld: UWorld::CleanupWorld for shooter, bSessionEnded=true, bCleanupResources=true
[2025.10.08-10.09.30:791][ 49]LogSlate: InvalidateAllWidgets triggered.  All widgets were invalidated
[2025.10.08-10.09.30:806][ 49]LogPlayLevel: Display: Shutting down PIE online subsystems
[2025.10.08-10.09.30:832][ 49]LogSlate: InvalidateAllWidgets triggered.  All widgets were invalidated
[2025.10.08-10.09.30:840][ 49]LogAudio: Display: Audio Device unregistered from world 'None'.
[2025.10.08-10.09.30:840][ 49]LogAudioMixer: FMixerPlatformXAudio2::StopAudioStream() called
[2025.10.08-10.09.30:842][ 49]LogAudioMixer: FMixerPlatformXAudio2::StopAudioStream() called
[2025.10.08-10.09.30:849][ 49]LogSlate: Updating window title bar state: overlay mode, drag disabled, window buttons hidden, title bar hidden
[2025.10.08-10.09.30:854][ 49]LogUObjectHash: Compacting FUObjectHashTables data took   1.12ms
[2025.10.08-10.09.30:920][ 50]LogPlayLevel: Display: Destroying online subsystem :Context_4
[2025.10.08-10.10.26:945][280]LogUdpMessaging: Warning: FUdpMessageProcessor::UpdateReassemblers Discarding 1/2 of stale message segements from Sender=155.158.72.33:62928, Sequence=0
[2025.10.08-10.10.34:472][721]LogBlueprint: Warning: [AssetLog] C:\Users\Student\Desktop\unreal ER\TopDown Shooter\TopDownShooter01\Content\spider_anim.uasset: [Compiler] ExoGame_Greater_Spider_Idle to ExoGame_Greater_Spider_Walk_Fwd  will never be taken, please connect something to  Can Enter Transition
[2025.10.08-10.10.34:472][721]LogBlueprint: Warning: [AssetLog] C:\Users\Student\Desktop\unreal ER\TopDown Shooter\TopDownShooter01\Content\spider_anim.uasset: [Compiler] ExoGame_Greater_Spider_Walk_Fwd to ExoGame_Greater_Spider_Idle  will never be taken, please connect something to  Can Enter Transition
[2025.10.08-10.10.34:504][721]LogAnimationCompression: Building Anim DDC data for AnimSequence /Game/Characters/Enemy_Great_Spider/Animations/ExoGame_Greater_Spider_Walk_Fwd.ExoGame_Greater_Spider_Walk_Fwd
[2025.10.08-10.10.34:504][721]LogAnimationCompression: Building Anim DDC data for AnimSequence /Game/Characters/Enemy_Great_Spider/Animations/ExoGame_Greater_Spider_Idle.ExoGame_Greater_Spider_Idle
[2025.10.08-10.10.38:324][870]LogAssetEditorSubsystem: Opening Asset editor for AnimBlueprint /Game/spider_anim.spider_anim
[2025.10.08-10.10.38:357][870]LogNativeClassHierarchy: Verbose: Native class hierarchy updated for 'SkeletonEditor' in 0.0004 seconds. Added 1 classes and 2 folders.
[2025.10.08-10.10.38:367][870]LogTexture: Default maximum texture size for cubemaps generated from long-lat sources has been changed from 512 to unlimited. In order to preserve old behaiour for '/Engine/EditorMaterials/AssetViewer/EpicQuadPanorama_CC+EV1.EpicQuadPanorama_CC+EV1', its maximum texture size has been explicitly set to 512.
[2025.10.08-10.10.38:495][870]LogTexture: Default maximum texture size for cubemaps generated from long-lat sources has been changed from 512 to unlimited. In order to preserve old behaiour for '/Engine/MapTemplates/Sky/SunsetAmbientCubemap.SunsetAmbientCubemap', its maximum texture size has been explicitly set to 512.
[2025.10.08-10.10.38:615][870]LogActorComponent: RegisterComponentWithWorld: (/Engine/Transient.World_4:PersistentLevel.AnimationEditorPreviewActor_0.DebugSkelMeshComponent_0) Already registered. Aborting.
[2025.10.08-10.10.38:627][870]LogNativeClassHierarchy: Verbose: Native class hierarchy updated for 'PinnedCommandList' in 0.0004 seconds. Added 1 classes and 0 folders.
[2025.10.08-10.10.38:954][870]LogNativeClassHierarchy: Verbose: Native class hierarchy updated for 'BlueprintGraph' in 0.0008 seconds. Added 126 classes and 0 folders.
[2025.10.08-10.10.41:038][870]LogSlate: Took 0.001254 seconds to synchronously load lazily loaded font '../../../Engine/Content/Slate/Fonts/Roboto-BoldCondensed.ttf' (158K)
[2025.10.08-10.10.41:223][870]LogSlate: Took 0.010903 seconds to synchronously load lazily loaded font '../../../Engine/Content/Slate/Fonts/DroidSansMono.ttf' (77K)
[2025.10.08-10.10.45:558][ 20]LogSlate: Window 'spider_anim' being destroyed
[2025.10.08-10.11.57:277][572]LogUdpMessaging: Warning: FUdpMessageProcessor::UpdateReassemblers Discarding 1/2 of stale message segements from Sender=155.158.72.33:62928, Sequence=0
[2025.10.08-10.12.27:243][856]LogUdpMessaging: Warning: FUdpMessageProcessor::UpdateReassemblers Discarding 1/2 of stale message segements from Sender=155.158.72.227:57504, Sequence=0
[2025.10.08-10.13.24:962][544]LogBlueprint: Warning: [AssetLog] C:\Users\Student\Desktop\unreal ER\TopDown Shooter\TopDownShooter01\Content\spideranim.uasset: [Compiler] ExoGame_Greater_Spider_Idle to ExoGame_Greater_Spider_Walk_Fwd  will never be taken, please connect something to  Can Enter Transition
[2025.10.08-10.13.24:963][544]LogBlueprint: Warning: [AssetLog] C:\Users\Student\Desktop\unreal ER\TopDown Shooter\TopDownShooter01\Content\spideranim.uasset: [Compiler] ExoGame_Greater_Spider_Walk_Fwd to ExoGame_Greater_Spider_Idle  will never be taken, please connect something to  Can Enter Transition
[2025.10.08-10.13.24:991][544]LogAssetEditorSubsystem: Opening Asset editor for AnimBlueprint /Game/spideranim.spideranim
[2025.10.08-10.13.25:000][544]LogActorComponent: RegisterComponentWithWorld: (/Engine/Transient.World_9:PersistentLevel.AnimationEditorPreviewActor_0.DebugSkelMeshComponent_0) Already registered. Aborting.
[2025.10.08-10.13.40:501][ 47]LogAssetEditorSubsystem: Opening Asset editor for AnimSequence /Game/Characters/Enemy_Great_Spider/Animations/ExoGame_Greater_Spider_Charge.ExoGame_Greater_Spider_Charge
[2025.10.08-10.13.40:522][ 47]LogActorComponent: RegisterComponentWithWorld: (/Engine/Transient.World_12:PersistentLevel.AnimationEditorPreviewActor_0.DebugSkelMeshComponent_0) Already registered. Aborting.
[2025.10.08-10.13.41:568][ 47]LogContentBrowser: Verbose: The majority of assets in the view are of type: AnimSequence
[2025.10.08-10.13.49:331][823]LogUdpMessaging: Warning: FUdpMessageProcessor::UpdateReassemblers Discarding 1/2 of stale message segements from Sender=155.158.72.227:57504, Sequence=0
[2025.10.08-10.14.34:957][470]LogUdpMessaging: Warning: FUdpMessageProcessor::UpdateReassemblers Discarding 1/2 of stale message segements from Sender=155.158.72.227:57504, Sequence=0
[2025.10.08-10.14.47:737][937]BlueprintLog: New page: Compile spider_anim
[2025.10.08-10.14.47:743][937]LogBlueprint: Warning: [AssetLog] C:\Users\Student\Desktop\unreal ER\TopDown Shooter\TopDownShooter01\Content\spider_anim.uasset: [Compiler] ExoGame_Greater_Spider_Idle to ExoGame_Greater_Spider_Walk_Fwd  will never be taken, please connect something to  Can Enter Transition
[2025.10.08-10.14.47:743][937]LogBlueprint: Warning: [AssetLog] C:\Users\Student\Desktop\unreal ER\TopDown Shooter\TopDownShooter01\Content\spider_anim.uasset: [Compiler] ExoGame_Greater_Spider_Walk_Fwd to ExoGame_Greater_Spider_Idle  will never be taken, please connect something to  Can Enter Transition
[2025.10.08-10.14.47:845][937]LogUObjectHash: Compacting FUObjectHashTables data took   6.45ms
[2025.10.08-10.14.55:676][751]LogTemp: Repeating last play command: Selected Viewport
[2025.10.08-10.14.55:683][751]LogPlayLevel: PlayLevel: No blueprints needed recompiling
[2025.10.08-10.14.55:683][751]PIE: New page: PIE session: shooter (8 paź 2025, 14:14:55)
[2025.10.08-10.14.55:683][751]LogPlayLevel: Creating play world package: /Game/UEDPIE_0_shooter
[2025.10.08-10.14.55:689][751]LogPlayLevel: PIE: StaticDuplicateObject took: (0.005520s)
[2025.10.08-10.14.55:691][751]LogAIModule: Creating AISystem for world shooter
[2025.10.08-10.14.55:691][751]LogPlayLevel: PIE: World Init took: (0.002292s)
[2025.10.08-10.14.55:691][751]LogPlayLevel: PIE: Created PIE world by copying editor world from /Game/shooter.shooter to /Game/UEDPIE_0_shooter.shooter (0.007985s)
[2025.10.08-10.14.55:731][751]LogUObjectHash: Compacting FUObjectHashTables data took   5.06ms
[2025.10.08-10.14.55:733][751]LogAudio: Display: Creating Audio Device:                 Id: 4, Scope: Unique, Realtime: True
[2025.10.08-10.14.55:733][751]LogAudioMixer: Display: Audio Mixer Platform Settings:
[2025.10.08-10.14.55:733][751]LogAudioMixer: Display: 	Sample Rate:						  48000
[2025.10.08-10.14.55:733][751]LogAudioMixer: Display: 	Callback Buffer Frame Size Requested: 1024
[2025.10.08-10.14.55:733][751]LogAudioMixer: Display: 	Callback Buffer Frame Size To Use:	  1024
[2025.10.08-10.14.55:733][751]LogAudioMixer: Display: 	Number of buffers to queue:			  2
[2025.10.08-10.14.55:733][751]LogAudioMixer: Display: 	Max Channels (voices):				  32
[2025.10.08-10.14.55:733][751]LogAudioMixer: Display: 	Number of Async Source Workers:		  0
[2025.10.08-10.14.55:733][751]LogAudio: Display: AudioDevice MaxSources: 32
[2025.10.08-10.14.55:734][751]LogAudio: Display: Audio Spatialization Plugin: None (built-in).
[2025.10.08-10.14.55:734][751]LogAudio: Display: Audio Reverb Plugin: None (built-in).
[2025.10.08-10.14.55:734][751]LogAudio: Display: Audio Occlusion Plugin: None (built-in).
[2025.10.08-10.14.55:734][751]LogAudioMixer: Display: Initializing audio mixer.
[2025.10.08-10.14.55:737][751]LogAudioMixer: Display: 0: FrontLeft
[2025.10.08-10.14.55:737][751]LogAudioMixer: Display: 1: FrontRight
[2025.10.08-10.14.55:749][751]LogAudioMixer: Display: Using Audio Device Głośniki (4 — High Definition Audio Device)
[2025.10.08-10.14.55:749][751]LogAudioMixer: Display: Initializing Sound Submixes...
[2025.10.08-10.14.55:749][751]LogAudioMixer: Display: Creating Master Submix 'MasterSubmixDefault'
[2025.10.08-10.14.55:749][751]LogAudioMixer: Display: Creating Master Submix 'MasterReverbSubmixDefault'
[2025.10.08-10.14.55:750][751]LogAudioMixer: Display: Creating Master Submix 'MasterEQSubmixDefault'
[2025.10.08-10.14.55:750][751]LogAudioMixer: FMixerPlatformXAudio2::StartAudioStream() called
[2025.10.08-10.14.55:750][751]LogAudioMixer: Display: Output buffers initialized: Frames=1024, Channels=2, Samples=2048
[2025.10.08-10.14.55:751][751]LogAudioMixer: Display: Starting AudioMixerPlatformInterface::RunInternal()
[2025.10.08-10.14.55:751][751]LogAudioMixer: Display: FMixerPlatformXAudio2::SubmitBuffer() called for the first time
[2025.10.08-10.14.55:751][751]LogInit: FAudioDevice initialized.
[2025.10.08-10.14.55:751][751]LogAudio: Display: Audio Device (ID: 4) registered with world 'shooter'.
[2025.10.08-10.14.55:761][751]LogLoad: Game class is 'gamemode_C'
[2025.10.08-10.14.55:764][751]LogWorld: Bringing World /Game/UEDPIE_0_shooter.shooter up for play (max tick rate 0) at 2025.10.08-12.14.55
[2025.10.08-10.14.55:765][751]LogWorld: Bringing up level for play took: 0.002061
[2025.10.08-10.14.55:765][751]LogOnline: OSS: Creating online subsystem instance for: :Context_18
[2025.10.08-10.14.55:771][751]PIE: Server logged in
[2025.10.08-10.14.55:772][751]PIE: Play in editor total start time 0,09 seconds.
[2025.10.08-10.15.00:258][184]LogSlate: Updating window title bar state: overlay mode, drag disabled, window buttons hidden, title bar hidden
[2025.10.08-10.15.00:258][184]LogWorld: BeginTearingDown for /Game/UEDPIE_0_shooter
[2025.10.08-10.15.00:258][184]LogWorld: UWorld::CleanupWorld for shooter, bSessionEnded=true, bCleanupResources=true
[2025.10.08-10.15.00:258][184]LogSlate: InvalidateAllWidgets triggered.  All widgets were invalidated
[2025.10.08-10.15.00:269][184]LogPlayLevel: Display: Shutting down PIE online subsystems
[2025.10.08-10.15.00:299][184]LogSlate: InvalidateAllWidgets triggered.  All widgets were invalidated
[2025.10.08-10.15.00:334][184]LogSlate: Updating window title bar state: overlay mode, drag disabled, window buttons hidden, title bar hidden
[2025.10.08-10.15.00:334][184]LogAudioMixer: FMixerPlatformXAudio2::StopAudioStream() called
[2025.10.08-10.15.00:335][184]LogAudioMixer: FMixerPlatformXAudio2::StopAudioStream() called
[2025.10.08-10.15.00:343][184]LogUObjectHash: Compacting FUObjectHashTables data took   3.94ms
[2025.10.08-10.15.00:382][185]LogPlayLevel: Display: Destroying online subsystem :Context_18
[2025.10.08-10.15.07:615][470]LogWorld: UWorld::CleanupWorld for World_9, bSessionEnded=true, bCleanupResources=true
[2025.10.08-10.15.07:615][470]LogSlate: InvalidateAllWidgets triggered.  All widgets were invalidated
[2025.10.08-10.15.07:630][470]LogWorld: UWorld::CleanupWorld for World_8, bSessionEnded=true, bCleanupResources=true
[2025.10.08-10.15.07:630][470]LogSlate: InvalidateAllWidgets triggered.  All widgets were invalidated
[2025.10.08-10.15.07:736][470]LogWorld: UWorld::CleanupWorld for World_10, bSessionEnded=true, bCleanupResources=true
[2025.10.08-10.15.07:736][470]LogSlate: InvalidateAllWidgets triggered.  All widgets were invalidated
[2025.10.08-10.15.17:184][103]LogAssetEditorSubsystem: Opening Asset editor for Blueprint /Game/Blueprint/BP/spider1.spider1
[2025.10.08-10.15.50:804][603]LogUdpMessaging: Warning: FUdpMessageProcessor::UpdateReassemblers Discarding 1/2 of stale message segements from Sender=155.158.72.33:62928, Sequence=0
[2025.10.08-10.16.31:247][233]LogUdpMessaging: Warning: FUdpMessageProcessor::UpdateReassemblers Discarding 1/2 of stale message segements from Sender=155.158.72.227:57504, Sequence=0
[2025.10.08-10.17.02:067][608]LogUdpMessaging: Warning: FUdpMessageProcessor::UpdateReassemblers Discarding 1/2 of stale message segements from Sender=155.158.72.227:57504, Sequence=0
[2025.10.08-10.17.22:846][ 44]BlueprintLog: New page: Compile spider1
[2025.10.08-10.17.22:855][ 44]LogBlueprint: Error: [AssetLog] C:\Users\Student\Desktop\unreal ER\TopDown Shooter\TopDownShooter01\Content\Blueprint\BP\spider1.uasset: [Compiler] The type of  Object  is undetermined.  Connect something to  Cast To BP_Soldier  to imply a specific type.
[2025.10.08-10.17.22:856][ 44]LogBlueprint: Error: [AssetLog] C:\Users\Student\Desktop\unreal ER\TopDown Shooter\TopDownShooter01\Content\Blueprint\BP\spider1.uasset: [Compiler] The current value of the ' Object ' pin is invalid: Unsupported type Object Wildcard on pin Object
[2025.10.08-10.17.22:946][ 44]LogUObjectHash: Compacting FUObjectHashTables data took   5.95ms
[2025.10.08-10.17.51:248][307]LogUdpMessaging: Warning: FUdpMessageProcessor::UpdateReassemblers Discarding 1/2 of stale message segements from Sender=155.158.72.33:62928, Sequence=0
[2025.10.08-10.18.14:136][892]LogUObjectHash: Compacting FUObjectHashTables data took   7.07ms
[2025.10.08-10.18.14:170][892]LogSavePackage: Moving '../../../../../../Users/Student/Desktop/unreal ER/TopDown Shooter/TopDownShooter01/Saved/shooter_Auto1957E55D44586A73C3B20CDAAF9DD68A6.tmp' to '../../../../../../Users/Student/Desktop/unreal ER/TopDown Shooter/TopDownShooter01/Saved/Autosaves/Game/shooter_Auto1.umap'
[2025.10.08-10.18.14:175][892]LogFileHelpers: Editor autosave (incl. external actors) for '/Game/shooter' took 0.084
[2025.10.08-10.18.14:175][892]LogFileHelpers: Editor autosave (incl. sublevels & external actors) for all levels took 0.084
[2025.10.08-10.18.14:176][892]OBJ SavePackage: Generating thumbnails for [2] asset(s) in package [/Game/Blueprint/BP/spider1] ([2] browsable assets)...
[2025.10.08-10.18.14:208][892]OBJ SavePackage:     Rendered thumbnail for [BlueprintGeneratedClass /Game/Blueprint/BP/spider1.spider1_C]
[2025.10.08-10.18.14:225][892]OBJ SavePackage:     Rendered thumbnail for [Blueprint /Game/Blueprint/BP/spider1.spider1]
[2025.10.08-10.18.14:225][892]OBJ SavePackage: Finished generating thumbnails for package [/Game/Blueprint/BP/spider1]
[2025.10.08-10.18.14:247][892]LogSavePackage: Moving '../../../../../../Users/Student/Desktop/unreal ER/TopDown Shooter/TopDownShooter01/Saved/spider1_Auto1C17AB50E4429A3555BD4E1AC034D07FD.tmp' to '../../../../../../Users/Student/Desktop/unreal ER/TopDown Shooter/TopDownShooter01/Saved/Autosaves/Game/Blueprint/BP/spider1_Auto1.uasset'
[2025.10.08-10.18.14:248][892]OBJ SavePackage: Generating thumbnails for [2] asset(s) in package [/Game/spider_anim] ([2] browsable assets)...
[2025.10.08-10.18.14:266][892]OBJ SavePackage:     Rendered thumbnail for [AnimBlueprint /Game/spider_anim.spider_anim]
[2025.10.08-10.18.14:266][892]OBJ SavePackage: Finished generating thumbnails for package [/Game/spider_anim]
[2025.10.08-10.18.14:291][892]LogSavePackage: Moving '../../../../../../Users/Student/Desktop/unreal ER/TopDown Shooter/TopDownShooter01/Saved/spider_anim_Auto1078B569342122180EA040989176565B3.tmp' to '../../../../../../Users/Student/Desktop/unreal ER/TopDown Shooter/TopDownShooter01/Saved/Autosaves/Game/spider_anim_Auto1.uasset'
[2025.10.08-10.18.14:292][892]LogFileHelpers: Auto-saving content packages took 0.117
[2025.10.08-10.18.21:777][740]BlueprintLog: New page: Compile spider1
[2025.10.08-10.18.21:850][740]LogUObjectHash: Compacting FUObjectHashTables data took   4.52ms
[2025.10.08-10.19.58:951][820]LogUdpMessaging: Warning: FUdpMessageProcessor::UpdateReassemblers Discarding 1/2 of stale message segements from Sender=155.158.72.33:62928, Sequence=0
[2025.10.08-10.20.01:454][108]LogUdpMessaging: Warning: FUdpMessageProcessor::UpdateReassemblers Discarding 1/2 of stale message segements from Sender=155.158.72.224:51295, Sequence=0
[2025.10.08-10.20.38:098][442]BlueprintLog: New page: Compile spider1
[2025.10.08-10.20.38:177][442]LogUObjectHash: Compacting FUObjectHashTables data took   6.00ms
[2025.10.08-10.22.24:750][147]LogEditorTransaction: Undo Create Reroute Node
[2025.10.08-10.22.25:030][147]LogActorComponent: RegisterComponentWithWorld: (/Engine/Transient.World_4:PersistentLevel.AnimationEditorPreviewActor_0.DebugSkelMeshComponent_0) Already registered. Aborting.
[2025.10.08-10.22.25:038][147]LogActorComponent: RegisterComponentWithWorld: (/Engine/Transient.World_12:PersistentLevel.AnimationEditorPreviewActor_0.DebugSkelMeshComponent_0) Already registered. Aborting.
[2025.10.08-10.22.51:963][953]LogEditorTransaction: Undo Move Node
[2025.10.08-10.22.52:237][953]LogActorComponent: RegisterComponentWithWorld: (/Engine/Transient.World_4:PersistentLevel.AnimationEditorPreviewActor_0.DebugSkelMeshComponent_0) Already registered. Aborting.
[2025.10.08-10.22.52:240][953]LogActorComponent: RegisterComponentWithWorld: (/Engine/Transient.World_12:PersistentLevel.AnimationEditorPreviewActor_0.DebugSkelMeshComponent_0) Already registered. Aborting.
[2025.10.08-10.22.52:406][955]LogEditorTransaction: Undo Add Node
[2025.10.08-10.22.52:675][955]LogActorComponent: RegisterComponentWithWorld: (/Engine/Transient.World_4:PersistentLevel.AnimationEditorPreviewActor_0.DebugSkelMeshComponent_0) Already registered. Aborting.
[2025.10.08-10.22.52:678][955]LogActorComponent: RegisterComponentWithWorld: (/Engine/Transient.World_12:PersistentLevel.AnimationEditorPreviewActor_0.DebugSkelMeshComponent_0) Already registered. Aborting.
[2025.10.08-10.25.11:020][230]LogEditorTransaction: Undo Move Node
[2025.10.08-10.25.11:305][230]LogActorComponent: RegisterComponentWithWorld: (/Engine/Transient.World_4:PersistentLevel.AnimationEditorPreviewActor_0.DebugSkelMeshComponent_0) Already registered. Aborting.
[2025.10.08-10.25.11:308][230]LogActorComponent: RegisterComponentWithWorld: (/Engine/Transient.World_12:PersistentLevel.AnimationEditorPreviewActor_0.DebugSkelMeshComponent_0) Already registered. Aborting.
[2025.10.08-10.27.08:513][121]BlueprintLog: New page: Compile spider1
[2025.10.08-10.27.08:516][121]LogBlueprint: Warning: [AssetLog] C:\Users\Student\Desktop\unreal ER\TopDown Shooter\TopDownShooter01\Content\Blueprint\BP\spider1.uasset: [Compiler] Is Attack Range  was pruned because its Exec pin is not connected, the connected value is not available and will instead be read as default
[2025.10.08-10.27.08:595][121]LogUObjectHash: Compacting FUObjectHashTables data took   6.56ms
[2025.10.08-10.28.04:840][602]LogSlate: Took 0.013385 seconds to synchronously load lazily loaded font '../../../Engine/Content/Slate/Fonts/Roboto-BoldCondensedItalic.ttf' (160K)
[2025.10.08-10.28.55:876][ 84]BlueprintLog: New page: Compile spider1
[2025.10.08-10.28.55:882][ 84]LogBlueprint: Error: [AssetLog] C:\Users\Student\Desktop\unreal ER\TopDown Shooter\TopDownShooter01\Content\Blueprint\BP\spider1.uasset: [Compiler] Can't connect pins  Return Value  and  Return Value : Convert Boolean to Float
[2025.10.08-10.28.55:882][ 84]LogBlueprint: Error: [AssetLog] C:\Users\Student\Desktop\unreal ER\TopDown Shooter\TopDownShooter01\Content\Blueprint\BP\spider1.uasset: [Compiler] Can't connect pins  Return Value  and  Return Value : Convert Boolean to Float
[2025.10.08-10.28.55:955][ 84]LogUObjectHash: Compacting FUObjectHashTables data took   6.05ms
[2025.10.08-10.32.42:154][761]BlueprintLog: New page: Compile spider1
[2025.10.08-10.32.42:235][761]LogUObjectHash: Compacting FUObjectHashTables data took   5.81ms
[2025.10.08-10.33.15:168][480]BlueprintLog: New page: Compile spider1
[2025.10.08-10.33.15:248][480]LogUObjectHash: Compacting FUObjectHashTables data took   5.84ms
[2025.10.08-10.34.21:972][133]BlueprintLog: New page: Compile spider1
[2025.10.08-10.34.22:052][133]LogUObjectHash: Compacting FUObjectHashTables data took   5.74ms
[2025.10.08-10.35.30:420][520]LogUObjectHash: Compacting FUObjectHashTables data took   5.48ms
[2025.10.08-10.35.30:440][520]LogSavePackage: Moving '../../../../../../Users/Student/Desktop/unreal ER/TopDown Shooter/TopDownShooter01/Saved/shooter_Auto28C3605894ECD07BB7B0320A38C1C2DDC.tmp' to '../../../../../../Users/Student/Desktop/unreal ER/TopDown Shooter/TopDownShooter01/Saved/Autosaves/Game/shooter_Auto2.umap'
[2025.10.08-10.35.30:442][520]LogFileHelpers: Editor autosave (incl. external actors) for '/Game/shooter' took 0.072
[2025.10.08-10.35.30:442][520]LogFileHelpers: Editor autosave (incl. sublevels & external actors) for all levels took 0.072
[2025.10.08-10.35.30:442][520]OBJ SavePackage: Generating thumbnails for [1] asset(s) in package [/Game/Blueprint/BP/spider1] ([2] browsable assets)...
[2025.10.08-10.35.30:462][520]OBJ SavePackage:     Rendered thumbnail for [Blueprint /Game/Blueprint/BP/spider1.spider1]
[2025.10.08-10.35.30:462][520]OBJ SavePackage: Finished generating thumbnails for package [/Game/Blueprint/BP/spider1]
[2025.10.08-10.35.30:487][520]LogSavePackage: Moving '../../../../../../Users/Student/Desktop/unreal ER/TopDown Shooter/TopDownShooter01/Saved/spider1_Auto2168D8BB54B113D94A483B5A02B43AF8C.tmp' to '../../../../../../Users/Student/Desktop/unreal ER/TopDown Shooter/TopDownShooter01/Saved/Autosaves/Game/Blueprint/BP/spider1_Auto2.uasset'
[2025.10.08-10.35.30:488][520]LogFileHelpers: Auto-saving content packages took 0.047
[2025.10.08-10.39.37:747][747]Cmd: OBJ SAVEPACKAGE PACKAGE="/Game/Blueprint/BP/spider1" FILE="../../../../../../Users/Student/Desktop/unreal ER/TopDown Shooter/TopDownShooter01/Content/Blueprint/BP/spider1.uasset" SILENT=true
[2025.10.08-10.39.37:765][747]LogSavePackage: Moving '../../../../../../Users/Student/Desktop/unreal ER/TopDown Shooter/TopDownShooter01/Saved/spider1A3AA6E4E49F1DC59043EA5982C36305D.tmp' to '../../../../../../Users/Student/Desktop/unreal ER/TopDown Shooter/TopDownShooter01/Content/Blueprint/BP/spider1.uasset'
[2025.10.08-10.39.37:791][747]AssetCheck: New page: Asset Save: spider1
[2025.10.08-10.39.37:793][747]LogContentValidation: Display: Validating Blueprint /Game/Blueprint/BP/spider1.spider1
