Log file open, 04/02/25 18:17:46
LogWindows: Failed to load 'aqProf.dll' (GetLastError=126)
LogWindows: File 'aqProf.dll' does not exist
LogWindows: Failed to load 'VtuneApi.dll' (GetLastError=126)
LogWindows: File 'VtuneApi.dll' does not exist
LogWindows: Failed to load 'VtuneApi32e.dll' (GetLastError=126)
LogWindows: File 'VtuneApi32e.dll' does not exist
LogConsoleResponse: Display: Failed to find resolution value strings in scalability ini. Falling back to default.
LogConsoleResponse: Display: Failed to find resolution value strings in scalability ini. Falling back to default.
LogInit: Display: Running engine for game: MyProject2
LogPlatformFile: Not using cached read wrapper
LogTaskGraph: Started task graph with 5 named threads and 47 total threads with 3 sets of task threads.
LogStats: Stats thread started at 0.211123
LogICUInternationalization: ICU TimeZone Detection - Raw Offset: +1:00, Platform Override: ''
LogInit: Display: Loading text-based GConfig....
LogPluginManager: Mounting plugin MeshPainting
LogPluginManager: Mounting plugin XGEController
LogPluginManager: Mounting plugin AISupport
LogPluginManager: Mounting plugin Paper2D
LogPluginManager: Mounting plugin CameraShakePreviewer
LogPluginManager: Mounting plugin EnvironmentQueryEditor
LogPluginManager: Mounting plugin GameplayCameras
LogPluginManager: Mounting plugin OodleData
LogPluginManager: Mounting plugin AnimationSharing
LogPluginManager: Mounting plugin CLionSourceCodeAccess
LogPluginManager: Mounting plugin LightPropagationVolume
LogPluginManager: Mounting plugin OodleNetwork
LogPluginManager: Mounting plugin GitSourceControl
LogPluginManager: Mounting plugin NullSourceCodeAccess
LogPluginManager: Mounting plugin CodeLiteSourceCodeAccess
LogPluginManager: Mounting plugin PerforceSourceControl
LogPluginManager: Mounting plugin PropertyAccessNode
LogPluginManager: Mounting plugin TextureFormatOodle
LogPluginManager: Mounting plugin RiderSourceCodeAccess
LogPluginManager: Mounting plugin KDevelopSourceCodeAccess
LogPluginManager: Mounting plugin SubversionSourceControl
LogPluginManager: Mounting plugin PlasticSourceControl
LogPluginManager: Mounting plugin PixWinPlugin
LogPluginManager: Mounting plugin PluginUtils
LogPluginManager: Mounting plugin VisualStudioCodeSourceCodeAccess
LogPluginManager: Mounting plugin VisualStudioSourceCodeAccess
LogPluginManager: Mounting plugin XCodeSourceCodeAccess
LogPluginManager: Mounting plugin UObjectPlugin
LogPluginManager: Mounting plugin DatasmithContent
LogPluginManager: Mounting plugin VariantManagerContent
LogPluginManager: Mounting plugin AlembicImporter
LogPluginManager: Mounting plugin AssetManagerEditor
LogPluginManager: Mounting plugin BackChannel
LogPluginManager: Mounting plugin ChaosCloth
LogPluginManager: Mounting plugin AutomationUtils
LogPluginManager: Mounting plugin ChaosEditor
LogPluginManager: Mounting plugin ChaosClothEditor
LogPluginManager: Mounting plugin ChaosNiagara
LogPluginManager: Mounting plugin ChaosSolverPlugin
LogPluginManager: Mounting plugin CharacterAI
LogPluginManager: Mounting plugin Niagara
LogPluginManager: Mounting plugin CryptoKeys
LogPluginManager: Mounting plugin CurveEditorTools
LogPluginManager: Mounting plugin DataValidation
LogPluginManager: Mounting plugin GameplayTagsEditor
LogPluginManager: Mounting plugin FacialAnimation
LogPluginManager: Mounting plugin GeometryMode
LogPluginManager: Mounting plugin GeometryCache
LogPluginManager: Mounting plugin MaterialAnalyzer
LogPluginManager: Mounting plugin MacGraphicsSwitching
LogPluginManager: Mounting plugin GeometryCollectionPlugin
LogPluginManager: Mounting plugin MobileLauncherProfileWizard
LogPluginManager: Mounting plugin PluginBrowser
LogPluginManager: Mounting plugin SpeedTreeImporter
LogPluginManager: Mounting plugin GeometryProcessing
LogPluginManager: Mounting plugin MotoSynth
LogPluginManager: Mounting plugin OpenImageDenoise
LogPluginManager: Mounting plugin PlatformCrypto
LogPluginManager: Mounting plugin PlanarCut
LogPluginManager: Mounting plugin ProxyLODPlugin
LogPluginManager: Mounting plugin PythonScriptPlugin
LogPluginManager: Mounting plugin SkeletalReduction
LogPluginManager: Mounting plugin AndroidMedia
LogPluginManager: Mounting plugin AvfMedia
LogPluginManager: Mounting plugin ImgMedia
LogPluginManager: Mounting plugin MediaCompositing
LogPluginManager: Mounting plugin MediaPlayerEditor
LogPluginManager: Mounting plugin WebMMedia
LogPluginManager: Mounting plugin WmfMedia
LogPluginManager: Mounting plugin LuminPlatformFeatures
LogPluginManager: Mounting plugin MagicLeap
LogPluginManager: Mounting plugin MagicLeapMedia
LogPluginManager: Mounting plugin MagicLeapLightEstimation
LogPluginManager: Mounting plugin MagicLeapPassableWorld
LogPluginManager: Mounting plugin MLSDK
LogPluginManager: Mounting plugin TcpMessaging
LogPluginManager: Mounting plugin UdpMessaging
LogPluginManager: Mounting plugin ActorSequence
LogPluginManager: Mounting plugin OnlineSubsystem
LogPluginManager: Mounting plugin OnlineSubsystemNull
LogPluginManager: Mounting plugin OnlineSubsystemUtils
LogPluginManager: Mounting plugin MatineeToLevelSequence
LogPluginManager: Mounting plugin LevelSequenceEditor
LogPluginManager: Mounting plugin TemplateSequence
LogPluginManager: Mounting plugin ActorLayerUtilities
LogPluginManager: Mounting plugin AndroidDeviceProfileSelector
LogPluginManager: Mounting plugin AndroidPermission
LogPluginManager: Mounting plugin AndroidMoviePlayer
LogPluginManager: Mounting plugin AppleImageUtils
LogPluginManager: Mounting plugin AppleMoviePlayer
LogPluginManager: Mounting plugin ArchVisCharacter
LogPluginManager: Mounting plugin AudioCapture
LogPluginManager: Mounting plugin AssetTags
LogPluginManager: Mounting plugin LauncherChunkInstaller
LogPluginManager: Mounting plugin AudioSynesthesia
LogPluginManager: Mounting plugin CableComponent
LogPluginManager: Mounting plugin ChunkDownloader
LogPluginManager: Mounting plugin CustomMeshComponent
LogPluginManager: Mounting plugin EditableMesh
LogPluginManager: Mounting plugin ExampleDeviceProfileSelector
LogPluginManager: Mounting plugin GoogleCloudMessaging
LogPluginManager: Mounting plugin GooglePAD
LogPluginManager: Mounting plugin IOSDeviceProfileSelector
LogPluginManager: Mounting plugin LinuxDeviceProfileSelector
LogPluginManager: Mounting plugin LocationServicesBPLibrary
LogPluginManager: Mounting plugin MobilePatchingUtils
LogPluginManager: Mounting plugin OpenXR
LogPluginManager: Mounting plugin OpenXRHandTracking
LogPluginManager: Mounting plugin OpenXREyeTracker
LogPluginManager: Mounting plugin PhysXVehicles
LogPluginManager: Mounting plugin Takes
LogPluginManager: Mounting plugin ScreenshotTools
LogPluginManager: Mounting plugin PostSplashScreen
LogPluginManager: Mounting plugin ProceduralMeshComponent
LogPluginManager: Mounting plugin PropertyAccessEditor
LogPluginManager: Mounting plugin SignificanceManager
LogPluginManager: Mounting plugin RuntimePhysXCooking
LogPluginManager: Mounting plugin SoundFields
LogPluginManager: Mounting plugin Synthesis
LogPluginManager: Mounting plugin WebMMoviePlayer
LogPluginManager: Mounting plugin WindowsMoviePlayer
LogPluginManager: Mounting plugin LiveLink
LogPluginManager: Mounting plugin ContentBrowserClassDataSource
LogPluginManager: Mounting plugin ContentBrowserAssetDataSource
LogPluginManager: Mounting plugin ContentBrowserFileDataSource
LogPluginManager: Mounting plugin OnlineSubsystemGooglePlay
LogPluginManager: Mounting plugin OnlineSubsystemIOS
LogPluginManager: Mounting plugin OculusVR
LogPluginManager: Mounting plugin SteamVR
PixWinPlugin: PIX capture plugin failed to initialize! Check that the process is launched from PIX.
LogLuminAPIImpl: Warning: MLSDK not found.  This likely means the MLSDK environment variable is not set.
LogInit: Using libcurl 7.55.1-DEV
LogInit:  - built for x86_64-pc-win32
LogInit:  - supports SSL with OpenSSL/1.1.1
LogInit:  - supports HTTP deflate (compression) using libz 1.2.8
LogInit:  - other features:
LogInit:      CURL_VERSION_SSL
LogInit:      CURL_VERSION_LIBZ
LogInit:      CURL_VERSION_IPV6
LogInit:      CURL_VERSION_ASYNCHDNS
LogInit:      CURL_VERSION_LARGEFILE
LogInit:      CURL_VERSION_IDN
LogInit:  CurlRequestOptions (configurable via config and command line):
LogInit:  - bVerifyPeer = true  - Libcurl will verify peer certificate
LogInit:  - bUseHttpProxy = false  - Libcurl will NOT use HTTP proxy
LogInit:  - bDontReuseConnections = false  - Libcurl will reuse connections
LogInit:  - MaxHostConnections = 16  - Libcurl will limit the number of connections to a host
LogInit:  - LocalHostAddr = Default
LogInit:  - BufferSize = 65536
LogOnline: OSS: Creating online subsystem instance for: NULL
LogInit: WinSock: version 1.1 (2.2), MaxSocks=32767, MaxUdp=65467
LogOnline: OSS: TryLoadSubsystemAndSetDefault: Loaded subsystem for module [NULL]
LogOculusPluginWrapper: OculusPlugin initialized successfully
LogHMD: Failed initializing OVRPlugin 1.59.0
LogInit: Build: ++UE4+Release-4.27-CL-18319896
LogInit: Engine Version: 4.27.2-18319896+++UE4+Release-4.27
LogInit: Compatible Engine Version: 4.27.0-17155196+++UE4+Release-4.27
LogInit: Net CL: 17155196
LogInit: OS: Windows 10 (Release 2009) (), CPU: AMD Ryzen 7 5700G with Radeon Graphics         , GPU: NVIDIA GeForce RTX 4060 Ti
LogInit: Compiled (64-bit): Nov 30 2021 07:12:08
LogInit: Compiled with Visual C++: 19.24.28315.00
LogInit: Build Configuration: Development
LogInit: Branch Name: ++UE4+Release-4.27
LogInit: Command Line:  -AUTH_LOGIN=unused -AUTH_PASSWORD=e6a4c18153c6496bafbc8f634625e569 -AUTH_TYPE=exchangecode -epicapp=UE_4.27 -epicenv=Prod -EpicPortal -epicusername=Jolyett -epicuserid=c6b01806bbeb48319634bb48a78da820 -epiclocale=pl -epicsandboxid=ue
LogInit: Base Directory: D:/Epic Games/UE_4.27/Engine/Binaries/Win64/
LogInit: Allocator: TBB
LogInit: Installed Engine Build: 1
LogDevObjectVersion: Number of dev versions registered: 29
LogDevObjectVersion:   Dev-Blueprints (B0D832E4-1F89-4F0D-ACCF-7EB736FD4AA2): 10
LogDevObjectVersion:   Dev-Build (E1C64328-A22C-4D53-A36C-8E866417BD8C): 0
LogDevObjectVersion:   Dev-Core (375EC13C-06E4-48FB-B500-84F0262A717E): 4
LogDevObjectVersion:   Dev-Editor (E4B068ED-F494-42E9-A231-DA0B2E46BB41): 40
LogDevObjectVersion:   Dev-Framework (CFFC743F-43B0-4480-9391-14DF171D2073): 37
LogDevObjectVersion:   Dev-Mobile (B02B49B5-BB20-44E9-A304-32B752E40360): 3
LogDevObjectVersion:   Dev-Networking (A4E4105C-59A1-49B5-A7C5-40C4547EDFEE): 0
LogDevObjectVersion:   Dev-Online (39C831C9-5AE6-47DC-9A44-9C173E1C8E7C): 0
LogDevObjectVersion:   Dev-Physics (78F01B33-EBEA-4F98-B9B4-84EACCB95AA2): 14
LogDevObjectVersion:   Dev-Platform (6631380F-2D4D-43E0-8009-CF276956A95A): 0
LogDevObjectVersion:   Dev-Rendering (12F88B9F-8875-4AFC-A67C-D90C383ABD29): 45
LogDevObjectVersion:   Dev-Sequencer (7B5AE74C-D270-4C10-A958-57980B212A5A): 13
LogDevObjectVersion:   Dev-VR (D7296918-1DD6-4BDD-9DE2-64A83CC13884): 3
LogDevObjectVersion:   Dev-LoadTimes (C2A15278-BFE7-4AFE-6C17-90FF531DF755): 1
LogDevObjectVersion:   Private-Geometry (6EACA3D4-40EC-4CC1-B786-8BED09428FC5): 3
LogDevObjectVersion:   Dev-AnimPhys (29E575DD-E0A3-4627-9D10-D276232CDCEA): 17
LogDevObjectVersion:   Dev-Anim (AF43A65D-7FD3-4947-9873-3E8ED9C1BB05): 15
LogDevObjectVersion:   Dev-ReflectionCapture (6B266CEC-1EC7-4B8F-A30B-E4D90942FC07): 1
LogDevObjectVersion:   Dev-Automation (0DF73D61-A23F-47EA-B727-89E90C41499A): 1
LogDevObjectVersion:   FortniteMain (601D1886-AC64-4F84-AA16-D3DE0DEAC7D6): 47
LogDevObjectVersion:   FortniteRelease (E7086368-6B23-4C58-8439-1B7016265E91): 1
LogDevObjectVersion:   Dev-Enterprise (9DFFBCD6-494F-0158-E221-12823C92A888): 10
LogDevObjectVersion:   Dev-Niagara (F2AED0AC-9AFE-416F-8664-AA7FFA26D6FC): 1
LogDevObjectVersion:   Dev-Destruction (174F1F0B-B4C6-45A5-B13F-2EE8D0FB917D): 10
LogDevObjectVersion:   Dev-Physics-Ext (35F94A83-E258-406C-A318-09F59610247C): 41
LogDevObjectVersion:   Dev-PhysicsMaterial-Chaos (B68FC16E-8B1B-42E2-B453-215C058844FE): 1
LogDevObjectVersion:   Dev-CineCamera (B2E18506-4273-CFC2-A54E-F4BB758BBA07): 1
LogDevObjectVersion:   Dev-VirtualProduction (64F58936-FD1B-42BA-BA96-7289D5D0FA4E): 1
LogDevObjectVersion:   Dev-MediaFramework (6F0ED827-A609-4895-9C91-998D90180EA4): 2
LogInit: Presizing for max 25165824 objects, including 0 objects not considered by GC, pre-allocating 0 bytes for permanent pool.
LogConfig: Applying CVar settings from Section [/Script/Engine.StreamingSettings] File [C:/Users/student/Documents/Unreal Projects/MyProject2/Saved/Config/Windows/Engine.ini]
LogConfig: Setting CVar [[s.MinBulkDataSizeForAsyncLoading:131072]]
LogConfig: Setting CVar [[s.AsyncLoadingThreadEnabled:0]]
LogConfig: Setting CVar [[s.EventDrivenLoaderEnabled:1]]
LogConfig: Setting CVar [[s.WarnIfTimeLimitExceeded:0]]
LogConfig: Setting CVar [[s.TimeLimitExceededMultiplier:1.5]]
LogConfig: Setting CVar [[s.TimeLimitExceededMinTime:0.005]]
LogConfig: Setting CVar [[s.UseBackgroundLevelStreaming:1]]
LogConfig: Setting CVar [[s.PriorityAsyncLoadingExtraTime:15.0]]
LogConfig: Setting CVar [[s.LevelStreamingActorsUpdateTimeLimit:5.0]]
LogConfig: Setting CVar [[s.PriorityLevelStreamingActorsUpdateExtraTime:5.0]]
LogConfig: Setting CVar [[s.LevelStreamingComponentsRegistrationGranularity:10]]
LogConfig: Setting CVar [[s.UnregisterComponentsTimeLimit:1.0]]
LogConfig: Setting CVar [[s.LevelStreamingComponentsUnregistrationGranularity:5]]
LogConfig: Setting CVar [[s.FlushStreamingOnExit:1]]
LogInit: Object subsystem initialized
LogConfig: Setting CVar [[con.DebugEarlyDefault:1]]
LogConfig: Setting CVar [[r.setres:1280x720]]
[2025.04.02-16.17.46:472][  0]LogConfig: Setting CVar [[r.VSync:0]]
[2025.04.02-16.17.46:472][  0]LogConfig: Setting CVar [[r.RHICmdBypass:0]]
[2025.04.02-16.17.46:472][  0]LogConfig: Applying CVar settings from Section [/Script/Engine.RendererSettings] File [C:/Users/student/Documents/Unreal Projects/MyProject2/Saved/Config/Windows/Engine.ini]
[2025.04.02-16.17.46:472][  0]LogConfig: Setting CVar [[r.GPUCrashDebugging:0]]
[2025.04.02-16.17.46:472][  0]LogConfig: Applying CVar settings from Section [/Script/Engine.RendererOverrideSettings] File [C:/Users/student/Documents/Unreal Projects/MyProject2/Saved/Config/Windows/Engine.ini]
[2025.04.02-16.17.46:472][  0]LogConfig: Applying CVar settings from Section [/Script/Engine.StreamingSettings] File [C:/Users/student/Documents/Unreal Projects/MyProject2/Saved/Config/Windows/Engine.ini]
[2025.04.02-16.17.46:472][  0]LogConfig: Setting CVar [[s.MinBulkDataSizeForAsyncLoading:131072]]
[2025.04.02-16.17.46:472][  0]LogConfig: Setting CVar [[s.AsyncLoadingThreadEnabled:0]]
[2025.04.02-16.17.46:472][  0]LogConfig: Setting CVar [[s.EventDrivenLoaderEnabled:1]]
[2025.04.02-16.17.46:472][  0]LogConfig: Setting CVar [[s.WarnIfTimeLimitExceeded:0]]
[2025.04.02-16.17.46:472][  0]LogConfig: Setting CVar [[s.TimeLimitExceededMultiplier:1.5]]
[2025.04.02-16.17.46:472][  0]LogConfig: Setting CVar [[s.TimeLimitExceededMinTime:0.005]]
[2025.04.02-16.17.46:472][  0]LogConfig: Setting CVar [[s.UseBackgroundLevelStreaming:1]]
[2025.04.02-16.17.46:472][  0]LogConfig: Setting CVar [[s.PriorityAsyncLoadingExtraTime:15.0]]
[2025.04.02-16.17.46:472][  0]LogConfig: Setting CVar [[s.LevelStreamingActorsUpdateTimeLimit:5.0]]
[2025.04.02-16.17.46:472][  0]LogConfig: Setting CVar [[s.PriorityLevelStreamingActorsUpdateExtraTime:5.0]]
[2025.04.02-16.17.46:472][  0]LogConfig: Setting CVar [[s.LevelStreamingComponentsRegistrationGranularity:10]]
[2025.04.02-16.17.46:472][  0]LogConfig: Setting CVar [[s.UnregisterComponentsTimeLimit:1.0]]
[2025.04.02-16.17.46:472][  0]LogConfig: Setting CVar [[s.LevelStreamingComponentsUnregistrationGranularity:5]]
[2025.04.02-16.17.46:472][  0]LogConfig: Setting CVar [[s.FlushStreamingOnExit:1]]
[2025.04.02-16.17.46:472][  0]LogConfig: Applying CVar settings from Section [/Script/Engine.GarbageCollectionSettings] File [C:/Users/student/Documents/Unreal Projects/MyProject2/Saved/Config/Windows/Engine.ini]
[2025.04.02-16.17.46:472][  0]LogConfig: Setting CVar [[gc.MaxObjectsNotConsideredByGC:1]]
[2025.04.02-16.17.46:472][  0]LogConfig: Setting CVar [[gc.SizeOfPermanentObjectPool:0]]
[2025.04.02-16.17.46:472][  0]LogConfig: Setting CVar [[gc.FlushStreamingOnGC:0]]
[2025.04.02-16.17.46:472][  0]LogConfig: Setting CVar [[gc.NumRetriesBeforeForcingGC:10]]
[2025.04.02-16.17.46:472][  0]LogConfig: Setting CVar [[gc.AllowParallelGC:1]]
[2025.04.02-16.17.46:472][  0]LogConfig: Setting CVar [[gc.TimeBetweenPurgingPendingKillObjects:61.1]]
[2025.04.02-16.17.46:472][  0]LogConfig: Setting CVar [[gc.MaxObjectsInEditor:25165824]]
[2025.04.02-16.17.46:472][  0]LogConfig: Setting CVar [[gc.IncrementalBeginDestroyEnabled:1]]
[2025.04.02-16.17.46:472][  0]LogConfig: Setting CVar [[gc.CreateGCClusters:1]]
[2025.04.02-16.17.46:472][  0]LogConfig: Setting CVar [[gc.MinGCClusterSize:5]]
[2025.04.02-16.17.46:472][  0]LogConfig: Setting CVar [[gc.ActorClusteringEnabled:0]]
[2025.04.02-16.17.46:472][  0]LogConfig: Setting CVar [[gc.BlueprintClusteringEnabled:0]]
[2025.04.02-16.17.46:472][  0]LogConfig: Setting CVar [[gc.UseDisregardForGCOnDedicatedServers:0]]
[2025.04.02-16.17.46:472][  0]LogConfig: Setting CVar [[gc.MultithreadedDestructionEnabled:1]]
[2025.04.02-16.17.46:472][  0]LogConfig: Applying CVar settings from Section [/Script/Engine.NetworkSettings] File [C:/Users/student/Documents/Unreal Projects/MyProject2/Saved/Config/Windows/Engine.ini]
[2025.04.02-16.17.46:472][  0]LogConfig: Applying CVar settings from Section [/Script/UnrealEd.CookerSettings] File [C:/Users/student/Documents/Unreal Projects/MyProject2/Saved/Config/Windows/Engine.ini]
[2025.04.02-16.17.46:490][  0]LogConfig: Applying CVar settings from Section [ViewDistanceQuality@3] File [C:/Users/student/Documents/Unreal Projects/MyProject2/Saved/Config/Windows/Scalability.ini]
[2025.04.02-16.17.46:490][  0]LogConfig: Setting CVar [[r.SkeletalMeshLODBias:0]]
[2025.04.02-16.17.46:490][  0]LogConfig: Setting CVar [[r.ViewDistanceScale:1.0]]
[2025.04.02-16.17.46:490][  0]LogConfig: Applying CVar settings from Section [AntiAliasingQuality@3] File [C:/Users/student/Documents/Unreal Projects/MyProject2/Saved/Config/Windows/Scalability.ini]
[2025.04.02-16.17.46:490][  0]LogConfig: Setting CVar [[r.PostProcessAAQuality:4]]
[2025.04.02-16.17.46:490][  0]LogConfig: Applying CVar settings from Section [ShadowQuality@3] File [C:/Users/student/Documents/Unreal Projects/MyProject2/Saved/Config/Windows/Scalability.ini]
[2025.04.02-16.17.46:490][  0]LogConfig: Setting CVar [[r.LightFunctionQuality:1]]
[2025.04.02-16.17.46:490][  0]LogConfig: Setting CVar [[r.ShadowQuality:5]]
[2025.04.02-16.17.46:490][  0]LogConfig: Setting CVar [[r.Shadow.CSM.MaxCascades:10]]
[2025.04.02-16.17.46:490][  0]LogConfig: Setting CVar [[r.Shadow.MaxResolution:2048]]
[2025.04.02-16.17.46:490][  0]LogConfig: Setting CVar [[r.Shadow.MaxCSMResolution:2048]]
[2025.04.02-16.17.46:490][  0]LogConfig: Setting CVar [[r.Shadow.RadiusThreshold:0.01]]
[2025.04.02-16.17.46:490][  0]LogConfig: Setting CVar [[r.Shadow.DistanceScale:1.0]]
[2025.04.02-16.17.46:490][  0]LogConfig: Setting CVar [[r.Shadow.CSM.TransitionScale:1.0]]
[2025.04.02-16.17.46:490][  0]LogConfig: Setting CVar [[r.Shadow.PreShadowResolutionFactor:1.0]]
[2025.04.02-16.17.46:490][  0]LogConfig: Setting CVar [[r.DistanceFieldShadowing:1]]
[2025.04.02-16.17.46:490][  0]LogConfig: Setting CVar [[r.DistanceFieldAO:1]]
[2025.04.02-16.17.46:490][  0]LogConfig: Setting CVar [[r.AOQuality:2]]
[2025.04.02-16.17.46:490][  0]LogConfig: Setting CVar [[r.VolumetricFog:1]]
[2025.04.02-16.17.46:490][  0]LogConfig: Setting CVar [[r.VolumetricFog.GridPixelSize:8]]
[2025.04.02-16.17.46:490][  0]LogConfig: Setting CVar [[r.VolumetricFog.GridSizeZ:128]]
[2025.04.02-16.17.46:490][  0]LogConfig: Setting CVar [[r.VolumetricFog.HistoryMissSupersampleCount:4]]
[2025.04.02-16.17.46:490][  0]LogConfig: Setting CVar [[r.LightMaxDrawDistanceScale:1]]
[2025.04.02-16.17.46:490][  0]LogConfig: Setting CVar [[r.CapsuleShadows:1]]
[2025.04.02-16.17.46:490][  0]LogConfig: Applying CVar settings from Section [PostProcessQuality@3] File [C:/Users/student/Documents/Unreal Projects/MyProject2/Saved/Config/Windows/Scalability.ini]
[2025.04.02-16.17.46:490][  0]LogConfig: Setting CVar [[r.MotionBlurQuality:4]]
[2025.04.02-16.17.46:490][  0]LogConfig: Setting CVar [[r.AmbientOcclusionMipLevelFactor:0.4]]
[2025.04.02-16.17.46:490][  0]LogConfig: Setting CVar [[r.AmbientOcclusionMaxQuality:100]]
[2025.04.02-16.17.46:490][  0]LogConfig: Setting CVar [[r.AmbientOcclusionLevels:-1]]
[2025.04.02-16.17.46:490][  0]LogConfig: Setting CVar [[r.AmbientOcclusionRadiusScale:1.0]]
[2025.04.02-16.17.46:490][  0]LogConfig: Setting CVar [[r.DepthOfFieldQuality:2]]
[2025.04.02-16.17.46:490][  0]LogConfig: Setting CVar [[r.RenderTargetPoolMin:400]]
[2025.04.02-16.17.46:490][  0]LogConfig: Setting CVar [[r.LensFlareQuality:2]]
[2025.04.02-16.17.46:490][  0]LogConfig: Setting CVar [[r.SceneColorFringeQuality:1]]
[2025.04.02-16.17.46:490][  0]LogConfig: Setting CVar [[r.EyeAdaptationQuality:2]]
[2025.04.02-16.17.46:490][  0]LogConfig: Setting CVar [[r.BloomQuality:5]]
[2025.04.02-16.17.46:490][  0]LogConfig: Setting CVar [[r.FastBlurThreshold:100]]
[2025.04.02-16.17.46:490][  0]LogConfig: Setting CVar [[r.Upscale.Quality:3]]
[2025.04.02-16.17.46:490][  0]LogConfig: Setting CVar [[r.Tonemapper.GrainQuantization:1]]
[2025.04.02-16.17.46:490][  0]LogConfig: Setting CVar [[r.LightShaftQuality:1]]
[2025.04.02-16.17.46:490][  0]LogConfig: Setting CVar [[r.Filter.SizeScale:1]]
[2025.04.02-16.17.46:490][  0]LogConfig: Setting CVar [[r.Tonemapper.Quality:5]]
[2025.04.02-16.17.46:490][  0]LogConfig: Setting CVar [[r.DOF.Gather.AccumulatorQuality:1        ; higher gathering accumulator quality]]
[2025.04.02-16.17.46:491][  0]LogConfig: Setting CVar [[r.DOF.Gather.PostfilterMethod:1          ; Median3x3 postfilering method]]
[2025.04.02-16.17.46:491][  0]LogConfig: Setting CVar [[r.DOF.Gather.EnableBokehSettings:0       ; no bokeh simulation when gathering]]
[2025.04.02-16.17.46:491][  0]LogConfig: Setting CVar [[r.DOF.Gather.RingCount:4                 ; medium number of samples when gathering]]
[2025.04.02-16.17.46:491][  0]LogConfig: Setting CVar [[r.DOF.Scatter.ForegroundCompositing:1    ; additive foreground scattering]]
[2025.04.02-16.17.46:491][  0]LogConfig: Setting CVar [[r.DOF.Scatter.BackgroundCompositing:2    ; additive background scattering]]
[2025.04.02-16.17.46:491][  0]LogConfig: Setting CVar [[r.DOF.Scatter.EnableBokehSettings:1      ; bokeh simulation when scattering]]
[2025.04.02-16.17.46:491][  0]LogConfig: Setting CVar [[r.DOF.Scatter.MaxSpriteRatio:0.1         ; only a maximum of 10% of scattered bokeh]]
[2025.04.02-16.17.46:491][  0]LogConfig: Setting CVar [[r.DOF.Recombine.Quality:1                ; cheap slight out of focus]]
[2025.04.02-16.17.46:491][  0]LogConfig: Setting CVar [[r.DOF.Recombine.EnableBokehSettings:0    ; no bokeh simulation on slight out of focus]]
[2025.04.02-16.17.46:491][  0]LogConfig: Setting CVar [[r.DOF.TemporalAAQuality:1                ; more stable temporal accumulation]]
[2025.04.02-16.17.46:491][  0]LogConfig: Setting CVar [[r.DOF.Kernel.MaxForegroundRadius:0.025]]
[2025.04.02-16.17.46:491][  0]LogConfig: Setting CVar [[r.DOF.Kernel.MaxBackgroundRadius:0.025]]
[2025.04.02-16.17.46:491][  0]LogConfig: Applying CVar settings from Section [TextureQuality@3] File [C:/Users/student/Documents/Unreal Projects/MyProject2/Saved/Config/Windows/Scalability.ini]
[2025.04.02-16.17.46:491][  0]LogConfig: Setting CVar [[r.Streaming.MipBias:0]]
[2025.04.02-16.17.46:491][  0]LogConfig: Setting CVar [[r.Streaming.AmortizeCPUToGPUCopy:0]]
[2025.04.02-16.17.46:491][  0]LogConfig: Setting CVar [[r.Streaming.MaxNumTexturesToStreamPerFrame:0]]
[2025.04.02-16.17.46:491][  0]LogConfig: Setting CVar [[r.Streaming.Boost:1]]
[2025.04.02-16.17.46:491][  0]LogConfig: Setting CVar [[r.MaxAnisotropy:8]]
[2025.04.02-16.17.46:491][  0]LogConfig: Setting CVar [[r.VT.MaxAnisotropy:8]]
[2025.04.02-16.17.46:491][  0]LogConfig: Setting CVar [[r.Streaming.LimitPoolSizeToVRAM:0]]
[2025.04.02-16.17.46:491][  0]LogConfig: Setting CVar [[r.Streaming.PoolSize:1000]]
[2025.04.02-16.17.46:491][  0]LogConfig: Setting CVar [[r.Streaming.MaxEffectiveScreenSize:0]]
[2025.04.02-16.17.46:491][  0]LogConfig: Applying CVar settings from Section [EffectsQuality@3] File [C:/Users/student/Documents/Unreal Projects/MyProject2/Saved/Config/Windows/Scalability.ini]
[2025.04.02-16.17.46:491][  0]LogConfig: Setting CVar [[r.TranslucencyLightingVolumeDim:64]]
[2025.04.02-16.17.46:491][  0]LogConfig: Setting CVar [[r.RefractionQuality:2]]
[2025.04.02-16.17.46:491][  0]LogConfig: Setting CVar [[r.SSR.Quality:3]]
[2025.04.02-16.17.46:491][  0]LogConfig: Setting CVar [[r.SSR.HalfResSceneColor:0]]
[2025.04.02-16.17.46:491][  0]LogConfig: Setting CVar [[r.SceneColorFormat:4]]
[2025.04.02-16.17.46:491][  0]LogConfig: Setting CVar [[r.DetailMode:2]]
[2025.04.02-16.17.46:491][  0]LogConfig: Setting CVar [[r.TranslucencyVolumeBlur:1]]
[2025.04.02-16.17.46:491][  0]LogConfig: Setting CVar [[r.MaterialQualityLevel:1 ; High quality]]
[2025.04.02-16.17.46:491][  0]LogConfig: Setting CVar [[r.AnisotropicMaterials:1]]
[2025.04.02-16.17.46:491][  0]LogConfig: Setting CVar [[r.SSS.Scale:1]]
[2025.04.02-16.17.46:491][  0]LogConfig: Setting CVar [[r.SSS.SampleSet:2]]
[2025.04.02-16.17.46:491][  0]LogConfig: Setting CVar [[r.SSS.Quality:1]]
[2025.04.02-16.17.46:491][  0]LogConfig: Setting CVar [[r.SSS.HalfRes:0]]
[2025.04.02-16.17.46:491][  0]LogConfig: Setting CVar [[r.SSGI.Quality:3]]
[2025.04.02-16.17.46:491][  0]LogConfig: Setting CVar [[r.EmitterSpawnRateScale:1.0]]
[2025.04.02-16.17.46:491][  0]LogConfig: Setting CVar [[r.ParticleLightQuality:2]]
[2025.04.02-16.17.46:491][  0]LogConfig: Setting CVar [[r.SkyAtmosphere.AerialPerspectiveLUT.FastApplyOnOpaque:1 ; Always have FastSkyLUT 1 in this case to avoid wrong sky]]
[2025.04.02-16.17.46:491][  0]LogConfig: Setting CVar [[r.SkyAtmosphere.AerialPerspectiveLUT.SampleCountMaxPerSlice:4]]
[2025.04.02-16.17.46:491][  0]LogConfig: Setting CVar [[r.SkyAtmosphere.AerialPerspectiveLUT.DepthResolution:16.0]]
[2025.04.02-16.17.46:491][  0]LogConfig: Setting CVar [[r.SkyAtmosphere.FastSkyLUT:1]]
[2025.04.02-16.17.46:491][  0]LogConfig: Setting CVar [[r.SkyAtmosphere.FastSkyLUT.SampleCountMin:4.0]]
[2025.04.02-16.17.46:491][  0]LogConfig: Setting CVar [[r.SkyAtmosphere.FastSkyLUT.SampleCountMax:128.0]]
[2025.04.02-16.17.46:491][  0]LogConfig: Setting CVar [[r.SkyAtmosphere.SampleCountMin:4.0]]
[2025.04.02-16.17.46:491][  0]LogConfig: Setting CVar [[r.SkyAtmosphere.SampleCountMax:128.0]]
[2025.04.02-16.17.46:491][  0]LogConfig: Setting CVar [[r.SkyAtmosphere.TransmittanceLUT.UseSmallFormat:0]]
[2025.04.02-16.17.46:491][  0]LogConfig: Setting CVar [[r.SkyAtmosphere.TransmittanceLUT.SampleCount:10.0]]
[2025.04.02-16.17.46:491][  0]LogConfig: Setting CVar [[r.SkyAtmosphere.MultiScatteringLUT.SampleCount:15.0]]
[2025.04.02-16.17.46:491][  0]LogConfig: Setting CVar [[r.SkyLight.RealTimeReflectionCapture:1]]
[2025.04.02-16.17.46:491][  0]LogConfig: Applying CVar settings from Section [FoliageQuality@3] File [C:/Users/student/Documents/Unreal Projects/MyProject2/Saved/Config/Windows/Scalability.ini]
[2025.04.02-16.17.46:491][  0]LogConfig: Setting CVar [[foliage.DensityScale:1.0]]
[2025.04.02-16.17.46:491][  0]LogConfig: Setting CVar [[grass.DensityScale:1.0]]
[2025.04.02-16.17.46:491][  0]LogConfig: Applying CVar settings from Section [ShadingQuality@3] File [C:/Users/student/Documents/Unreal Projects/MyProject2/Saved/Config/Windows/Scalability.ini]
[2025.04.02-16.17.46:491][  0]LogConfig: Setting CVar [[r.HairStrands.SkyLighting.IntegrationType:2]]
[2025.04.02-16.17.46:491][  0]LogConfig: Setting CVar [[r.HairStrands.SkyAO.SampleCount:4]]
[2025.04.02-16.17.46:491][  0]LogConfig: Setting CVar [[r.HairStrands.Visibility.MSAA.SamplePerPixel:4]]
[2025.04.02-16.17.46:491][  0]LogInit: Selected Device Profile: [Windows]
[2025.04.02-16.17.46:491][  0]LogInit: Applying CVar settings loaded from the selected device profile: [Windows]
[2025.04.02-16.17.46:491][  0]LogHAL: Display: Platform has ~ 32 GB [34221838336 / 34359738368 / 32], which maps to Largest [LargestMinGB=32, LargerMinGB=12, DefaultMinGB=8, SmallerMinGB=6, SmallestMinGB=0)
[2025.04.02-16.17.46:491][  0]LogInit: Going up to parent DeviceProfile []
[2025.04.02-16.17.46:491][  0]LogConfig: Applying CVar settings from Section [ViewDistanceQuality@3] File [C:/Users/student/Documents/Unreal Projects/MyProject2/Saved/Config/Windows/Scalability.ini]
[2025.04.02-16.17.46:491][  0]LogConfig: Setting CVar [[r.SkeletalMeshLODBias:0]]
[2025.04.02-16.17.46:491][  0]LogConfig: Setting CVar [[r.ViewDistanceScale:1.0]]
[2025.04.02-16.17.46:491][  0]LogConfig: Applying CVar settings from Section [AntiAliasingQuality@3] File [C:/Users/student/Documents/Unreal Projects/MyProject2/Saved/Config/Windows/Scalability.ini]
[2025.04.02-16.17.46:491][  0]LogConfig: Setting CVar [[r.PostProcessAAQuality:4]]
[2025.04.02-16.17.46:491][  0]LogConfig: Applying CVar settings from Section [ShadowQuality@3] File [C:/Users/student/Documents/Unreal Projects/MyProject2/Saved/Config/Windows/Scalability.ini]
[2025.04.02-16.17.46:491][  0]LogConfig: Setting CVar [[r.LightFunctionQuality:1]]
[2025.04.02-16.17.46:491][  0]LogConfig: Setting CVar [[r.ShadowQuality:5]]
[2025.04.02-16.17.46:491][  0]LogConfig: Setting CVar [[r.Shadow.CSM.MaxCascades:10]]
[2025.04.02-16.17.46:491][  0]LogConfig: Setting CVar [[r.Shadow.MaxResolution:2048]]
[2025.04.02-16.17.46:491][  0]LogConfig: Setting CVar [[r.Shadow.MaxCSMResolution:2048]]
[2025.04.02-16.17.46:491][  0]LogConfig: Setting CVar [[r.Shadow.RadiusThreshold:0.01]]
[2025.04.02-16.17.46:491][  0]LogConfig: Setting CVar [[r.Shadow.DistanceScale:1.0]]
[2025.04.02-16.17.46:491][  0]LogConfig: Setting CVar [[r.Shadow.CSM.TransitionScale:1.0]]
[2025.04.02-16.17.46:491][  0]LogConfig: Setting CVar [[r.Shadow.PreShadowResolutionFactor:1.0]]
[2025.04.02-16.17.46:491][  0]LogConfig: Setting CVar [[r.DistanceFieldShadowing:1]]
[2025.04.02-16.17.46:491][  0]LogConfig: Setting CVar [[r.DistanceFieldAO:1]]
[2025.04.02-16.17.46:491][  0]LogConfig: Setting CVar [[r.AOQuality:2]]
[2025.04.02-16.17.46:491][  0]LogConfig: Setting CVar [[r.VolumetricFog:1]]
[2025.04.02-16.17.46:491][  0]LogConfig: Setting CVar [[r.VolumetricFog.GridPixelSize:8]]
[2025.04.02-16.17.46:491][  0]LogConfig: Setting CVar [[r.VolumetricFog.GridSizeZ:128]]
[2025.04.02-16.17.46:491][  0]LogConfig: Setting CVar [[r.VolumetricFog.HistoryMissSupersampleCount:4]]
[2025.04.02-16.17.46:491][  0]LogConfig: Setting CVar [[r.LightMaxDrawDistanceScale:1]]
[2025.04.02-16.17.46:491][  0]LogConfig: Setting CVar [[r.CapsuleShadows:1]]
[2025.04.02-16.17.46:491][  0]LogConfig: Applying CVar settings from Section [PostProcessQuality@3] File [C:/Users/student/Documents/Unreal Projects/MyProject2/Saved/Config/Windows/Scalability.ini]
[2025.04.02-16.17.46:491][  0]LogConfig: Setting CVar [[r.MotionBlurQuality:4]]
[2025.04.02-16.17.46:491][  0]LogConfig: Setting CVar [[r.AmbientOcclusionMipLevelFactor:0.4]]
[2025.04.02-16.17.46:491][  0]LogConfig: Setting CVar [[r.AmbientOcclusionMaxQuality:100]]
[2025.04.02-16.17.46:491][  0]LogConfig: Setting CVar [[r.AmbientOcclusionLevels:-1]]
[2025.04.02-16.17.46:491][  0]LogConfig: Setting CVar [[r.AmbientOcclusionRadiusScale:1.0]]
[2025.04.02-16.17.46:491][  0]LogConfig: Setting CVar [[r.DepthOfFieldQuality:2]]
[2025.04.02-16.17.46:491][  0]LogConfig: Setting CVar [[r.RenderTargetPoolMin:400]]
[2025.04.02-16.17.46:491][  0]LogConfig: Setting CVar [[r.LensFlareQuality:2]]
[2025.04.02-16.17.46:491][  0]LogConfig: Setting CVar [[r.SceneColorFringeQuality:1]]
[2025.04.02-16.17.46:491][  0]LogConfig: Setting CVar [[r.EyeAdaptationQuality:2]]
[2025.04.02-16.17.46:491][  0]LogConfig: Setting CVar [[r.BloomQuality:5]]
[2025.04.02-16.17.46:491][  0]LogConfig: Setting CVar [[r.FastBlurThreshold:100]]
[2025.04.02-16.17.46:491][  0]LogConfig: Setting CVar [[r.Upscale.Quality:3]]
[2025.04.02-16.17.46:491][  0]LogConfig: Setting CVar [[r.Tonemapper.GrainQuantization:1]]
[2025.04.02-16.17.46:491][  0]LogConfig: Setting CVar [[r.LightShaftQuality:1]]
[2025.04.02-16.17.46:491][  0]LogConfig: Setting CVar [[r.Filter.SizeScale:1]]
[2025.04.02-16.17.46:491][  0]LogConfig: Setting CVar [[r.Tonemapper.Quality:5]]
[2025.04.02-16.17.46:491][  0]LogConfig: Setting CVar [[r.DOF.Gather.AccumulatorQuality:1        ; higher gathering accumulator quality]]
[2025.04.02-16.17.46:491][  0]LogConfig: Setting CVar [[r.DOF.Gather.PostfilterMethod:1          ; Median3x3 postfilering method]]
[2025.04.02-16.17.46:491][  0]LogConfig: Setting CVar [[r.DOF.Gather.EnableBokehSettings:0       ; no bokeh simulation when gathering]]
[2025.04.02-16.17.46:491][  0]LogConfig: Setting CVar [[r.DOF.Gather.RingCount:4                 ; medium number of samples when gathering]]
[2025.04.02-16.17.46:491][  0]LogConfig: Setting CVar [[r.DOF.Scatter.ForegroundCompositing:1    ; additive foreground scattering]]
[2025.04.02-16.17.46:491][  0]LogConfig: Setting CVar [[r.DOF.Scatter.BackgroundCompositing:2    ; additive background scattering]]
[2025.04.02-16.17.46:491][  0]LogConfig: Setting CVar [[r.DOF.Scatter.EnableBokehSettings:1      ; bokeh simulation when scattering]]
[2025.04.02-16.17.46:491][  0]LogConfig: Setting CVar [[r.DOF.Scatter.MaxSpriteRatio:0.1         ; only a maximum of 10% of scattered bokeh]]
[2025.04.02-16.17.46:491][  0]LogConfig: Setting CVar [[r.DOF.Recombine.Quality:1                ; cheap slight out of focus]]
[2025.04.02-16.17.46:491][  0]LogConfig: Setting CVar [[r.DOF.Recombine.EnableBokehSettings:0    ; no bokeh simulation on slight out of focus]]
[2025.04.02-16.17.46:491][  0]LogConfig: Setting CVar [[r.DOF.TemporalAAQuality:1                ; more stable temporal accumulation]]
[2025.04.02-16.17.46:491][  0]LogConfig: Setting CVar [[r.DOF.Kernel.MaxForegroundRadius:0.025]]
[2025.04.02-16.17.46:491][  0]LogConfig: Setting CVar [[r.DOF.Kernel.MaxBackgroundRadius:0.025]]
[2025.04.02-16.17.46:491][  0]LogConfig: Applying CVar settings from Section [TextureQuality@3] File [C:/Users/student/Documents/Unreal Projects/MyProject2/Saved/Config/Windows/Scalability.ini]
[2025.04.02-16.17.46:491][  0]LogConfig: Setting CVar [[r.Streaming.MipBias:0]]
[2025.04.02-16.17.46:491][  0]LogConfig: Setting CVar [[r.Streaming.AmortizeCPUToGPUCopy:0]]
[2025.04.02-16.17.46:492][  0]LogConfig: Setting CVar [[r.Streaming.MaxNumTexturesToStreamPerFrame:0]]
[2025.04.02-16.17.46:492][  0]LogConfig: Setting CVar [[r.Streaming.Boost:1]]
[2025.04.02-16.17.46:492][  0]LogConfig: Setting CVar [[r.MaxAnisotropy:8]]
[2025.04.02-16.17.46:492][  0]LogConfig: Setting CVar [[r.VT.MaxAnisotropy:8]]
[2025.04.02-16.17.46:492][  0]LogConfig: Setting CVar [[r.Streaming.LimitPoolSizeToVRAM:0]]
[2025.04.02-16.17.46:492][  0]LogConfig: Setting CVar [[r.Streaming.PoolSize:1000]]
[2025.04.02-16.17.46:492][  0]LogConfig: Setting CVar [[r.Streaming.MaxEffectiveScreenSize:0]]
[2025.04.02-16.17.46:492][  0]LogConfig: Applying CVar settings from Section [EffectsQuality@3] File [C:/Users/student/Documents/Unreal Projects/MyProject2/Saved/Config/Windows/Scalability.ini]
[2025.04.02-16.17.46:492][  0]LogConfig: Setting CVar [[r.TranslucencyLightingVolumeDim:64]]
[2025.04.02-16.17.46:492][  0]LogConfig: Setting CVar [[r.RefractionQuality:2]]
[2025.04.02-16.17.46:492][  0]LogConfig: Setting CVar [[r.SSR.Quality:3]]
[2025.04.02-16.17.46:492][  0]LogConfig: Setting CVar [[r.SSR.HalfResSceneColor:0]]
[2025.04.02-16.17.46:492][  0]LogConfig: Setting CVar [[r.SceneColorFormat:4]]
[2025.04.02-16.17.46:492][  0]LogConfig: Setting CVar [[r.DetailMode:2]]
[2025.04.02-16.17.46:492][  0]LogConfig: Setting CVar [[r.TranslucencyVolumeBlur:1]]
[2025.04.02-16.17.46:492][  0]LogConfig: Setting CVar [[r.MaterialQualityLevel:1 ; High quality]]
[2025.04.02-16.17.46:492][  0]LogConfig: Setting CVar [[r.AnisotropicMaterials:1]]
[2025.04.02-16.17.46:492][  0]LogConfig: Setting CVar [[r.SSS.Scale:1]]
[2025.04.02-16.17.46:492][  0]LogConfig: Setting CVar [[r.SSS.SampleSet:2]]
[2025.04.02-16.17.46:492][  0]LogConfig: Setting CVar [[r.SSS.Quality:1]]
[2025.04.02-16.17.46:492][  0]LogConfig: Setting CVar [[r.SSS.HalfRes:0]]
[2025.04.02-16.17.46:492][  0]LogConfig: Setting CVar [[r.SSGI.Quality:3]]
[2025.04.02-16.17.46:492][  0]LogConfig: Setting CVar [[r.EmitterSpawnRateScale:1.0]]
[2025.04.02-16.17.46:492][  0]LogConfig: Setting CVar [[r.ParticleLightQuality:2]]
[2025.04.02-16.17.46:492][  0]LogConfig: Setting CVar [[r.SkyAtmosphere.AerialPerspectiveLUT.FastApplyOnOpaque:1 ; Always have FastSkyLUT 1 in this case to avoid wrong sky]]
[2025.04.02-16.17.46:492][  0]LogConfig: Setting CVar [[r.SkyAtmosphere.AerialPerspectiveLUT.SampleCountMaxPerSlice:4]]
[2025.04.02-16.17.46:492][  0]LogConfig: Setting CVar [[r.SkyAtmosphere.AerialPerspectiveLUT.DepthResolution:16.0]]
[2025.04.02-16.17.46:492][  0]LogConfig: Setting CVar [[r.SkyAtmosphere.FastSkyLUT:1]]
[2025.04.02-16.17.46:492][  0]LogConfig: Setting CVar [[r.SkyAtmosphere.FastSkyLUT.SampleCountMin:4.0]]
[2025.04.02-16.17.46:492][  0]LogConfig: Setting CVar [[r.SkyAtmosphere.FastSkyLUT.SampleCountMax:128.0]]
[2025.04.02-16.17.46:492][  0]LogConfig: Setting CVar [[r.SkyAtmosphere.SampleCountMin:4.0]]
[2025.04.02-16.17.46:492][  0]LogConfig: Setting CVar [[r.SkyAtmosphere.SampleCountMax:128.0]]
[2025.04.02-16.17.46:492][  0]LogConfig: Setting CVar [[r.SkyAtmosphere.TransmittanceLUT.UseSmallFormat:0]]
[2025.04.02-16.17.46:492][  0]LogConfig: Setting CVar [[r.SkyAtmosphere.TransmittanceLUT.SampleCount:10.0]]
[2025.04.02-16.17.46:492][  0]LogConfig: Setting CVar [[r.SkyAtmosphere.MultiScatteringLUT.SampleCount:15.0]]
[2025.04.02-16.17.46:492][  0]LogConfig: Setting CVar [[r.SkyLight.RealTimeReflectionCapture:1]]
[2025.04.02-16.17.46:492][  0]LogConfig: Applying CVar settings from Section [FoliageQuality@3] File [C:/Users/student/Documents/Unreal Projects/MyProject2/Saved/Config/Windows/Scalability.ini]
[2025.04.02-16.17.46:492][  0]LogConfig: Setting CVar [[foliage.DensityScale:1.0]]
[2025.04.02-16.17.46:492][  0]LogConfig: Setting CVar [[grass.DensityScale:1.0]]
[2025.04.02-16.17.46:492][  0]LogConfig: Applying CVar settings from Section [ShadingQuality@3] File [C:/Users/student/Documents/Unreal Projects/MyProject2/Saved/Config/Windows/Scalability.ini]
[2025.04.02-16.17.46:492][  0]LogConfig: Setting CVar [[r.HairStrands.SkyLighting.IntegrationType:2]]
[2025.04.02-16.17.46:492][  0]LogConfig: Setting CVar [[r.HairStrands.SkyAO.SampleCount:4]]
[2025.04.02-16.17.46:492][  0]LogConfig: Setting CVar [[r.HairStrands.Visibility.MSAA.SamplePerPixel:4]]
[2025.04.02-16.17.46:492][  0]LogConfig: Applying CVar settings from Section [Startup] File [../../../Engine/Config/ConsoleVariables.ini]
[2025.04.02-16.17.46:492][  0]LogConfig: Setting CVar [[net.UseAdaptiveNetUpdateFrequency:0]]
[2025.04.02-16.17.46:492][  0]LogConfig: Setting CVar [[p.chaos.AllowCreatePhysxBodies:1]]
[2025.04.02-16.17.46:492][  0]LogConfig: Setting CVar [[fx.SkipVectorVMBackendOptimizations:1]]
[2025.04.02-16.17.46:492][  0]LogConfig: Applying CVar settings from Section [ConsoleVariables] File [C:/Users/student/Documents/Unreal Projects/MyProject2/Saved/Config/Windows/Engine.ini]
[2025.04.02-16.17.46:492][  0]LogConfig: Applying CVar settings from Section [ConsoleVariables] File [C:/Users/student/Documents/Unreal Projects/MyProject2/Saved/Config/Windows/Editor.ini]
[2025.04.02-16.17.46:492][  0]LogInit: Computer: DESKTOP-E553491
[2025.04.02-16.17.46:492][  0]LogInit: User: student
[2025.04.02-16.17.46:492][  0]LogInit: CPU Page size=4096, Cores=8
[2025.04.02-16.17.46:492][  0]LogInit: High frequency timer resolution =10.000000 MHz
[2025.04.02-16.17.46:492][  0]LogMemory: Memory total: Physical=31.9GB (32GB approx)
[2025.04.02-16.17.46:492][  0]LogMemory: Platform Memory Stats for Windows
[2025.04.02-16.17.46:492][  0]LogMemory: Process Physical Memory: 151.59 MB used, 151.59 MB peak
[2025.04.02-16.17.46:492][  0]LogMemory: Process Virtual Memory: 129.31 MB used, 129.31 MB peak
[2025.04.02-16.17.46:492][  0]LogMemory: Physical Memory: 11138.96 MB used,  21497.53 MB free, 32636.49 MB total
[2025.04.02-16.17.46:492][  0]LogMemory: Virtual Memory: 134189336.00 MB used,  28391.31 MB free, 134217728.00 MB total
[2025.04.02-16.17.46:497][  0]LogWindows: WindowsPlatformFeatures enabled
[2025.04.02-16.17.46:527][  0]LogInit: Physics initialised using underlying interface: PhysX
[2025.04.02-16.17.46:527][  0]LogInit: Using OS detected language (pl-PL).
[2025.04.02-16.17.46:528][  0]LogInit: Using OS detected locale (pl-PL).
[2025.04.02-16.17.46:529][  0]LogTextLocalizationManager: No specific localization for 'pl-PL' exists, so the 'pl' localization will be used.
[2025.04.02-16.17.46:529][  0]LogTextLocalizationResource: LocRes '../../../Engine/Content/Localization/Editor/pl/Editor.locres' could not be opened for reading!
[2025.04.02-16.17.46:529][  0]LogTextLocalizationResource: LocRes '../../../Engine/Content/Localization/EditorTutorials/pl/EditorTutorials.locres' could not be opened for reading!
[2025.04.02-16.17.46:529][  0]LogTextLocalizationResource: LocRes '../../../Engine/Content/Localization/Keywords/pl/Keywords.locres' could not be opened for reading!
[2025.04.02-16.17.46:530][  0]LogTextLocalizationResource: LocRes '../../../Engine/Content/Localization/Category/pl/Category.locres' could not be opened for reading!
[2025.04.02-16.17.46:530][  0]LogTextLocalizationResource: LocRes '../../../Engine/Content/Localization/ToolTips/pl/ToolTips.locres' could not be opened for reading!
[2025.04.02-16.17.46:530][  0]LogTextLocalizationResource: LocRes '../../../Engine/Content/Localization/PropertyNames/pl/PropertyNames.locres' could not be opened for reading!
[2025.04.02-16.17.46:530][  0]LogTextLocalizationResource: LocRes '../../../Engine/Content/Localization/Engine/pl/Engine.locres' could not be opened for reading!
[2025.04.02-16.17.46:530][  0]LogInit: Setting process to per monitor DPI aware
[2025.04.02-16.17.46:543][  0]LogWindowsTextInputMethodSystem: Display: IME system deactivated.
[2025.04.02-16.17.46:551][  0]LogSlate: New Slate User Created.  User Index 0, Is Virtual User: 0
[2025.04.02-16.17.46:551][  0]LogSlate: Slate User Registered.  User Index 0, Is Virtual User: 0
[2025.04.02-16.17.46:647][  0]LogD3D11RHI: Loaded GFSDK_Aftermath_Lib.x64.dll
[2025.04.02-16.17.46:651][  0]LogHMD: Failed to initialize OpenVR with code 110
[2025.04.02-16.17.46:651][  0]LogD3D11RHI: D3D11 min allowed feature level: 11_0
[2025.04.02-16.17.46:651][  0]LogD3D11RHI: D3D11 max allowed feature level: 11_0
[2025.04.02-16.17.46:651][  0]LogD3D11RHI: D3D11 adapters:
[2025.04.02-16.17.46:782][  0]LogD3D11RHI:    0. 'NVIDIA GeForce RTX 4060 Ti' (Feature Level 11_0)
[2025.04.02-16.17.46:782][  0]LogD3D11RHI:       7949/0/16318 MB DedicatedVideo/DedicatedSystem/SharedSystem, Outputs:1, VendorId:0x10de
[2025.04.02-16.17.46:785][  0]LogD3D11RHI:    1. 'Microsoft Basic Render Driver' (Feature Level 11_0)
[2025.04.02-16.17.46:785][  0]LogD3D11RHI:       0/0/16318 MB DedicatedVideo/DedicatedSystem/SharedSystem, Outputs:0, VendorId:0x1414
[2025.04.02-16.17.46:785][  0]LogD3D11RHI: Chosen D3D11 Adapter:
[2025.04.02-16.17.46:785][  0]LogD3D11RHI:     Description : NVIDIA GeForce RTX 4060 Ti
[2025.04.02-16.17.46:785][  0]LogD3D11RHI:     VendorId    : 10de
[2025.04.02-16.17.46:785][  0]LogD3D11RHI:     DeviceId    : 2803
[2025.04.02-16.17.46:785][  0]LogD3D11RHI:     SubSysId    : 40fa1458
[2025.04.02-16.17.46:785][  0]LogD3D11RHI:     Revision    : 00a1
[2025.04.02-16.17.46:785][  0]LogD3D11RHI:     DedicatedVideoMemory : 8335130624 bytes
[2025.04.02-16.17.46:785][  0]LogD3D11RHI:     DedicatedSystemMemory : 0 bytes
[2025.04.02-16.17.46:785][  0]LogD3D11RHI:     SharedSystemMemory : 17110919168 bytes
[2025.04.02-16.17.46:785][  0]LogD3D11RHI:     AdapterLuid : 0 65595
[2025.04.02-16.17.46:791][  0]LogD3D11RHI: Creating new Direct3DDevice
[2025.04.02-16.17.46:791][  0]LogD3D11RHI:     GPU DeviceId: 0x2803 (for the marketing name, search the web for "GPU Device Id")
[2025.04.02-16.17.46:791][  0]LogWindows: EnumDisplayDevices:
[2025.04.02-16.17.46:791][  0]LogWindows:    0. 'NVIDIA GeForce RTX 4060 Ti' (P:1 D:1)
[2025.04.02-16.17.46:791][  0]LogWindows:    1. 'NVIDIA GeForce RTX 4060 Ti' (P:0 D:0)
[2025.04.02-16.17.46:791][  0]LogWindows:    2. 'NVIDIA GeForce RTX 4060 Ti' (P:0 D:0)
[2025.04.02-16.17.46:792][  0]LogWindows:    3. 'NVIDIA GeForce RTX 4060 Ti' (P:0 D:0)
[2025.04.02-16.17.46:792][  0]LogWindows: DebugString: FoundDriverCount:4 
[2025.04.02-16.17.46:792][  0]LogD3D11RHI:     Adapter Name: NVIDIA GeForce RTX 4060 Ti
[2025.04.02-16.17.46:792][  0]LogD3D11RHI:   Driver Version: 560.94 (internal:32.0.15.6094, unified:560.94)
[2025.04.02-16.17.46:792][  0]LogD3D11RHI:      Driver Date: 8-14-2024
[2025.04.02-16.17.46:792][  0]LogRHI: Texture pool is 5564 MB (70% of 7949 MB)
[2025.04.02-16.17.46:792][  0]LogD3D11RHI: Creating D3DDevice using adapter:
[2025.04.02-16.17.46:792][  0]LogD3D11RHI:     Description : NVIDIA GeForce RTX 4060 Ti
[2025.04.02-16.17.46:792][  0]LogD3D11RHI:     VendorId    : 10de
[2025.04.02-16.17.46:792][  0]LogD3D11RHI:     DeviceId    : 2803
[2025.04.02-16.17.46:792][  0]LogD3D11RHI:     SubSysId    : 40fa1458
[2025.04.02-16.17.46:792][  0]LogD3D11RHI:     Revision    : 00a1
[2025.04.02-16.17.46:792][  0]LogD3D11RHI:     DedicatedVideoMemory : 8335130624 bytes
[2025.04.02-16.17.46:792][  0]LogD3D11RHI:     DedicatedSystemMemory : 0 bytes
[2025.04.02-16.17.46:792][  0]LogD3D11RHI:     SharedSystemMemory : 17110919168 bytes
[2025.04.02-16.17.46:792][  0]LogD3D11RHI:     AdapterLuid : 0 65595
[2025.04.02-16.17.46:874][  0]LogD3D11RHI: RHI has support for 64 bit atomics
[2025.04.02-16.17.46:874][  0]LogD3D11RHI: Async texture creation enabled
[2025.04.02-16.17.46:874][  0]LogD3D11RHI: Array index from any shader is supported
[2025.04.02-16.17.46:875][  0]LogD3D11RHI: HDR output is supported on display 0 (NvId: 0x80061087).
[2025.04.02-16.17.46:893][  0]LogD3D11RHI: GPU Timing Frequency: 1000.000000 (Debug: 2 2)
[2025.04.02-16.17.46:914][  0]LogRHI: GeForceNow SDK initialized: 1
[2025.04.02-16.17.47:154][  0]LogTargetPlatformManager: Display: Loaded TargetPlatform 'AllDesktop'
[2025.04.02-16.17.47:171][  0]LogTargetPlatformManager: Display: Loaded TargetPlatform 'Android'
[2025.04.02-16.17.47:171][  0]LogTargetPlatformManager: Display: Loaded TargetPlatform 'Android_ASTC'
[2025.04.02-16.17.47:171][  0]LogTargetPlatformManager: Display: Loaded TargetPlatform 'Android_DXT'
[2025.04.02-16.17.47:171][  0]LogTargetPlatformManager: Display: Loaded TargetPlatform 'Android_ETC2'
[2025.04.02-16.17.47:171][  0]LogTargetPlatformManager: Display: Loaded TargetPlatform 'AndroidClient'
[2025.04.02-16.17.47:171][  0]LogTargetPlatformManager: Display: Loaded TargetPlatform 'Android_ASTCClient'
[2025.04.02-16.17.47:171][  0]LogTargetPlatformManager: Display: Loaded TargetPlatform 'Android_DXTClient'
[2025.04.02-16.17.47:171][  0]LogTargetPlatformManager: Display: Loaded TargetPlatform 'Android_ETC2Client'
[2025.04.02-16.17.47:171][  0]LogTargetPlatformManager: Display: Loaded TargetPlatform 'Android_Multi'
[2025.04.02-16.17.47:171][  0]LogTargetPlatformManager: Display: Loaded TargetPlatform 'Android_MultiClient'
[2025.04.02-16.17.47:185][  0]LogTargetPlatformManager: Display: Loaded TargetPlatform 'IOSClient'
[2025.04.02-16.17.47:185][  0]LogTargetPlatformManager: Display: Loaded TargetPlatform 'IOS'
[2025.04.02-16.17.47:192][  0]LogTargetPlatformManager: Display: Loaded TargetPlatform 'Linux'
[2025.04.02-16.17.47:196][  0]LogTargetPlatformManager: Display: Loaded TargetPlatform 'LinuxNoEditor'
[2025.04.02-16.17.47:200][  0]LogTargetPlatformManager: Display: Loaded TargetPlatform 'LinuxClient'
[2025.04.02-16.17.47:203][  0]LogTargetPlatformManager: Display: Loaded TargetPlatform 'LinuxServer'
[2025.04.02-16.17.47:210][  0]LogTargetPlatformManager: Display: Loaded TargetPlatform 'LinuxAArch64NoEditor'
[2025.04.02-16.17.47:213][  0]LogTargetPlatformManager: Display: Loaded TargetPlatform 'LinuxAArch64Client'
[2025.04.02-16.17.47:218][  0]LogTargetPlatformManager: Display: Loaded TargetPlatform 'LinuxAArch64Server'
[2025.04.02-16.17.47:233][  0]LogTargetPlatformManager: Display: Loaded TargetPlatform 'Lumin'
[2025.04.02-16.17.47:233][  0]LogTargetPlatformManager: Display: Loaded TargetPlatform 'LuminClient'
[2025.04.02-16.17.47:239][  0]LogTargetPlatformManager: Display: Loaded TargetPlatform 'MacNoEditor'
[2025.04.02-16.17.47:243][  0]LogTargetPlatformManager: Display: Loaded TargetPlatform 'Mac'
[2025.04.02-16.17.47:246][  0]LogTargetPlatformManager: Display: Loaded TargetPlatform 'MacClient'
[2025.04.02-16.17.47:249][  0]LogTargetPlatformManager: Display: Loaded TargetPlatform 'MacServer'
[2025.04.02-16.17.47:256][  0]LogTargetPlatformManager: Display: Loaded TargetPlatform 'TVOSClient'
[2025.04.02-16.17.47:257][  0]LogTargetPlatformManager: Display: Loaded TargetPlatform 'TVOS'
[2025.04.02-16.17.47:263][  0]LogTargetPlatformManager: Display: Loaded TargetPlatform 'WindowsNoEditor'
[2025.04.02-16.17.47:267][  0]LogTargetPlatformManager: Display: Loaded TargetPlatform 'Windows'
[2025.04.02-16.17.47:271][  0]LogTargetPlatformManager: Display: Loaded TargetPlatform 'WindowsClient'
[2025.04.02-16.17.47:274][  0]LogTargetPlatformManager: Display: Loaded TargetPlatform 'WindowsServer'
[2025.04.02-16.17.47:274][  0]LogTargetPlatformManager: Display: Building Assets For Windows
[2025.04.02-16.17.47:280][  0]LogAudioDebug: Display: Lib vorbis DLL was dynamically loaded.
[2025.04.02-16.17.47:302][  0]LogTextureFormatOodle: Display: Oodle Texture 2.9.0 init RDO Off
[2025.04.02-16.17.47:327][  0]LogRendererCore: Ray tracing is disabled. Reason: r.RayTracing=0.
[2025.04.02-16.17.47:327][  0]LogShaderCompilers: Guid format shader working directory is -6 characters bigger than the processId version (C:/Users/student/Documents/Unreal Projects/MyProject2/Intermediate/Shaders/WorkingDirectory/16520/).
[2025.04.02-16.17.47:327][  0]LogShaderCompilers: Cleaned the shader compiler working directory 'C:/Users/student/AppData/Local/Temp/UnrealShaderWorkingDir/0F05756247A328BA2E9B559A41E0C806/'.
[2025.04.02-16.17.47:327][  0]LogXGEController: Cannot use XGE Controller as Incredibuild is not installed on this machine.
[2025.04.02-16.17.47:327][  0]LogShaderCompilers: Cannot use XGE Shader Compiler as Incredibuild is not installed on this machine.
[2025.04.02-16.17.47:327][  0]LogShaderCompilers: Display: Using Local Shader Compiler.
[2025.04.02-16.17.47:885][  0]LogDerivedDataCache: Display: Max Cache Size: 512 MB
[2025.04.02-16.17.47:927][  0]LogDerivedDataCache: Loaded boot cache 0.04s 96MB C:/Users/student/AppData/Local/UnrealEngine/4.27/DerivedDataCache/Boot.ddc.
[2025.04.02-16.17.47:927][  0]LogDerivedDataCache: Display: Loaded Boot cache: C:/Users/student/AppData/Local/UnrealEngine/4.27/DerivedDataCache/Boot.ddc
[2025.04.02-16.17.47:927][  0]LogDerivedDataCache: FDerivedDataBackendGraph:  Pak pak cache file C:/Users/student/Documents/Unreal Projects/MyProject2/DerivedDataCache/DDC.ddp not found, will not use a pak cache.
[2025.04.02-16.17.47:927][  0]LogDerivedDataCache: Unable to find inner node Pak for hierarchical cache Hierarchy.
[2025.04.02-16.17.47:927][  0]LogDerivedDataCache: FDerivedDataBackendGraph:  CompressedPak pak cache file C:/Users/student/Documents/Unreal Projects/MyProject2/DerivedDataCache/Compressed.ddp not found, will not use a pak cache.
[2025.04.02-16.17.47:927][  0]LogDerivedDataCache: Unable to find inner node CompressedPak for hierarchical cache Hierarchy.
[2025.04.02-16.17.47:942][  0]LogDerivedDataCache: Display: Pak cache opened for reading ../../../Engine/DerivedDataCache/Compressed.ddp.
[2025.04.02-16.17.47:942][  0]LogDerivedDataCache: FDerivedDataBackendGraph:  EnterprisePak pak cache file ../../../Enterprise/DerivedDataCache/Compressed.ddp not found, will not use a pak cache.
[2025.04.02-16.17.47:942][  0]LogDerivedDataCache: Unable to find inner node EnterprisePak for hierarchical cache Hierarchy.
[2025.04.02-16.17.47:950][  0]LogDerivedDataCache: Speed tests for C:/Users/student/AppData/Local/UnrealEngine/Common/DerivedDataCache took 0.01 seconds
[2025.04.02-16.17.47:950][  0]LogDerivedDataCache: Display: Performance to C:/Users/student/AppData/Local/UnrealEngine/Common/DerivedDataCache: Latency=0.02ms. RandomReadSpeed=1407.76MBs, RandomWriteSpeed=141.21MBs. Assigned SpeedClass 'Local'
[2025.04.02-16.17.47:951][  0]LogDerivedDataCache: Using Local data cache path C:/Users/student/AppData/Local/UnrealEngine/Common/DerivedDataCache: Writable
[2025.04.02-16.17.47:951][  0]LogDerivedDataCache: Shared data cache path not found in *engine.ini, will not use an Shared cache.
[2025.04.02-16.17.47:951][  0]LogDerivedDataCache: Unable to find inner node Shared for hierarchical cache Hierarchy.
[2025.04.02-16.17.47:986][  0]LogSlate: Using FreeType 2.10.0
[2025.04.02-16.17.47:986][  0]LogSlate: SlateFontServices - WITH_FREETYPE: 1, WITH_HARFBUZZ: 1
[2025.04.02-16.17.48:004][  0]LogAssetRegistry: FAssetRegistry took 0.0022 seconds to start up
[2025.04.02-16.17.48:186][  0]LogInit: Selected Device Profile: [Windows]
[2025.04.02-16.17.48:186][  0]LogInit: Active device profile: [0000025390010900][00000253909F5180 49] Windows
[2025.04.02-16.17.48:186][  0]LogInit: Profiles: [0000025390010900][00000253909F5180 49] Windows, [000002538FFBB100][0000025390A0B300 49] WindowsNoEditor, [0000025390013500][0000025390A0F480 49] WindowsServer, [000002538FFBBB00][0000025390A17600 49] WindowsClient, [0000025390013800][0000025390A1B780 49] IOS, [000002538FFBA100][0000025390A1F900 49] iPadAir, [0000025390012000][0000025390A23A80 49] iPadAir2, [000002538FA38A00][0000025390E061C0 49] IPadPro, [000002538FA38B00][0000025390D84200 49] iPadAir3, [000002538FFB9200][0000025390E18380 49] iPadAir4, [000002538FA3B400][0000025390E1C500 49] iPadMini2, [000002538FFBA300][00000253909F8640 49] iPadMini3, [000002538FA39700][0000025390E20780 49] iPadMini4, [0000025390011100][0000025390E248C0 49] iPadMini5, [000002538FCF8300][0000025390E30B80 49] iPhone6, [000002538FCF8400][0000025390E2CBC0 49] iPodTouch6, [000002538FCD3F00][0000025390E38E80 49] iPhone7, [000002538FCD3E00][0000025390E34EC0 49] iPodTouch7, [000002538FFB9900][0000025390E3D040 49] iPhone5S, [000002538FCD1A00][0000025390E411C0 49] iPhone6Plus, [000002538FCF8200][0000025390E45340 49] iPhone6S, [000002538FCD0600][0000025390E494C0 49] iPhone6SPlus, [000002538FCFA900][0000025390E4D640 49] iPhone7Plus, [000002538FCD3100][000002538E3DF7C0 49] iPhoneSE, [000002538FCFA200][000002538E3E3940 49] iPhone8, [000002538FCD3B00][000002538E3E7AC0 49] iPhone8Plus, [000002538FCF8A00][000002538E3EA0C0 49] iPhoneX, [000002538FCD1400][000002538E3EE240 49] iPhoneXS, [000002538FCFB900][000002538E3F23C0 49] iPhoneXSMax, [000002538FCD0900][000002538E3F6540 49] iPhoneXR, [000002538FCFAF00][000002538E3FA6C0 49] iPhone11, [000002538FCD1300][0000025390E28800 49] iPhone11Pro, [000002538FCF9000][000002538E3FE940 49] iPhone11ProMax, [000002538FCD2A00][000002538E402A80 49] iPhoneSE2, [000002538FCF9400][000002538E406BC0 49] iPhone12Mini, [000002538FCD2400][000002538E40ED40 49] iPhone12, [000002538FCF8D00][000002538E412EC0 49] iPhone12Pro, [000002538FCD2B00][000002538E417040 49] iPhone12ProMax, [000002538FCFB000][000002538E4FB1C0 49] iPadPro105, [000002538FCD0700][000002538E4FF340 49] iPadPro129, [000002538FCFA800][000002538E5034C0 49] iPadPro97, [000002538FCD2600][000002538E507640 49] iPadPro2_129, [000002538FCFBC00][000002538E50B7C0 49] iPad5, [000002538FCD2200][000002538E50F940 49] iPad6, [000002538FCF8F00][000002538E513AC0 49] iPad7, [000002538FCD2D00][000002538E5160C0 49] iPad8, [000002538FCF9100][000002538E51A240 49] iPadPro11, [000002538FCD1600][000002538E51E3C0 49] iPadPro2_11, [000002538FCFB400][000002538E522540 49] iPadPro3_129, [000002538FCD2800][000002538E5266C0 49] iPadPro4_129, [000002538FCFBA00][000002538E52A840 49] AppleTV, [000002538FCD2100][000002538E40A980 49] AppleTV4K, [000002538FCF9F00][000002538E52EAC0 49] TVOS, [000002538FCD3400][000002538E532C00 49] Mac, [000002538FCFB800][000002538E536D40 49] MacClient, [000002538FCD1E00][000002538E53EEC0 49] MacNoEditor, [000002538FCFBF00][000002538E543040 49] MacServer, [000002538FCD3500][000002538E5471C0 49] Linux, [000002538FCF8C00][000002538E54B340 49] LinuxAArch64, [000002538FCD2F00][000002538E54F4C0 49] LinuxNoEditor, [000002538FCF8B00][000002538E553640 49] LinuxAArch64NoEditor, [000002538FCD3700][00000253906FD7C0 49] LinuxClient, [000002538FCF9A00][0000025390701940 49] LinuxAArch64Client, [000002538FCD1000][0000025390705AC0 49] LinuxServer, [000002538FCFA500][00000253907080C0 49] LinuxAArch64Server, [000002538FCD1900][000002539070C240 49] Android, [000002538FCF9300][00000253907103C0 49] Android_Low, [000002538FCD2700][0000025390714540 49] Android_Mid, [000002538FCFAB00][00000253907186C0 49] Android_High, [000002538FCD3800][000002539071C840 49] Android_Default, [000002538FCF9600][00000253907209C0 49] Android_Adreno4xx, [000002538FCD1500][0000025390724B40 49] Android_Adreno5xx_Low, [000002538FA3B600][000002538E53AC80 49] Android_Adreno5xx, [000002538FFB9100][0000025390728DC0 49] Android_Adreno6xx, [000002538FA39200][000002539072CF00 49] Android_Adreno6xx_Vulkan, [000002538FFBB500][0000025390735080 49] Android_Mali_T6xx, [000002538FA39100][0000025390739200 49] Android_Mali_T7xx, [000002538FFB8F00][000002539073D380 49] Android_Mali_T8xx, [000002538FA39E00][0000025390741500 49] Android_Mali_G71, [000002538FFB8500][0000025390745680 49] Android_Mali_G72, [000002538FA38800][0000025390749800 49] Android_Mali_G72_Vulkan, [000002538FFB8C00][000002539074D980 49] Android_Mali_G76, [000002538FA38100][0000025390751B00 49] Android_Mali_G76_Vulkan, [000002538FFB9800][0000025390754100 49] Android_Mali_G77, [000002538FA39000][0000025390758280 49] Android_Mali_G77_Vulkan, [000002538FFBBF00][000002539075C400 49] Android_Mali_G78, [000002538FA3AC00][0000025390760580 49] Android_Mali_G78_Vulkan, [000002538FFBAF00][0000025390764700 49] Android_Mali_G710, [000002538FA3AA00][0000025390834880 49] Android_Mali_G710_Vulkan, [000002538FFBB800][0000025390838A00 49] Android_Vulkan_SM5, [000002538FA3BB00][000002539083CB80 49] Android_PowerVR_G6xxx, [000002538FFBB400][0000025390840D00 49] Android_PowerVR_GT7xxx, [000002538FA3B900][0000025390730E40 49] Android_PowerVR_GE8xxx, [000002538FFBBD00][0000025390844F80 49] Android_PowerVR_GM9xxx, [000002538FA3A700][00000253908490C0 49] Android_PowerVR_GM9xxx_Vulkan, [000002538FFBA000][0000025390851240 49] Android_TegraK1, [000002538FA38900][00000253908553C0 49] Android_Unknown_Vulkan, [000002538FFB9600][0000025390859540 49] Lumin, [000002538FA38500][000002539085D6C0 49] Lumin_Desktop, [000002538FFBAC00][0000025390861840 49] HoloLens, 
[2025.04.02-16.17.48:284][  0]LogMeshReduction: Using QuadricMeshReduction for automatic static mesh reduction
[2025.04.02-16.17.48:284][  0]LogMeshReduction: Using SimplygonMeshReduction for automatic skeletal mesh reduction
[2025.04.02-16.17.48:284][  0]LogMeshReduction: Using ProxyLODMeshReduction for automatic mesh merging
[2025.04.02-16.17.48:284][  0]LogMeshReduction: No distributed automatic mesh merging module available
[2025.04.02-16.17.48:284][  0]LogMeshMerging: No distributed automatic mesh merging module available
[2025.04.02-16.17.48:334][  0]LogNetVersion: MyProject2 1.0.0, NetCL: 17155196, EngineNetVer: 17, GameNetVer: 0 (Checksum: 1659861177)
[2025.04.02-16.17.48:728][  0]LogTexture: Default maximum texture size for cubemaps generated from long-lat sources has been changed from 512 to unlimited. In order to preserve old behaiour for '/Engine/MapTemplates/Sky/DaylightAmbientCubemap.DaylightAmbientCubemap', its maximum texture size has been explicitly set to 512.
[2025.04.02-16.17.48:766][  0]LogHMD: PokeAHoleMaterial loaded successfully
[2025.04.02-16.17.48:772][  0]LogUObjectArray: 17178 objects as part of root set at end of initial load.
[2025.04.02-16.17.48:772][  0]LogUObjectAllocator: 4302048 out of 0 bytes used by permanent object pool.
[2025.04.02-16.17.48:772][  0]LogUObjectArray: CloseDisregardForGC: 0/0 objects in disregard for GC pool
[2025.04.02-16.17.48:970][  0]LogNiagaraDebuggerClient: Niagara Debugger Client Initialized | Session: 6353D7BC4B99769F0EA04F91CCF61C87 | Instance: C74760DA4229DF7DA4AA6E9C471CAD08 (DESKTOP-E553491-16520).
[2025.04.02-16.17.49:013][  0]LogPython: Using Python 3.7.7
[2025.04.02-16.17.49:447][  0]LogTcpMessaging: Initializing TcpMessaging bridge
[2025.04.02-16.17.49:461][  0]LogUdpMessaging: Initializing bridge on interface 0.0.0.0:0 to multicast group 230.0.0.1:6666.
[2025.04.02-16.17.49:539][  0]SourceControl: Source control is disabled
[2025.04.02-16.17.49:539][  0]SourceControl: Source control is disabled
[2025.04.02-16.17.49:541][  0]SourceControl: Source control is disabled
[2025.04.02-16.17.49:546][  0]SourceControl: Source control is disabled
[2025.04.02-16.17.49:549][  0]SourceControl: Source control is disabled
[2025.04.02-16.17.49:553][  0]LogUProjectInfo: Found projects:
[2025.04.02-16.17.49:558][  0]LogVSAccessor: Display: Unable to create Visual Studio setup instance: 80040154
[2025.04.02-16.17.49:559][  0]LogVSAccessor: Display: Unable to create Visual Studio setup instance: 80040154
[2025.04.02-16.17.49:559][  0]LogVSAccessor: Display: Unable to create Visual Studio setup instance: 80040154
[2025.04.02-16.17.49:716][  0]LogOpenImageDenoise: OIDN starting up
[2025.04.02-16.17.49:747][  0]LogAndroidPermission: UAndroidPermissionCallbackProxy::GetInstance
[2025.04.02-16.17.49:760][  0]LogAudioCaptureCore: Display: No Audio Capture implementations found. Audio input will be silent.
[2025.04.02-16.17.49:760][  0]LogAudioCaptureCore: Display: No Audio Capture implementations found. Audio input will be silent.
[2025.04.02-16.17.49:897][  0]LogCollectionManager: Loaded 0 collections in 0.000958 seconds
[2025.04.02-16.17.49:915][  0]LogFileCache: Scanning file cache for directory 'C:/Users/student/Documents/Unreal Projects/MyProject2/Saved/Collections/' took 0.00s
[2025.04.02-16.17.49:915][  0]LogFileCache: Scanning file cache for directory 'C:/Users/student/Documents/Unreal Projects/MyProject2/Content/Developers/student/Collections/' took 0.00s
[2025.04.02-16.17.49:915][  0]LogFileCache: Scanning file cache for directory 'C:/Users/student/Documents/Unreal Projects/MyProject2/Content/Collections/' took 0.00s
[2025.04.02-16.17.49:915][  0]LogOcInput: OculusInput pre-init called
[2025.04.02-16.17.50:164][  0]LogEngine: Initializing Engine...
[2025.04.02-16.17.50:166][  0]LogHMD: Failed to enumerate extensions. Please check that you have a valid OpenXR runtime installed.
[2025.04.02-16.17.50:166][  0]LogHMD: Failed to initialize OpenVR with code 110
[2025.04.02-16.17.50:166][  0]LogMagicLeap: Warning: VR disabled because ZI is not enabled.  To enable, in the editor, Edit -> Project Settings -> Plugins -> Magic Leap Plugin -> Enable Zero Iteration
[2025.04.02-16.17.50:167][  0]LogStats: UGameplayTagsManager::InitializeManager -  0.000 s
[2025.04.02-16.17.50:248][  0]LogInit: Initializing FReadOnlyCVARCache
[2025.04.02-16.17.50:256][  0]LogAIModule: Creating AISystem for world Untitled
[2025.04.02-16.17.50:256][  0]LogAudio: Display: Initializing Audio Device Manager...
[2025.04.02-16.17.50:259][  0]LogAudio: Display: Loading Default Audio Settings Objects...
[2025.04.02-16.17.50:259][  0]LogAudio: Display: No default SoundConcurrencyObject specified (or failed to load).
[2025.04.02-16.17.50:259][  0]LogAudio: Display: Audio Device Manager Initialized
[2025.04.02-16.17.50:259][  0]LogAudio: Display: Creating Audio Device:                 Id: 1, Scope: Shared, Realtime: True
[2025.04.02-16.17.50:259][  0]LogAudioMixer: Display: Audio Mixer Platform Settings:
[2025.04.02-16.17.50:259][  0]LogAudioMixer: Display: 	Sample Rate:						  48000
[2025.04.02-16.17.50:259][  0]LogAudioMixer: Display: 	Callback Buffer Frame Size Requested: 1024
[2025.04.02-16.17.50:259][  0]LogAudioMixer: Display: 	Callback Buffer Frame Size To Use:	  1024
[2025.04.02-16.17.50:259][  0]LogAudioMixer: Display: 	Number of buffers to queue:			  2
[2025.04.02-16.17.50:260][  0]LogAudioMixer: Display: 	Max Channels (voices):				  32
[2025.04.02-16.17.50:260][  0]LogAudioMixer: Display: 	Number of Async Source Workers:		  0
[2025.04.02-16.17.50:260][  0]LogAudio: Display: AudioDevice MaxSources: 32
[2025.04.02-16.17.50:260][  0]LogAudio: Display: Audio Spatialization Plugin: None (built-in).
[2025.04.02-16.17.50:260][  0]LogAudio: Display: Audio Reverb Plugin: None (built-in).
[2025.04.02-16.17.50:260][  0]LogAudio: Display: Audio Occlusion Plugin: None (built-in).
[2025.04.02-16.17.50:260][  0]LogAudioMixer: Display: Initializing audio mixer.
[2025.04.02-16.17.50:268][  0]LogAudioMixer: Display: 0: FrontLeft
[2025.04.02-16.17.50:268][  0]LogAudioMixer: Display: 1: FrontRight
[2025.04.02-16.17.50:288][  0]LogAudioMixer: Display: Using Audio Device LG ULTRAGEAR (NVIDIA High Definition Audio)
[2025.04.02-16.17.50:289][  0]LogAudioMixer: Display: Initializing Sound Submixes...
[2025.04.02-16.17.50:291][  0]LogAudioMixer: Display: Creating Master Submix 'MasterSubmixDefault'
[2025.04.02-16.17.50:291][  0]LogAudioMixer: Display: Creating Master Submix 'MasterReverbSubmixDefault'
[2025.04.02-16.17.50:291][  0]LogAudioMixer: Display: Creating Master Submix 'MasterEQSubmixDefault'
[2025.04.02-16.17.50:292][  0]LogAudioMixer: FMixerPlatformXAudio2::StartAudioStream() called
[2025.04.02-16.17.50:292][  0]LogAudioMixer: Display: Output buffers initialized: Frames=1024, Channels=2, Samples=2048
[2025.04.02-16.17.50:292][  0]LogAudioMixer: Display: Starting AudioMixerPlatformInterface::RunInternal()
[2025.04.02-16.17.50:292][  0]LogAudioMixer: Display: FMixerPlatformXAudio2::SubmitBuffer() called for the first time
[2025.04.02-16.17.50:292][  0]LogInit: FAudioDevice initialized.
[2025.04.02-16.17.50:292][  0]LogAudio: Display: Audio Device (ID: 1) registered with world 'Untitled'.
[2025.04.02-16.17.50:292][  0]LogNetVersion: Set ProjectVersion to 1.0.0.0. Version Checksum will be recalculated on next use.
[2025.04.02-16.17.50:360][  0]LogDerivedDataCache: Saved boot cache 0.07s 96MB C:/Users/student/AppData/Local/UnrealEngine/4.27/DerivedDataCache/Boot.ddc.
[2025.04.02-16.17.50:360][  0]LogInit: Texture streaming: Enabled
[2025.04.02-16.17.50:370][  0]LogAnalytics: Display: [UEEditor.Rocket.Release] APIServer = https://datarouter.ol.epicgames.com/. AppVersion = 4.27.2-18319896+++UE4+Release-4.27
[2025.04.02-16.17.50:372][  0]LogEngineSessionManager: EngineSessionManager initialized
[2025.04.02-16.17.50:373][  0]LogEditorSessionSummary: Verbose: Initializing EditorSessionSummaryWriter for editor session tracking
[2025.04.02-16.17.50:374][  0]LogEditorSessionSummary: EditorSessionSummaryWriter initialized
[2025.04.02-16.17.50:388][  0]LogInit: Transaction tracking system initialized
[2025.04.02-16.17.50:405][  0]BlueprintLog: New page: Editor Load
[2025.04.02-16.17.50:464][  0]LocalizationService: Localization service is disabled
[2025.04.02-16.17.50:482][  0]TimingProfiler: Initialize
[2025.04.02-16.17.50:482][  0]TimingProfiler: OnSessionChanged
[2025.04.02-16.17.50:482][  0]LoadingProfiler: Initialize
[2025.04.02-16.17.50:482][  0]LoadingProfiler: OnSessionChanged
[2025.04.02-16.17.50:482][  0]NetworkingProfiler: Initialize
[2025.04.02-16.17.50:482][  0]NetworkingProfiler: OnSessionChanged
[2025.04.02-16.17.50:482][  0]MemoryProfiler: Initialize
[2025.04.02-16.17.50:482][  0]MemoryProfiler: OnSessionChanged
[2025.04.02-16.17.50:537][  0]LogVSAccessor: Display: Unable to create Visual Studio setup instance: 80040154
[2025.04.02-16.17.50:538][  0]LogVSAccessor: Display: Unable to create Visual Studio setup instance: 80040154
[2025.04.02-16.17.50:538][  0]LogVSAccessor: Display: Unable to create Visual Studio setup instance: 80040154
[2025.04.02-16.17.50:594][  0]LogCook: Display: CookSettings for Memory: MemoryMaxUsedVirtual 0MiB, MemoryMaxUsedPhysical 16384MiB, MemoryMinFreeVirtual 0MiB, MemoryMinFreePhysical 1024MiB
[2025.04.02-16.17.50:594][  0]LogCook: Display: Mobile HDR setting 1
[2025.04.02-16.17.50:735][  0]LogFileCache: Scanning file cache for directory 'C:/Users/student/Documents/Unreal Projects/MyProject2/Content/' took 0.00s
[2025.04.02-16.17.50:861][  0]LogInit: Display: Engine is initialized. Leaving FEngineLoop::Init()
[2025.04.02-16.17.50:864][  0]SourceControl: Source control is disabled
[2025.04.02-16.17.50:864][  0]LogUnrealEdMisc: Loading editor; pre map load, took 5.094
[2025.04.02-16.17.50:865][  0]LogFactory: FactoryCreateFile: PackFactory with PackFactory (0 0 D:/Epic Games/UE_4.27/FeaturePacks/StarterContent.upack)
[2025.04.02-16.17.50:865][  0]LogPakFile: PakFile PrimaryIndexSize=185
[2025.04.02-16.17.50:865][  0]LogPakFile: PakFile PathHashIndexSize=101
[2025.04.02-16.17.50:865][  0]LogPakFile: PakFile FullDirectoryIndexSize=148
[2025.04.02-16.17.50:866][  0]LogPackFactory: Finished extracting 8 files (including 0 errors).
[2025.04.02-16.17.50:868][  0]LogPackFactory: Copied "../../../Samples/StarterContent/Content/StarterContent/Architecture/Floor_400x400.uasset" to "C:/Users/student/Documents/Unreal Projects/MyProject2/Content/StarterContent/Architecture/Floor_400x400.uasset"
[2025.04.02-16.17.50:869][  0]LogPackFactory: Copied "../../../Samples/StarterContent/Content/StarterContent/Architecture/Pillar_50x500.uasset" to "C:/Users/student/Documents/Unreal Projects/MyProject2/Content/StarterContent/Architecture/Pillar_50x500.uasset"
[2025.04.02-16.17.50:870][  0]LogPackFactory: Copied "../../../Samples/StarterContent/Content/StarterContent/Architecture/SM_AssetPlatform.uasset" to "C:/Users/student/Documents/Unreal Projects/MyProject2/Content/StarterContent/Architecture/SM_AssetPlatform.uasset"
[2025.04.02-16.17.50:870][  0]LogPackFactory: Copied "../../../Samples/StarterContent/Content/StarterContent/Architecture/Wall_400x200.uasset" to "C:/Users/student/Documents/Unreal Projects/MyProject2/Content/StarterContent/Architecture/Wall_400x200.uasset"
[2025.04.02-16.17.50:871][  0]LogPackFactory: Copied "../../../Samples/StarterContent/Content/StarterContent/Architecture/Wall_400x300.uasset" to "C:/Users/student/Documents/Unreal Projects/MyProject2/Content/StarterContent/Architecture/Wall_400x300.uasset"
[2025.04.02-16.17.50:871][  0]LogPackFactory: Copied "../../../Samples/StarterContent/Content/StarterContent/Architecture/Wall_400x400.uasset" to "C:/Users/student/Documents/Unreal Projects/MyProject2/Content/StarterContent/Architecture/Wall_400x400.uasset"
[2025.04.02-16.17.50:872][  0]LogPackFactory: Copied "../../../Samples/StarterContent/Content/StarterContent/Architecture/Wall_500x500.uasset" to "C:/Users/student/Documents/Unreal Projects/MyProject2/Content/StarterContent/Architecture/Wall_500x500.uasset"
[2025.04.02-16.17.50:872][  0]LogPackFactory: Copied "../../../Samples/StarterContent/Content/StarterContent/Architecture/Wall_Door_400x300.uasset" to "C:/Users/student/Documents/Unreal Projects/MyProject2/Content/StarterContent/Architecture/Wall_Door_400x300.uasset"
[2025.04.02-16.17.50:873][  0]LogPackFactory: Copied "../../../Samples/StarterContent/Content/StarterContent/Architecture/Wall_Door_400x400.uasset" to "C:/Users/student/Documents/Unreal Projects/MyProject2/Content/StarterContent/Architecture/Wall_Door_400x400.uasset"
[2025.04.02-16.17.50:873][  0]LogPackFactory: Copied "../../../Samples/StarterContent/Content/StarterContent/Architecture/Wall_Window_400x300.uasset" to "C:/Users/student/Documents/Unreal Projects/MyProject2/Content/StarterContent/Architecture/Wall_Window_400x300.uasset"
[2025.04.02-16.17.50:874][  0]LogPackFactory: Copied "../../../Samples/StarterContent/Content/StarterContent/Architecture/Wall_Window_400x400.uasset" to "C:/Users/student/Documents/Unreal Projects/MyProject2/Content/StarterContent/Architecture/Wall_Window_400x400.uasset"
[2025.04.02-16.17.50:875][  0]LogPackFactory: Copied "../../../Samples/StarterContent/Content/StarterContent/Audio/Collapse01.uasset" to "C:/Users/student/Documents/Unreal Projects/MyProject2/Content/StarterContent/Audio/Collapse01.uasset"
[2025.04.02-16.17.50:875][  0]LogPackFactory: Copied "../../../Samples/StarterContent/Content/StarterContent/Audio/Collapse02.uasset" to "C:/Users/student/Documents/Unreal Projects/MyProject2/Content/StarterContent/Audio/Collapse02.uasset"
[2025.04.02-16.17.50:876][  0]LogPackFactory: Copied "../../../Samples/StarterContent/Content/StarterContent/Audio/Collapse_Cue.uasset" to "C:/Users/student/Documents/Unreal Projects/MyProject2/Content/StarterContent/Audio/Collapse_Cue.uasset"
[2025.04.02-16.17.50:876][  0]LogPackFactory: Copied "../../../Samples/StarterContent/Content/StarterContent/Audio/Explosion01.uasset" to "C:/Users/student/Documents/Unreal Projects/MyProject2/Content/StarterContent/Audio/Explosion01.uasset"
[2025.04.02-16.17.50:877][  0]LogPackFactory: Copied "../../../Samples/StarterContent/Content/StarterContent/Audio/Explosion02.uasset" to "C:/Users/student/Documents/Unreal Projects/MyProject2/Content/StarterContent/Audio/Explosion02.uasset"
[2025.04.02-16.17.50:878][  0]LogPackFactory: Copied "../../../Samples/StarterContent/Content/StarterContent/Audio/Explosion_Cue.uasset" to "C:/Users/student/Documents/Unreal Projects/MyProject2/Content/StarterContent/Audio/Explosion_Cue.uasset"
[2025.04.02-16.17.50:879][  0]LogPackFactory: Copied "../../../Samples/StarterContent/Content/StarterContent/Audio/Fire01.uasset" to "C:/Users/student/Documents/Unreal Projects/MyProject2/Content/StarterContent/Audio/Fire01.uasset"
[2025.04.02-16.17.50:879][  0]LogPackFactory: Copied "../../../Samples/StarterContent/Content/StarterContent/Audio/Fire01_Cue.uasset" to "C:/Users/student/Documents/Unreal Projects/MyProject2/Content/StarterContent/Audio/Fire01_Cue.uasset"
[2025.04.02-16.17.50:881][  0]LogPackFactory: Copied "../../../Samples/StarterContent/Content/StarterContent/Audio/Fire_Sparks01.uasset" to "C:/Users/student/Documents/Unreal Projects/MyProject2/Content/StarterContent/Audio/Fire_Sparks01.uasset"
[2025.04.02-16.17.50:881][  0]LogPackFactory: Copied "../../../Samples/StarterContent/Content/StarterContent/Audio/Fire_Sparks01_Cue.uasset" to "C:/Users/student/Documents/Unreal Projects/MyProject2/Content/StarterContent/Audio/Fire_Sparks01_Cue.uasset"
[2025.04.02-16.17.50:882][  0]LogPackFactory: Copied "../../../Samples/StarterContent/Content/StarterContent/Audio/Light01.uasset" to "C:/Users/student/Documents/Unreal Projects/MyProject2/Content/StarterContent/Audio/Light01.uasset"
[2025.04.02-16.17.50:883][  0]LogPackFactory: Copied "../../../Samples/StarterContent/Content/StarterContent/Audio/Light01_Cue.uasset" to "C:/Users/student/Documents/Unreal Projects/MyProject2/Content/StarterContent/Audio/Light01_Cue.uasset"
[2025.04.02-16.17.50:883][  0]LogPackFactory: Copied "../../../Samples/StarterContent/Content/StarterContent/Audio/Light02.uasset" to "C:/Users/student/Documents/Unreal Projects/MyProject2/Content/StarterContent/Audio/Light02.uasset"
[2025.04.02-16.17.50:884][  0]LogPackFactory: Copied "../../../Samples/StarterContent/Content/StarterContent/Audio/Light02_Cue.uasset" to "C:/Users/student/Documents/Unreal Projects/MyProject2/Content/StarterContent/Audio/Light02_Cue.uasset"
[2025.04.02-16.17.50:884][  0]LogPackFactory: Copied "../../../Samples/StarterContent/Content/StarterContent/Audio/Smoke01.uasset" to "C:/Users/student/Documents/Unreal Projects/MyProject2/Content/StarterContent/Audio/Smoke01.uasset"
[2025.04.02-16.17.50:886][  0]LogPackFactory: Copied "../../../Samples/StarterContent/Content/StarterContent/Audio/Smoke01_Cue.uasset" to "C:/Users/student/Documents/Unreal Projects/MyProject2/Content/StarterContent/Audio/Smoke01_Cue.uasset"
[2025.04.02-16.17.50:886][  0]LogPackFactory: Copied "../../../Samples/StarterContent/Content/StarterContent/Audio/Starter_Background_Cue.uasset" to "C:/Users/student/Documents/Unreal Projects/MyProject2/Content/StarterContent/Audio/Starter_Background_Cue.uasset"
[2025.04.02-16.17.50:888][  0]LogPackFactory: Copied "../../../Samples/StarterContent/Content/StarterContent/Audio/Starter_Birds01.uasset" to "C:/Users/student/Documents/Unreal Projects/MyProject2/Content/StarterContent/Audio/Starter_Birds01.uasset"
[2025.04.02-16.17.50:891][  0]LogPackFactory: Copied "../../../Samples/StarterContent/Content/StarterContent/Audio/Starter_Music01.uasset" to "C:/Users/student/Documents/Unreal Projects/MyProject2/Content/StarterContent/Audio/Starter_Music01.uasset"
[2025.04.02-16.17.50:892][  0]LogPackFactory: Copied "../../../Samples/StarterContent/Content/StarterContent/Audio/Starter_Music_Cue.uasset" to "C:/Users/student/Documents/Unreal Projects/MyProject2/Content/StarterContent/Audio/Starter_Music_Cue.uasset"
[2025.04.02-16.17.50:893][  0]LogPackFactory: Copied "../../../Samples/StarterContent/Content/StarterContent/Audio/Starter_Wind05.uasset" to "C:/Users/student/Documents/Unreal Projects/MyProject2/Content/StarterContent/Audio/Starter_Wind05.uasset"
[2025.04.02-16.17.50:895][  0]LogPackFactory: Copied "../../../Samples/StarterContent/Content/StarterContent/Audio/Starter_Wind06.uasset" to "C:/Users/student/Documents/Unreal Projects/MyProject2/Content/StarterContent/Audio/Starter_Wind06.uasset"
[2025.04.02-16.17.50:896][  0]LogPackFactory: Copied "../../../Samples/StarterContent/Content/StarterContent/Audio/Steam01.uasset" to "C:/Users/student/Documents/Unreal Projects/MyProject2/Content/StarterContent/Audio/Steam01.uasset"
[2025.04.02-16.17.50:896][  0]LogPackFactory: Copied "../../../Samples/StarterContent/Content/StarterContent/Audio/Steam01_Cue.uasset" to "C:/Users/student/Documents/Unreal Projects/MyProject2/Content/StarterContent/Audio/Steam01_Cue.uasset"
[2025.04.02-16.17.50:898][  0]LogPackFactory: Copied "../../../Samples/StarterContent/Content/StarterContent/Blueprints/Blueprint_CeilingLight.uasset" to "C:/Users/student/Documents/Unreal Projects/MyProject2/Content/StarterContent/Blueprints/Blueprint_CeilingLight.uasset"
[2025.04.02-16.17.50:899][  0]LogPackFactory: Copied "../../../Samples/StarterContent/Content/StarterContent/Blueprints/Blueprint_Effect_Explosion.uasset" to "C:/Users/student/Documents/Unreal Projects/MyProject2/Content/StarterContent/Blueprints/Blueprint_Effect_Explosion.uasset"
[2025.04.02-16.17.50:899][  0]LogPackFactory: Copied "../../../Samples/StarterContent/Content/StarterContent/Blueprints/Blueprint_Effect_Fire.uasset" to "C:/Users/student/Documents/Unreal Projects/MyProject2/Content/StarterContent/Blueprints/Blueprint_Effect_Fire.uasset"
[2025.04.02-16.17.50:900][  0]LogPackFactory: Copied "../../../Samples/StarterContent/Content/StarterContent/Blueprints/Blueprint_Effect_Smoke.uasset" to "C:/Users/student/Documents/Unreal Projects/MyProject2/Content/StarterContent/Blueprints/Blueprint_Effect_Smoke.uasset"
[2025.04.02-16.17.50:901][  0]LogPackFactory: Copied "../../../Samples/StarterContent/Content/StarterContent/Blueprints/Blueprint_Effect_Sparks.uasset" to "C:/Users/student/Documents/Unreal Projects/MyProject2/Content/StarterContent/Blueprints/Blueprint_Effect_Sparks.uasset"
[2025.04.02-16.17.50:901][  0]LogPackFactory: Copied "../../../Samples/StarterContent/Content/StarterContent/Blueprints/Blueprint_Effect_Steam.uasset" to "C:/Users/student/Documents/Unreal Projects/MyProject2/Content/StarterContent/Blueprints/Blueprint_Effect_Steam.uasset"
[2025.04.02-16.17.50:901][  0]LogPackFactory: Copied "../../../Samples/StarterContent/Content/StarterContent/Blueprints/Blueprint_WallSconce.uasset" to "C:/Users/student/Documents/Unreal Projects/MyProject2/Content/StarterContent/Blueprints/Blueprint_WallSconce.uasset"
[2025.04.02-16.17.50:902][  0]LogPackFactory: Copied "../../../Samples/StarterContent/Content/StarterContent/Blueprints/BP_LightStudio.uasset" to "C:/Users/student/Documents/Unreal Projects/MyProject2/Content/StarterContent/Blueprints/BP_LightStudio.uasset"
[2025.04.02-16.17.50:903][  0]LogPackFactory: Copied "../../../Samples/StarterContent/Content/StarterContent/Blueprints/Assets/FogBrightnessLUT.uasset" to "C:/Users/student/Documents/Unreal Projects/MyProject2/Content/StarterContent/Blueprints/Assets/FogBrightnessLUT.uasset"
[2025.04.02-16.17.50:903][  0]LogPackFactory: Copied "../../../Samples/StarterContent/Content/StarterContent/Blueprints/Assets/M_LightStage_Arrows.uasset" to "C:/Users/student/Documents/Unreal Projects/MyProject2/Content/StarterContent/Blueprints/Assets/M_LightStage_Arrows.uasset"
[2025.04.02-16.17.50:904][  0]LogPackFactory: Copied "../../../Samples/StarterContent/Content/StarterContent/Blueprints/Assets/M_LightStage_Skybox_Black.uasset" to "C:/Users/student/Documents/Unreal Projects/MyProject2/Content/StarterContent/Blueprints/Assets/M_LightStage_Skybox_Black.uasset"
[2025.04.02-16.17.50:906][  0]LogPackFactory: Copied "../../../Samples/StarterContent/Content/StarterContent/Blueprints/Assets/M_LightStage_Skybox_HDRI.uasset" to "C:/Users/student/Documents/Unreal Projects/MyProject2/Content/StarterContent/Blueprints/Assets/M_LightStage_Skybox_HDRI.uasset"
[2025.04.02-16.17.50:907][  0]LogPackFactory: Copied "../../../Samples/StarterContent/Content/StarterContent/Blueprints/Assets/M_LightStage_Skybox_Master.uasset" to "C:/Users/student/Documents/Unreal Projects/MyProject2/Content/StarterContent/Blueprints/Assets/M_LightStage_Skybox_Master.uasset"
[2025.04.02-16.17.50:907][  0]LogPackFactory: Copied "../../../Samples/StarterContent/Content/StarterContent/Blueprints/Assets/Skybox.uasset" to "C:/Users/student/Documents/Unreal Projects/MyProject2/Content/StarterContent/Blueprints/Assets/Skybox.uasset"
[2025.04.02-16.17.50:909][  0]LogPackFactory: Copied "../../../Samples/StarterContent/Content/StarterContent/Blueprints/Assets/SM_Arrows.uasset" to "C:/Users/student/Documents/Unreal Projects/MyProject2/Content/StarterContent/Blueprints/Assets/SM_Arrows.uasset"
[2025.04.02-16.17.50:909][  0]LogPackFactory: Copied "../../../Samples/StarterContent/Content/StarterContent/Blueprints/Assets/SunlightColorLUT.uasset" to "C:/Users/student/Documents/Unreal Projects/MyProject2/Content/StarterContent/Blueprints/Assets/SunlightColorLUT.uasset"
[2025.04.02-16.17.50:934][  0]LogPackFactory: Copied "../../../Samples/StarterContent/Content/StarterContent/HDRI/HDRI_Epic_Courtyard_Daylight.uasset" to "C:/Users/student/Documents/Unreal Projects/MyProject2/Content/StarterContent/HDRI/HDRI_Epic_Courtyard_Daylight.uasset"
[2025.04.02-16.17.50:935][  0]LogPackFactory: Copied "../../../Samples/StarterContent/Content/StarterContent/Maps/Advanced_Lighting.umap" to "C:/Users/student/Documents/Unreal Projects/MyProject2/Content/StarterContent/Maps/Advanced_Lighting.umap"
[2025.04.02-16.17.50:936][  0]LogPackFactory: Copied "../../../Samples/StarterContent/Content/StarterContent/Maps/Advanced_Lighting_BuiltData.uasset" to "C:/Users/student/Documents/Unreal Projects/MyProject2/Content/StarterContent/Maps/Advanced_Lighting_BuiltData.uasset"
[2025.04.02-16.17.50:936][  0]LogPackFactory: Copied "../../../Samples/StarterContent/Content/StarterContent/Maps/Minimal_Default.umap" to "C:/Users/student/Documents/Unreal Projects/MyProject2/Content/StarterContent/Maps/Minimal_Default.umap"
[2025.04.02-16.17.50:938][  0]LogPackFactory: Copied "../../../Samples/StarterContent/Content/StarterContent/Maps/Minimal_Default_BuiltData.uasset" to "C:/Users/student/Documents/Unreal Projects/MyProject2/Content/StarterContent/Maps/Minimal_Default_BuiltData.uasset"
[2025.04.02-16.17.50:939][  0]LogPackFactory: Copied "../../../Samples/StarterContent/Content/StarterContent/Maps/StarterMap.umap" to "C:/Users/student/Documents/Unreal Projects/MyProject2/Content/StarterContent/Maps/StarterMap.umap"
[2025.04.02-16.17.50:948][  0]LogPackFactory: Copied "../../../Samples/StarterContent/Content/StarterContent/Maps/StarterMap_BuiltData.uasset" to "C:/Users/student/Documents/Unreal Projects/MyProject2/Content/StarterContent/Maps/StarterMap_BuiltData.uasset"
[2025.04.02-16.17.50:949][  0]LogPackFactory: Copied "../../../Samples/StarterContent/Content/StarterContent/Materials/M_AssetPlatform.uasset" to "C:/Users/student/Documents/Unreal Projects/MyProject2/Content/StarterContent/Materials/M_AssetPlatform.uasset"
[2025.04.02-16.17.50:949][  0]LogPackFactory: Copied "../../../Samples/StarterContent/Content/StarterContent/Materials/M_Basic_Floor.uasset" to "C:/Users/student/Documents/Unreal Projects/MyProject2/Content/StarterContent/Materials/M_Basic_Floor.uasset"
[2025.04.02-16.17.50:949][  0]LogPackFactory: Copied "../../../Samples/StarterContent/Content/StarterContent/Materials/M_Basic_Wall.uasset" to "C:/Users/student/Documents/Unreal Projects/MyProject2/Content/StarterContent/Materials/M_Basic_Wall.uasset"
[2025.04.02-16.17.50:950][  0]LogPackFactory: Copied "../../../Samples/StarterContent/Content/StarterContent/Materials/M_Brick_Clay_Beveled.uasset" to "C:/Users/student/Documents/Unreal Projects/MyProject2/Content/StarterContent/Materials/M_Brick_Clay_Beveled.uasset"
[2025.04.02-16.17.50:951][  0]LogPackFactory: Copied "../../../Samples/StarterContent/Content/StarterContent/Materials/M_Brick_Clay_New.uasset" to "C:/Users/student/Documents/Unreal Projects/MyProject2/Content/StarterContent/Materials/M_Brick_Clay_New.uasset"
[2025.04.02-16.17.50:951][  0]LogPackFactory: Copied "../../../Samples/StarterContent/Content/StarterContent/Materials/M_Brick_Clay_Old.uasset" to "C:/Users/student/Documents/Unreal Projects/MyProject2/Content/StarterContent/Materials/M_Brick_Clay_Old.uasset"
[2025.04.02-16.17.50:952][  0]LogPackFactory: Copied "../../../Samples/StarterContent/Content/StarterContent/Materials/M_Brick_Cut_Stone.uasset" to "C:/Users/student/Documents/Unreal Projects/MyProject2/Content/StarterContent/Materials/M_Brick_Cut_Stone.uasset"
[2025.04.02-16.17.50:952][  0]LogPackFactory: Copied "../../../Samples/StarterContent/Content/StarterContent/Materials/M_Brick_Hewn_Stone.uasset" to "C:/Users/student/Documents/Unreal Projects/MyProject2/Content/StarterContent/Materials/M_Brick_Hewn_Stone.uasset"
[2025.04.02-16.17.50:953][  0]LogPackFactory: Copied "../../../Samples/StarterContent/Content/StarterContent/Materials/M_Ceramic_Tile_Checker.uasset" to "C:/Users/student/Documents/Unreal Projects/MyProject2/Content/StarterContent/Materials/M_Ceramic_Tile_Checker.uasset"
[2025.04.02-16.17.50:954][  0]LogPackFactory: Copied "../../../Samples/StarterContent/Content/StarterContent/Materials/M_CobbleStone_Pebble.uasset" to "C:/Users/student/Documents/Unreal Projects/MyProject2/Content/StarterContent/Materials/M_CobbleStone_Pebble.uasset"
[2025.04.02-16.17.50:955][  0]LogPackFactory: Copied "../../../Samples/StarterContent/Content/StarterContent/Materials/M_CobbleStone_Rough.uasset" to "C:/Users/student/Documents/Unreal Projects/MyProject2/Content/StarterContent/Materials/M_CobbleStone_Rough.uasset"
[2025.04.02-16.17.50:955][  0]LogPackFactory: Copied "../../../Samples/StarterContent/Content/StarterContent/Materials/M_CobbleStone_Smooth.uasset" to "C:/Users/student/Documents/Unreal Projects/MyProject2/Content/StarterContent/Materials/M_CobbleStone_Smooth.uasset"
[2025.04.02-16.17.50:956][  0]LogPackFactory: Copied "../../../Samples/StarterContent/Content/StarterContent/Materials/M_ColorGrid_LowSpec.uasset" to "C:/Users/student/Documents/Unreal Projects/MyProject2/Content/StarterContent/Materials/M_ColorGrid_LowSpec.uasset"
[2025.04.02-16.17.50:957][  0]LogPackFactory: Copied "../../../Samples/StarterContent/Content/StarterContent/Materials/M_Concrete_Grime.uasset" to "C:/Users/student/Documents/Unreal Projects/MyProject2/Content/StarterContent/Materials/M_Concrete_Grime.uasset"
[2025.04.02-16.17.50:958][  0]LogPackFactory: Copied "../../../Samples/StarterContent/Content/StarterContent/Materials/M_Concrete_Panels.uasset" to "C:/Users/student/Documents/Unreal Projects/MyProject2/Content/StarterContent/Materials/M_Concrete_Panels.uasset"
[2025.04.02-16.17.50:958][  0]LogPackFactory: Copied "../../../Samples/StarterContent/Content/StarterContent/Materials/M_Concrete_Poured.uasset" to "C:/Users/student/Documents/Unreal Projects/MyProject2/Content/StarterContent/Materials/M_Concrete_Poured.uasset"
[2025.04.02-16.17.50:960][  0]LogPackFactory: Copied "../../../Samples/StarterContent/Content/StarterContent/Materials/M_Concrete_Tiles.uasset" to "C:/Users/student/Documents/Unreal Projects/MyProject2/Content/StarterContent/Materials/M_Concrete_Tiles.uasset"
[2025.04.02-16.17.50:960][  0]LogPackFactory: Copied "../../../Samples/StarterContent/Content/StarterContent/Materials/M_Glass.uasset" to "C:/Users/student/Documents/Unreal Projects/MyProject2/Content/StarterContent/Materials/M_Glass.uasset"
[2025.04.02-16.17.50:961][  0]LogPackFactory: Copied "../../../Samples/StarterContent/Content/StarterContent/Materials/M_Ground_Grass.uasset" to "C:/Users/student/Documents/Unreal Projects/MyProject2/Content/StarterContent/Materials/M_Ground_Grass.uasset"
[2025.04.02-16.17.50:961][  0]LogPackFactory: Copied "../../../Samples/StarterContent/Content/StarterContent/Materials/M_Ground_Gravel.uasset" to "C:/Users/student/Documents/Unreal Projects/MyProject2/Content/StarterContent/Materials/M_Ground_Gravel.uasset"
[2025.04.02-16.17.50:962][  0]LogPackFactory: Copied "../../../Samples/StarterContent/Content/StarterContent/Materials/M_Ground_Moss.uasset" to "C:/Users/student/Documents/Unreal Projects/MyProject2/Content/StarterContent/Materials/M_Ground_Moss.uasset"
[2025.04.02-16.17.50:963][  0]LogPackFactory: Copied "../../../Samples/StarterContent/Content/StarterContent/Materials/M_Metal_Brushed_Nickel.uasset" to "C:/Users/student/Documents/Unreal Projects/MyProject2/Content/StarterContent/Materials/M_Metal_Brushed_Nickel.uasset"
[2025.04.02-16.17.50:963][  0]LogPackFactory: Copied "../../../Samples/StarterContent/Content/StarterContent/Materials/M_Metal_Burnished_Steel.uasset" to "C:/Users/student/Documents/Unreal Projects/MyProject2/Content/StarterContent/Materials/M_Metal_Burnished_Steel.uasset"
[2025.04.02-16.17.50:964][  0]LogPackFactory: Copied "../../../Samples/StarterContent/Content/StarterContent/Materials/M_Metal_Chrome.uasset" to "C:/Users/student/Documents/Unreal Projects/MyProject2/Content/StarterContent/Materials/M_Metal_Chrome.uasset"
[2025.04.02-16.17.50:965][  0]LogPackFactory: Copied "../../../Samples/StarterContent/Content/StarterContent/Materials/M_Metal_Copper.uasset" to "C:/Users/student/Documents/Unreal Projects/MyProject2/Content/StarterContent/Materials/M_Metal_Copper.uasset"
[2025.04.02-16.17.50:965][  0]LogPackFactory: Copied "../../../Samples/StarterContent/Content/StarterContent/Materials/M_Metal_Gold.uasset" to "C:/Users/student/Documents/Unreal Projects/MyProject2/Content/StarterContent/Materials/M_Metal_Gold.uasset"
[2025.04.02-16.17.50:966][  0]LogPackFactory: Copied "../../../Samples/StarterContent/Content/StarterContent/Materials/M_Metal_Rust.uasset" to "C:/Users/student/Documents/Unreal Projects/MyProject2/Content/StarterContent/Materials/M_Metal_Rust.uasset"
[2025.04.02-16.17.50:966][  0]LogPackFactory: Copied "../../../Samples/StarterContent/Content/StarterContent/Materials/M_Metal_Steel.uasset" to "C:/Users/student/Documents/Unreal Projects/MyProject2/Content/StarterContent/Materials/M_Metal_Steel.uasset"
[2025.04.02-16.17.50:967][  0]LogPackFactory: Copied "../../../Samples/StarterContent/Content/StarterContent/Materials/M_Rock_Basalt.uasset" to "C:/Users/student/Documents/Unreal Projects/MyProject2/Content/StarterContent/Materials/M_Rock_Basalt.uasset"
[2025.04.02-16.17.50:967][  0]LogPackFactory: Copied "../../../Samples/StarterContent/Content/StarterContent/Materials/M_Rock_Marble_Polished.uasset" to "C:/Users/student/Documents/Unreal Projects/MyProject2/Content/StarterContent/Materials/M_Rock_Marble_Polished.uasset"
[2025.04.02-16.17.50:968][  0]LogPackFactory: Copied "../../../Samples/StarterContent/Content/StarterContent/Materials/M_Rock_Sandstone.uasset" to "C:/Users/student/Documents/Unreal Projects/MyProject2/Content/StarterContent/Materials/M_Rock_Sandstone.uasset"
[2025.04.02-16.17.50:969][  0]LogPackFactory: Copied "../../../Samples/StarterContent/Content/StarterContent/Materials/M_Rock_Slate.uasset" to "C:/Users/student/Documents/Unreal Projects/MyProject2/Content/StarterContent/Materials/M_Rock_Slate.uasset"
[2025.04.02-16.17.50:971][  0]LogPackFactory: Copied "../../../Samples/StarterContent/Content/StarterContent/Materials/M_Tech_Checker_Dot.uasset" to "C:/Users/student/Documents/Unreal Projects/MyProject2/Content/StarterContent/Materials/M_Tech_Checker_Dot.uasset"
[2025.04.02-16.17.50:972][  0]LogPackFactory: Copied "../../../Samples/StarterContent/Content/StarterContent/Materials/M_Tech_Hex_Tile.uasset" to "C:/Users/student/Documents/Unreal Projects/MyProject2/Content/StarterContent/Materials/M_Tech_Hex_Tile.uasset"
[2025.04.02-16.17.50:977][  0]LogPackFactory: Copied "../../../Samples/StarterContent/Content/StarterContent/Materials/M_Tech_Hex_Tile_Pulse.uasset" to "C:/Users/student/Documents/Unreal Projects/MyProject2/Content/StarterContent/Materials/M_Tech_Hex_Tile_Pulse.uasset"
[2025.04.02-16.17.50:978][  0]LogPackFactory: Copied "../../../Samples/StarterContent/Content/StarterContent/Materials/M_Tech_Panel.uasset" to "C:/Users/student/Documents/Unreal Projects/MyProject2/Content/StarterContent/Materials/M_Tech_Panel.uasset"
[2025.04.02-16.17.50:979][  0]LogPackFactory: Copied "../../../Samples/StarterContent/Content/StarterContent/Materials/M_Water_Lake.uasset" to "C:/Users/student/Documents/Unreal Projects/MyProject2/Content/StarterContent/Materials/M_Water_Lake.uasset"
[2025.04.02-16.17.50:979][  0]LogPackFactory: Copied "../../../Samples/StarterContent/Content/StarterContent/Materials/M_Water_Ocean.uasset" to "C:/Users/student/Documents/Unreal Projects/MyProject2/Content/StarterContent/Materials/M_Water_Ocean.uasset"
[2025.04.02-16.17.50:979][  0]LogPackFactory: Copied "../../../Samples/StarterContent/Content/StarterContent/Materials/M_Wood_Floor_Walnut_Polished.uasset" to "C:/Users/student/Documents/Unreal Projects/MyProject2/Content/StarterContent/Materials/M_Wood_Floor_Walnut_Polished.uasset"
[2025.04.02-16.17.50:980][  0]LogPackFactory: Copied "../../../Samples/StarterContent/Content/StarterContent/Materials/M_Wood_Floor_Walnut_Worn.uasset" to "C:/Users/student/Documents/Unreal Projects/MyProject2/Content/StarterContent/Materials/M_Wood_Floor_Walnut_Worn.uasset"
[2025.04.02-16.17.50:981][  0]LogPackFactory: Copied "../../../Samples/StarterContent/Content/StarterContent/Materials/M_Wood_Oak.uasset" to "C:/Users/student/Documents/Unreal Projects/MyProject2/Content/StarterContent/Materials/M_Wood_Oak.uasset"
[2025.04.02-16.17.50:981][  0]LogPackFactory: Copied "../../../Samples/StarterContent/Content/StarterContent/Materials/M_Wood_Pine.uasset" to "C:/Users/student/Documents/Unreal Projects/MyProject2/Content/StarterContent/Materials/M_Wood_Pine.uasset"
[2025.04.02-16.17.50:982][  0]LogPackFactory: Copied "../../../Samples/StarterContent/Content/StarterContent/Materials/M_Wood_Walnut.uasset" to "C:/Users/student/Documents/Unreal Projects/MyProject2/Content/StarterContent/Materials/M_Wood_Walnut.uasset"
[2025.04.02-16.17.50:983][  0]LogPackFactory: Copied "../../../Samples/StarterContent/Content/StarterContent/Particles/P_Ambient_Dust.uasset" to "C:/Users/student/Documents/Unreal Projects/MyProject2/Content/StarterContent/Particles/P_Ambient_Dust.uasset"
[2025.04.02-16.17.50:984][  0]LogPackFactory: Copied "../../../Samples/StarterContent/Content/StarterContent/Particles/P_Explosion.uasset" to "C:/Users/student/Documents/Unreal Projects/MyProject2/Content/StarterContent/Particles/P_Explosion.uasset"
[2025.04.02-16.17.50:985][  0]LogPackFactory: Copied "../../../Samples/StarterContent/Content/StarterContent/Particles/P_Fire.uasset" to "C:/Users/student/Documents/Unreal Projects/MyProject2/Content/StarterContent/Particles/P_Fire.uasset"
[2025.04.02-16.17.50:985][  0]LogPackFactory: Copied "../../../Samples/StarterContent/Content/StarterContent/Particles/P_Smoke.uasset" to "C:/Users/student/Documents/Unreal Projects/MyProject2/Content/StarterContent/Particles/P_Smoke.uasset"
[2025.04.02-16.17.50:986][  0]LogPackFactory: Copied "../../../Samples/StarterContent/Content/StarterContent/Particles/P_Sparks.uasset" to "C:/Users/student/Documents/Unreal Projects/MyProject2/Content/StarterContent/Particles/P_Sparks.uasset"
[2025.04.02-16.17.50:987][  0]LogPackFactory: Copied "../../../Samples/StarterContent/Content/StarterContent/Particles/P_Steam_Lit.uasset" to "C:/Users/student/Documents/Unreal Projects/MyProject2/Content/StarterContent/Particles/P_Steam_Lit.uasset"
[2025.04.02-16.17.50:988][  0]LogPackFactory: Copied "../../../Samples/StarterContent/Content/StarterContent/Particles/Materials/M_Burst.uasset" to "C:/Users/student/Documents/Unreal Projects/MyProject2/Content/StarterContent/Particles/Materials/M_Burst.uasset"
[2025.04.02-16.17.50:989][  0]LogPackFactory: Copied "../../../Samples/StarterContent/Content/StarterContent/Particles/Materials/M_Dust_Particle.uasset" to "C:/Users/student/Documents/Unreal Projects/MyProject2/Content/StarterContent/Particles/Materials/M_Dust_Particle.uasset"
[2025.04.02-16.17.50:989][  0]LogPackFactory: Copied "../../../Samples/StarterContent/Content/StarterContent/Particles/Materials/M_explosion_subUV.uasset" to "C:/Users/student/Documents/Unreal Projects/MyProject2/Content/StarterContent/Particles/Materials/M_explosion_subUV.uasset"
[2025.04.02-16.17.50:991][  0]LogPackFactory: Copied "../../../Samples/StarterContent/Content/StarterContent/Particles/Materials/M_Fire_SubUV.uasset" to "C:/Users/student/Documents/Unreal Projects/MyProject2/Content/StarterContent/Particles/Materials/M_Fire_SubUV.uasset"
[2025.04.02-16.17.50:991][  0]LogPackFactory: Copied "../../../Samples/StarterContent/Content/StarterContent/Particles/Materials/m_flare_01.uasset" to "C:/Users/student/Documents/Unreal Projects/MyProject2/Content/StarterContent/Particles/Materials/m_flare_01.uasset"
[2025.04.02-16.17.50:992][  0]LogPackFactory: Copied "../../../Samples/StarterContent/Content/StarterContent/Particles/Materials/M_Heat_Distortion.uasset" to "C:/Users/student/Documents/Unreal Projects/MyProject2/Content/StarterContent/Particles/Materials/M_Heat_Distortion.uasset"
[2025.04.02-16.17.50:993][  0]LogPackFactory: Copied "../../../Samples/StarterContent/Content/StarterContent/Particles/Materials/M_Radial_Gradient.uasset" to "C:/Users/student/Documents/Unreal Projects/MyProject2/Content/StarterContent/Particles/Materials/M_Radial_Gradient.uasset"
[2025.04.02-16.17.50:993][  0]LogPackFactory: Copied "../../../Samples/StarterContent/Content/StarterContent/Particles/Materials/M_radial_ramp.uasset" to "C:/Users/student/Documents/Unreal Projects/MyProject2/Content/StarterContent/Particles/Materials/M_radial_ramp.uasset"
[2025.04.02-16.17.50:994][  0]LogPackFactory: Copied "../../../Samples/StarterContent/Content/StarterContent/Particles/Materials/M_smoke_subUV.uasset" to "C:/Users/student/Documents/Unreal Projects/MyProject2/Content/StarterContent/Particles/Materials/M_smoke_subUV.uasset"
[2025.04.02-16.17.50:995][  0]LogPackFactory: Copied "../../../Samples/StarterContent/Content/StarterContent/Particles/Materials/M_Spark.uasset" to "C:/Users/student/Documents/Unreal Projects/MyProject2/Content/StarterContent/Particles/Materials/M_Spark.uasset"
[2025.04.02-16.17.50:995][  0]LogPackFactory: Copied "../../../Samples/StarterContent/Content/StarterContent/Props/MaterialSphere.uasset" to "C:/Users/student/Documents/Unreal Projects/MyProject2/Content/StarterContent/Props/MaterialSphere.uasset"
[2025.04.02-16.17.50:997][  0]LogPackFactory: Copied "../../../Samples/StarterContent/Content/StarterContent/Props/SM_Bush.uasset" to "C:/Users/student/Documents/Unreal Projects/MyProject2/Content/StarterContent/Props/SM_Bush.uasset"
[2025.04.02-16.17.50:998][  0]LogPackFactory: Copied "../../../Samples/StarterContent/Content/StarterContent/Props/SM_Chair.uasset" to "C:/Users/student/Documents/Unreal Projects/MyProject2/Content/StarterContent/Props/SM_Chair.uasset"
[2025.04.02-16.17.51:000][  0]LogPackFactory: Copied "../../../Samples/StarterContent/Content/StarterContent/Props/SM_CornerFrame.uasset" to "C:/Users/student/Documents/Unreal Projects/MyProject2/Content/StarterContent/Props/SM_CornerFrame.uasset"
[2025.04.02-16.17.51:001][  0]LogPackFactory: Copied "../../../Samples/StarterContent/Content/StarterContent/Props/SM_Couch.uasset" to "C:/Users/student/Documents/Unreal Projects/MyProject2/Content/StarterContent/Props/SM_Couch.uasset"
[2025.04.02-16.17.51:002][  0]LogPackFactory: Copied "../../../Samples/StarterContent/Content/StarterContent/Props/SM_Door.uasset" to "C:/Users/student/Documents/Unreal Projects/MyProject2/Content/StarterContent/Props/SM_Door.uasset"
[2025.04.02-16.17.51:002][  0]LogPackFactory: Copied "../../../Samples/StarterContent/Content/StarterContent/Props/SM_DoorFrame.uasset" to "C:/Users/student/Documents/Unreal Projects/MyProject2/Content/StarterContent/Props/SM_DoorFrame.uasset"
[2025.04.02-16.17.51:003][  0]LogPackFactory: Copied "../../../Samples/StarterContent/Content/StarterContent/Props/SM_GlassWindow.uasset" to "C:/Users/student/Documents/Unreal Projects/MyProject2/Content/StarterContent/Props/SM_GlassWindow.uasset"
[2025.04.02-16.17.51:004][  0]LogPackFactory: Copied "../../../Samples/StarterContent/Content/StarterContent/Props/SM_Lamp_Ceiling.uasset" to "C:/Users/student/Documents/Unreal Projects/MyProject2/Content/StarterContent/Props/SM_Lamp_Ceiling.uasset"
[2025.04.02-16.17.51:005][  0]LogPackFactory: Copied "../../../Samples/StarterContent/Content/StarterContent/Props/SM_Lamp_Wall.uasset" to "C:/Users/student/Documents/Unreal Projects/MyProject2/Content/StarterContent/Props/SM_Lamp_Wall.uasset"
[2025.04.02-16.17.51:006][  0]LogPackFactory: Copied "../../../Samples/StarterContent/Content/StarterContent/Props/SM_MatPreviewMesh_02.uasset" to "C:/Users/student/Documents/Unreal Projects/MyProject2/Content/StarterContent/Props/SM_MatPreviewMesh_02.uasset"
[2025.04.02-16.17.51:007][  0]LogPackFactory: Copied "../../../Samples/StarterContent/Content/StarterContent/Props/SM_PillarFrame.uasset" to "C:/Users/student/Documents/Unreal Projects/MyProject2/Content/StarterContent/Props/SM_PillarFrame.uasset"
[2025.04.02-16.17.51:008][  0]LogPackFactory: Copied "../../../Samples/StarterContent/Content/StarterContent/Props/SM_PillarFrame300.uasset" to "C:/Users/student/Documents/Unreal Projects/MyProject2/Content/StarterContent/Props/SM_PillarFrame300.uasset"
[2025.04.02-16.17.51:009][  0]LogPackFactory: Copied "../../../Samples/StarterContent/Content/StarterContent/Props/SM_Rock.uasset" to "C:/Users/student/Documents/Unreal Projects/MyProject2/Content/StarterContent/Props/SM_Rock.uasset"
[2025.04.02-16.17.51:010][  0]LogPackFactory: Copied "../../../Samples/StarterContent/Content/StarterContent/Props/SM_Shelf.uasset" to "C:/Users/student/Documents/Unreal Projects/MyProject2/Content/StarterContent/Props/SM_Shelf.uasset"
[2025.04.02-16.17.51:010][  0]LogPackFactory: Copied "../../../Samples/StarterContent/Content/StarterContent/Props/SM_Stairs.uasset" to "C:/Users/student/Documents/Unreal Projects/MyProject2/Content/StarterContent/Props/SM_Stairs.uasset"
[2025.04.02-16.17.51:010][  0]LogPackFactory: Copied "../../../Samples/StarterContent/Content/StarterContent/Props/SM_Statue.uasset" to "C:/Users/student/Documents/Unreal Projects/MyProject2/Content/StarterContent/Props/SM_Statue.uasset"
[2025.04.02-16.17.51:011][  0]LogPackFactory: Copied "../../../Samples/StarterContent/Content/StarterContent/Props/SM_TableRound.uasset" to "C:/Users/student/Documents/Unreal Projects/MyProject2/Content/StarterContent/Props/SM_TableRound.uasset"
[2025.04.02-16.17.51:013][  0]LogPackFactory: Copied "../../../Samples/StarterContent/Content/StarterContent/Props/SM_WindowFrame.uasset" to "C:/Users/student/Documents/Unreal Projects/MyProject2/Content/StarterContent/Props/SM_WindowFrame.uasset"
[2025.04.02-16.17.51:014][  0]LogPackFactory: Copied "../../../Samples/StarterContent/Content/StarterContent/Props/Materials/M_Bush.uasset" to "C:/Users/student/Documents/Unreal Projects/MyProject2/Content/StarterContent/Props/Materials/M_Bush.uasset"
[2025.04.02-16.17.51:014][  0]LogPackFactory: Copied "../../../Samples/StarterContent/Content/StarterContent/Props/Materials/M_Chair.uasset" to "C:/Users/student/Documents/Unreal Projects/MyProject2/Content/StarterContent/Props/Materials/M_Chair.uasset"
[2025.04.02-16.17.51:016][  0]LogPackFactory: Copied "../../../Samples/StarterContent/Content/StarterContent/Props/Materials/M_Door.uasset" to "C:/Users/student/Documents/Unreal Projects/MyProject2/Content/StarterContent/Props/Materials/M_Door.uasset"
[2025.04.02-16.17.51:017][  0]LogPackFactory: Copied "../../../Samples/StarterContent/Content/StarterContent/Props/Materials/M_Frame.uasset" to "C:/Users/student/Documents/Unreal Projects/MyProject2/Content/StarterContent/Props/Materials/M_Frame.uasset"
[2025.04.02-16.17.51:017][  0]LogPackFactory: Copied "../../../Samples/StarterContent/Content/StarterContent/Props/Materials/M_Lamp.uasset" to "C:/Users/student/Documents/Unreal Projects/MyProject2/Content/StarterContent/Props/Materials/M_Lamp.uasset"
[2025.04.02-16.17.51:018][  0]LogPackFactory: Copied "../../../Samples/StarterContent/Content/StarterContent/Props/Materials/M_MaterialSphere.uasset" to "C:/Users/student/Documents/Unreal Projects/MyProject2/Content/StarterContent/Props/Materials/M_MaterialSphere.uasset"
[2025.04.02-16.17.51:018][  0]LogPackFactory: Copied "../../../Samples/StarterContent/Content/StarterContent/Props/Materials/M_MaterialSphere_Plain.uasset" to "C:/Users/student/Documents/Unreal Projects/MyProject2/Content/StarterContent/Props/Materials/M_MaterialSphere_Plain.uasset"
[2025.04.02-16.17.51:019][  0]LogPackFactory: Copied "../../../Samples/StarterContent/Content/StarterContent/Props/Materials/M_Rock.uasset" to "C:/Users/student/Documents/Unreal Projects/MyProject2/Content/StarterContent/Props/Materials/M_Rock.uasset"
[2025.04.02-16.17.51:020][  0]LogPackFactory: Copied "../../../Samples/StarterContent/Content/StarterContent/Props/Materials/M_Shelf.uasset" to "C:/Users/student/Documents/Unreal Projects/MyProject2/Content/StarterContent/Props/Materials/M_Shelf.uasset"
[2025.04.02-16.17.51:020][  0]LogPackFactory: Copied "../../../Samples/StarterContent/Content/StarterContent/Props/Materials/M_Statue.uasset" to "C:/Users/student/Documents/Unreal Projects/MyProject2/Content/StarterContent/Props/Materials/M_Statue.uasset"
[2025.04.02-16.17.51:021][  0]LogPackFactory: Copied "../../../Samples/StarterContent/Content/StarterContent/Props/Materials/M_StatueGlass.uasset" to "C:/Users/student/Documents/Unreal Projects/MyProject2/Content/StarterContent/Props/Materials/M_StatueGlass.uasset"
[2025.04.02-16.17.51:022][  0]LogPackFactory: Copied "../../../Samples/StarterContent/Content/StarterContent/Props/Materials/M_TableRound.uasset" to "C:/Users/student/Documents/Unreal Projects/MyProject2/Content/StarterContent/Props/Materials/M_TableRound.uasset"
[2025.04.02-16.17.51:022][  0]LogPackFactory: Copied "../../../Samples/StarterContent/Content/StarterContent/Shapes/Shape_Cone.uasset" to "C:/Users/student/Documents/Unreal Projects/MyProject2/Content/StarterContent/Shapes/Shape_Cone.uasset"
[2025.04.02-16.17.51:023][  0]LogPackFactory: Copied "../../../Samples/StarterContent/Content/StarterContent/Shapes/Shape_Cube.uasset" to "C:/Users/student/Documents/Unreal Projects/MyProject2/Content/StarterContent/Shapes/Shape_Cube.uasset"
[2025.04.02-16.17.51:025][  0]LogPackFactory: Copied "../../../Samples/StarterContent/Content/StarterContent/Shapes/Shape_Cylinder.uasset" to "C:/Users/student/Documents/Unreal Projects/MyProject2/Content/StarterContent/Shapes/Shape_Cylinder.uasset"
[2025.04.02-16.17.51:025][  0]LogPackFactory: Copied "../../../Samples/StarterContent/Content/StarterContent/Shapes/Shape_NarrowCapsule.uasset" to "C:/Users/student/Documents/Unreal Projects/MyProject2/Content/StarterContent/Shapes/Shape_NarrowCapsule.uasset"
[2025.04.02-16.17.51:025][  0]LogPackFactory: Copied "../../../Samples/StarterContent/Content/StarterContent/Shapes/Shape_Pipe.uasset" to "C:/Users/student/Documents/Unreal Projects/MyProject2/Content/StarterContent/Shapes/Shape_Pipe.uasset"
[2025.04.02-16.17.51:026][  0]LogPackFactory: Copied "../../../Samples/StarterContent/Content/StarterContent/Shapes/Shape_Pipe_180.uasset" to "C:/Users/student/Documents/Unreal Projects/MyProject2/Content/StarterContent/Shapes/Shape_Pipe_180.uasset"
[2025.04.02-16.17.51:027][  0]LogPackFactory: Copied "../../../Samples/StarterContent/Content/StarterContent/Shapes/Shape_Pipe_90.uasset" to "C:/Users/student/Documents/Unreal Projects/MyProject2/Content/StarterContent/Shapes/Shape_Pipe_90.uasset"
[2025.04.02-16.17.51:029][  0]LogPackFactory: Copied "../../../Samples/StarterContent/Content/StarterContent/Shapes/Shape_Plane.uasset" to "C:/Users/student/Documents/Unreal Projects/MyProject2/Content/StarterContent/Shapes/Shape_Plane.uasset"
[2025.04.02-16.17.51:029][  0]LogPackFactory: Copied "../../../Samples/StarterContent/Content/StarterContent/Shapes/Shape_QuadPyramid.uasset" to "C:/Users/student/Documents/Unreal Projects/MyProject2/Content/StarterContent/Shapes/Shape_QuadPyramid.uasset"
[2025.04.02-16.17.51:030][  0]LogPackFactory: Copied "../../../Samples/StarterContent/Content/StarterContent/Shapes/Shape_Sphere.uasset" to "C:/Users/student/Documents/Unreal Projects/MyProject2/Content/StarterContent/Shapes/Shape_Sphere.uasset"
[2025.04.02-16.17.51:031][  0]LogPackFactory: Copied "../../../Samples/StarterContent/Content/StarterContent/Shapes/Shape_Torus.uasset" to "C:/Users/student/Documents/Unreal Projects/MyProject2/Content/StarterContent/Shapes/Shape_Torus.uasset"
[2025.04.02-16.17.51:031][  0]LogPackFactory: Copied "../../../Samples/StarterContent/Content/StarterContent/Shapes/Shape_Trim.uasset" to "C:/Users/student/Documents/Unreal Projects/MyProject2/Content/StarterContent/Shapes/Shape_Trim.uasset"
[2025.04.02-16.17.51:032][  0]LogPackFactory: Copied "../../../Samples/StarterContent/Content/StarterContent/Shapes/Shape_Trim_90_In.uasset" to "C:/Users/student/Documents/Unreal Projects/MyProject2/Content/StarterContent/Shapes/Shape_Trim_90_In.uasset"
[2025.04.02-16.17.51:033][  0]LogPackFactory: Copied "../../../Samples/StarterContent/Content/StarterContent/Shapes/Shape_Trim_90_Out.uasset" to "C:/Users/student/Documents/Unreal Projects/MyProject2/Content/StarterContent/Shapes/Shape_Trim_90_Out.uasset"
[2025.04.02-16.17.51:033][  0]LogPackFactory: Copied "../../../Samples/StarterContent/Content/StarterContent/Shapes/Shape_TriPyramid.uasset" to "C:/Users/student/Documents/Unreal Projects/MyProject2/Content/StarterContent/Shapes/Shape_TriPyramid.uasset"
[2025.04.02-16.17.51:034][  0]LogPackFactory: Copied "../../../Samples/StarterContent/Content/StarterContent/Shapes/Shape_Tube.uasset" to "C:/Users/student/Documents/Unreal Projects/MyProject2/Content/StarterContent/Shapes/Shape_Tube.uasset"
[2025.04.02-16.17.51:035][  0]LogPackFactory: Copied "../../../Samples/StarterContent/Content/StarterContent/Shapes/Shape_Wedge_A.uasset" to "C:/Users/student/Documents/Unreal Projects/MyProject2/Content/StarterContent/Shapes/Shape_Wedge_A.uasset"
[2025.04.02-16.17.51:036][  0]LogPackFactory: Copied "../../../Samples/StarterContent/Content/StarterContent/Shapes/Shape_Wedge_B.uasset" to "C:/Users/student/Documents/Unreal Projects/MyProject2/Content/StarterContent/Shapes/Shape_Wedge_B.uasset"
[2025.04.02-16.17.51:039][  0]LogPackFactory: Copied "../../../Samples/StarterContent/Content/StarterContent/Shapes/Shape_WideCapsule.uasset" to "C:/Users/student/Documents/Unreal Projects/MyProject2/Content/StarterContent/Shapes/Shape_WideCapsule.uasset"
[2025.04.02-16.17.51:046][  0]LogPackFactory: Copied "../../../Samples/StarterContent/Content/StarterContent/Textures/T_Brick_Clay_Beveled_D.uasset" to "C:/Users/student/Documents/Unreal Projects/MyProject2/Content/StarterContent/Textures/T_Brick_Clay_Beveled_D.uasset"
[2025.04.02-16.17.51:049][  0]LogPackFactory: Copied "../../../Samples/StarterContent/Content/StarterContent/Textures/T_Brick_Clay_Beveled_M.uasset" to "C:/Users/student/Documents/Unreal Projects/MyProject2/Content/StarterContent/Textures/T_Brick_Clay_Beveled_M.uasset"
[2025.04.02-16.17.51:053][  0]LogPackFactory: Copied "../../../Samples/StarterContent/Content/StarterContent/Textures/T_Brick_Clay_Beveled_N.uasset" to "C:/Users/student/Documents/Unreal Projects/MyProject2/Content/StarterContent/Textures/T_Brick_Clay_Beveled_N.uasset"
[2025.04.02-16.17.51:055][  0]LogPackFactory: Copied "../../../Samples/StarterContent/Content/StarterContent/Textures/T_Brick_Clay_New_D.uasset" to "C:/Users/student/Documents/Unreal Projects/MyProject2/Content/StarterContent/Textures/T_Brick_Clay_New_D.uasset"
[2025.04.02-16.17.51:059][  0]LogPackFactory: Copied "../../../Samples/StarterContent/Content/StarterContent/Textures/T_Brick_Clay_New_M.uasset" to "C:/Users/student/Documents/Unreal Projects/MyProject2/Content/StarterContent/Textures/T_Brick_Clay_New_M.uasset"
[2025.04.02-16.17.51:063][  0]LogPackFactory: Copied "../../../Samples/StarterContent/Content/StarterContent/Textures/T_Brick_Clay_New_N.uasset" to "C:/Users/student/Documents/Unreal Projects/MyProject2/Content/StarterContent/Textures/T_Brick_Clay_New_N.uasset"
[2025.04.02-16.17.51:067][  0]LogPackFactory: Copied "../../../Samples/StarterContent/Content/StarterContent/Textures/T_Brick_Clay_Old_D.uasset" to "C:/Users/student/Documents/Unreal Projects/MyProject2/Content/StarterContent/Textures/T_Brick_Clay_Old_D.uasset"
[2025.04.02-16.17.51:070][  0]LogPackFactory: Copied "../../../Samples/StarterContent/Content/StarterContent/Textures/T_Brick_Clay_Old_N.uasset" to "C:/Users/student/Documents/Unreal Projects/MyProject2/Content/StarterContent/Textures/T_Brick_Clay_Old_N.uasset"
[2025.04.02-16.17.51:075][  0]LogPackFactory: Copied "../../../Samples/StarterContent/Content/StarterContent/Textures/T_Brick_Cut_Stone_D.uasset" to "C:/Users/student/Documents/Unreal Projects/MyProject2/Content/StarterContent/Textures/T_Brick_Cut_Stone_D.uasset"
[2025.04.02-16.17.51:079][  0]LogPackFactory: Copied "../../../Samples/StarterContent/Content/StarterContent/Textures/T_Brick_Cut_Stone_N.uasset" to "C:/Users/student/Documents/Unreal Projects/MyProject2/Content/StarterContent/Textures/T_Brick_Cut_Stone_N.uasset"
[2025.04.02-16.17.51:082][  0]LogPackFactory: Copied "../../../Samples/StarterContent/Content/StarterContent/Textures/T_Brick_Hewn_Stone_D.uasset" to "C:/Users/student/Documents/Unreal Projects/MyProject2/Content/StarterContent/Textures/T_Brick_Hewn_Stone_D.uasset"
[2025.04.02-16.17.51:085][  0]LogPackFactory: Copied "../../../Samples/StarterContent/Content/StarterContent/Textures/T_Brick_Hewn_Stone_M.uasset" to "C:/Users/student/Documents/Unreal Projects/MyProject2/Content/StarterContent/Textures/T_Brick_Hewn_Stone_M.uasset"
[2025.04.02-16.17.51:088][  0]LogPackFactory: Copied "../../../Samples/StarterContent/Content/StarterContent/Textures/T_Brick_Hewn_Stone_N.uasset" to "C:/Users/student/Documents/Unreal Projects/MyProject2/Content/StarterContent/Textures/T_Brick_Hewn_Stone_N.uasset"
[2025.04.02-16.17.51:089][  0]LogPackFactory: Copied "../../../Samples/StarterContent/Content/StarterContent/Textures/T_Burst_M.uasset" to "C:/Users/student/Documents/Unreal Projects/MyProject2/Content/StarterContent/Textures/T_Burst_M.uasset"
[2025.04.02-16.17.51:089][  0]LogPackFactory: Copied "../../../Samples/StarterContent/Content/StarterContent/Textures/T_Bush_D.uasset" to "C:/Users/student/Documents/Unreal Projects/MyProject2/Content/StarterContent/Textures/T_Bush_D.uasset"
[2025.04.02-16.17.51:090][  0]LogPackFactory: Copied "../../../Samples/StarterContent/Content/StarterContent/Textures/T_Bush_N.uasset" to "C:/Users/student/Documents/Unreal Projects/MyProject2/Content/StarterContent/Textures/T_Bush_N.uasset"
[2025.04.02-16.17.51:091][  0]LogPackFactory: Copied "../../../Samples/StarterContent/Content/StarterContent/Textures/T_Ceramic_Tile_M.uasset" to "C:/Users/student/Documents/Unreal Projects/MyProject2/Content/StarterContent/Textures/T_Ceramic_Tile_M.uasset"
[2025.04.02-16.17.51:091][  0]LogPackFactory: Copied "../../../Samples/StarterContent/Content/StarterContent/Textures/T_Ceramic_Tile_N.uasset" to "C:/Users/student/Documents/Unreal Projects/MyProject2/Content/StarterContent/Textures/T_Ceramic_Tile_N.uasset"
[2025.04.02-16.17.51:092][  0]LogPackFactory: Copied "../../../Samples/StarterContent/Content/StarterContent/Textures/T_Chair_M.uasset" to "C:/Users/student/Documents/Unreal Projects/MyProject2/Content/StarterContent/Textures/T_Chair_M.uasset"
[2025.04.02-16.17.51:095][  0]LogPackFactory: Copied "../../../Samples/StarterContent/Content/StarterContent/Textures/T_Chair_N.uasset" to "C:/Users/student/Documents/Unreal Projects/MyProject2/Content/StarterContent/Textures/T_Chair_N.uasset"
[2025.04.02-16.17.51:095][  0]LogPackFactory: Copied "../../../Samples/StarterContent/Content/StarterContent/Textures/T_Checker_Noise_M.uasset" to "C:/Users/student/Documents/Unreal Projects/MyProject2/Content/StarterContent/Textures/T_Checker_Noise_M.uasset"
[2025.04.02-16.17.51:100][  0]LogPackFactory: Copied "../../../Samples/StarterContent/Content/StarterContent/Textures/T_CobbleStone_Pebble_D.uasset" to "C:/Users/student/Documents/Unreal Projects/MyProject2/Content/StarterContent/Textures/T_CobbleStone_Pebble_D.uasset"
[2025.04.02-16.17.51:101][  0]LogPackFactory: Copied "../../../Samples/StarterContent/Content/StarterContent/Textures/T_CobbleStone_Pebble_M.uasset" to "C:/Users/student/Documents/Unreal Projects/MyProject2/Content/StarterContent/Textures/T_CobbleStone_Pebble_M.uasset"
[2025.04.02-16.17.51:107][  0]LogPackFactory: Copied "../../../Samples/StarterContent/Content/StarterContent/Textures/T_CobbleStone_Pebble_N.uasset" to "C:/Users/student/Documents/Unreal Projects/MyProject2/Content/StarterContent/Textures/T_CobbleStone_Pebble_N.uasset"
[2025.04.02-16.17.51:108][  0]LogPackFactory: Copied "../../../Samples/StarterContent/Content/StarterContent/Textures/T_CobbleStone_Rough_D.uasset" to "C:/Users/student/Documents/Unreal Projects/MyProject2/Content/StarterContent/Textures/T_CobbleStone_Rough_D.uasset"
[2025.04.02-16.17.51:111][  0]LogPackFactory: Copied "../../../Samples/StarterContent/Content/StarterContent/Textures/T_CobbleStone_Rough_N.uasset" to "C:/Users/student/Documents/Unreal Projects/MyProject2/Content/StarterContent/Textures/T_CobbleStone_Rough_N.uasset"
[2025.04.02-16.17.51:114][  0]LogPackFactory: Copied "../../../Samples/StarterContent/Content/StarterContent/Textures/T_CobbleStone_Smooth_D.uasset" to "C:/Users/student/Documents/Unreal Projects/MyProject2/Content/StarterContent/Textures/T_CobbleStone_Smooth_D.uasset"
[2025.04.02-16.17.51:116][  0]LogPackFactory: Copied "../../../Samples/StarterContent/Content/StarterContent/Textures/T_CobbleStone_Smooth_M.uasset" to "C:/Users/student/Documents/Unreal Projects/MyProject2/Content/StarterContent/Textures/T_CobbleStone_Smooth_M.uasset"
[2025.04.02-16.17.51:120][  0]LogPackFactory: Copied "../../../Samples/StarterContent/Content/StarterContent/Textures/T_CobbleStone_Smooth_N.uasset" to "C:/Users/student/Documents/Unreal Projects/MyProject2/Content/StarterContent/Textures/T_CobbleStone_Smooth_N.uasset"
[2025.04.02-16.17.51:125][  0]LogPackFactory: Copied "../../../Samples/StarterContent/Content/StarterContent/Textures/T_Concrete_Grime_D.uasset" to "C:/Users/student/Documents/Unreal Projects/MyProject2/Content/StarterContent/Textures/T_Concrete_Grime_D.uasset"
[2025.04.02-16.17.51:128][  0]LogPackFactory: Copied "../../../Samples/StarterContent/Content/StarterContent/Textures/T_Concrete_Panels_D.uasset" to "C:/Users/student/Documents/Unreal Projects/MyProject2/Content/StarterContent/Textures/T_Concrete_Panels_D.uasset"
[2025.04.02-16.17.51:130][  0]LogPackFactory: Copied "../../../Samples/StarterContent/Content/StarterContent/Textures/T_Concrete_Panels_N.uasset" to "C:/Users/student/Documents/Unreal Projects/MyProject2/Content/StarterContent/Textures/T_Concrete_Panels_N.uasset"
[2025.04.02-16.17.51:135][  0]LogPackFactory: Copied "../../../Samples/StarterContent/Content/StarterContent/Textures/T_Concrete_Poured_D.uasset" to "C:/Users/student/Documents/Unreal Projects/MyProject2/Content/StarterContent/Textures/T_Concrete_Poured_D.uasset"
[2025.04.02-16.17.51:138][  0]LogPackFactory: Copied "../../../Samples/StarterContent/Content/StarterContent/Textures/T_Concrete_Poured_N.uasset" to "C:/Users/student/Documents/Unreal Projects/MyProject2/Content/StarterContent/Textures/T_Concrete_Poured_N.uasset"
[2025.04.02-16.17.51:141][  0]LogPackFactory: Copied "../../../Samples/StarterContent/Content/StarterContent/Textures/T_Concrete_Tiles_D.uasset" to "C:/Users/student/Documents/Unreal Projects/MyProject2/Content/StarterContent/Textures/T_Concrete_Tiles_D.uasset"
[2025.04.02-16.17.51:143][  0]LogPackFactory: Copied "../../../Samples/StarterContent/Content/StarterContent/Textures/T_Concrete_Tiles_M.uasset" to "C:/Users/student/Documents/Unreal Projects/MyProject2/Content/StarterContent/Textures/T_Concrete_Tiles_M.uasset"
[2025.04.02-16.17.51:146][  0]LogPackFactory: Copied "../../../Samples/StarterContent/Content/StarterContent/Textures/T_Concrete_Tiles_N.uasset" to "C:/Users/student/Documents/Unreal Projects/MyProject2/Content/StarterContent/Textures/T_Concrete_Tiles_N.uasset"
[2025.04.02-16.17.51:146][  0]LogPackFactory: Copied "../../../Samples/StarterContent/Content/StarterContent/Textures/T_Concrete_Tiles_Variation_M.uasset" to "C:/Users/student/Documents/Unreal Projects/MyProject2/Content/StarterContent/Textures/T_Concrete_Tiles_Variation_M.uasset"
[2025.04.02-16.17.51:147][  0]LogPackFactory: Copied "../../../Samples/StarterContent/Content/StarterContent/Textures/T_Detail_Rocky_N.uasset" to "C:/Users/student/Documents/Unreal Projects/MyProject2/Content/StarterContent/Textures/T_Detail_Rocky_N.uasset"
[2025.04.02-16.17.51:149][  0]LogPackFactory: Copied "../../../Samples/StarterContent/Content/StarterContent/Textures/T_Door_M.uasset" to "C:/Users/student/Documents/Unreal Projects/MyProject2/Content/StarterContent/Textures/T_Door_M.uasset"
[2025.04.02-16.17.51:149][  0]LogPackFactory: Copied "../../../Samples/StarterContent/Content/StarterContent/Textures/T_Door_N.uasset" to "C:/Users/student/Documents/Unreal Projects/MyProject2/Content/StarterContent/Textures/T_Door_N.uasset"
[2025.04.02-16.17.51:150][  0]LogPackFactory: Copied "../../../Samples/StarterContent/Content/StarterContent/Textures/T_Dust_Particle_D.uasset" to "C:/Users/student/Documents/Unreal Projects/MyProject2/Content/StarterContent/Textures/T_Dust_Particle_D.uasset"
[2025.04.02-16.17.51:152][  0]LogPackFactory: Copied "../../../Samples/StarterContent/Content/StarterContent/Textures/T_Explosion_SubUV.uasset" to "C:/Users/student/Documents/Unreal Projects/MyProject2/Content/StarterContent/Textures/T_Explosion_SubUV.uasset"
[2025.04.02-16.17.51:153][  0]LogPackFactory: Copied "../../../Samples/StarterContent/Content/StarterContent/Textures/T_Fire_SubUV.uasset" to "C:/Users/student/Documents/Unreal Projects/MyProject2/Content/StarterContent/Textures/T_Fire_SubUV.uasset"
[2025.04.02-16.17.51:154][  0]LogPackFactory: Copied "../../../Samples/StarterContent/Content/StarterContent/Textures/T_Fire_Tiled_D.uasset" to "C:/Users/student/Documents/Unreal Projects/MyProject2/Content/StarterContent/Textures/T_Fire_Tiled_D.uasset"
[2025.04.02-16.17.51:154][  0]LogPackFactory: Copied "../../../Samples/StarterContent/Content/StarterContent/Textures/T_Frame_M.uasset" to "C:/Users/student/Documents/Unreal Projects/MyProject2/Content/StarterContent/Textures/T_Frame_M.uasset"
[2025.04.02-16.17.51:156][  0]LogPackFactory: Copied "../../../Samples/StarterContent/Content/StarterContent/Textures/T_Frame_N.uasset" to "C:/Users/student/Documents/Unreal Projects/MyProject2/Content/StarterContent/Textures/T_Frame_N.uasset"
[2025.04.02-16.17.51:157][  0]LogPackFactory: Copied "../../../Samples/StarterContent/Content/StarterContent/Textures/T_Gradinet_01.uasset" to "C:/Users/student/Documents/Unreal Projects/MyProject2/Content/StarterContent/Textures/T_Gradinet_01.uasset"
[2025.04.02-16.17.51:162][  0]LogPackFactory: Copied "../../../Samples/StarterContent/Content/StarterContent/Textures/T_Ground_Grass_D.uasset" to "C:/Users/student/Documents/Unreal Projects/MyProject2/Content/StarterContent/Textures/T_Ground_Grass_D.uasset"
[2025.04.02-16.17.51:166][  0]LogPackFactory: Copied "../../../Samples/StarterContent/Content/StarterContent/Textures/T_Ground_Grass_N.uasset" to "C:/Users/student/Documents/Unreal Projects/MyProject2/Content/StarterContent/Textures/T_Ground_Grass_N.uasset"
[2025.04.02-16.17.51:171][  0]LogPackFactory: Copied "../../../Samples/StarterContent/Content/StarterContent/Textures/T_Ground_Gravel_D.uasset" to "C:/Users/student/Documents/Unreal Projects/MyProject2/Content/StarterContent/Textures/T_Ground_Gravel_D.uasset"
[2025.04.02-16.17.51:174][  0]LogPackFactory: Copied "../../../Samples/StarterContent/Content/StarterContent/Textures/T_Ground_Gravel_N.uasset" to "C:/Users/student/Documents/Unreal Projects/MyProject2/Content/StarterContent/Textures/T_Ground_Gravel_N.uasset"
[2025.04.02-16.17.51:178][  0]LogPackFactory: Copied "../../../Samples/StarterContent/Content/StarterContent/Textures/T_ground_Moss_D.uasset" to "C:/Users/student/Documents/Unreal Projects/MyProject2/Content/StarterContent/Textures/T_ground_Moss_D.uasset"
[2025.04.02-16.17.51:182][  0]LogPackFactory: Copied "../../../Samples/StarterContent/Content/StarterContent/Textures/T_Ground_Moss_N.uasset" to "C:/Users/student/Documents/Unreal Projects/MyProject2/Content/StarterContent/Textures/T_Ground_Moss_N.uasset"
[2025.04.02-16.17.51:183][  0]LogPackFactory: Copied "../../../Samples/StarterContent/Content/StarterContent/Textures/T_Lamp_M.uasset" to "C:/Users/student/Documents/Unreal Projects/MyProject2/Content/StarterContent/Textures/T_Lamp_M.uasset"
[2025.04.02-16.17.51:184][  0]LogPackFactory: Copied "../../../Samples/StarterContent/Content/StarterContent/Textures/T_Lamp_N.uasset" to "C:/Users/student/Documents/Unreal Projects/MyProject2/Content/StarterContent/Textures/T_Lamp_N.uasset"
[2025.04.02-16.17.51:189][  0]LogPackFactory: Copied "../../../Samples/StarterContent/Content/StarterContent/Textures/T_MacroVariation.uasset" to "C:/Users/student/Documents/Unreal Projects/MyProject2/Content/StarterContent/Textures/T_MacroVariation.uasset"
[2025.04.02-16.17.51:193][  0]LogPackFactory: Copied "../../../Samples/StarterContent/Content/StarterContent/Textures/T_Metal_Aluminum_D.uasset" to "C:/Users/student/Documents/Unreal Projects/MyProject2/Content/StarterContent/Textures/T_Metal_Aluminum_D.uasset"
[2025.04.02-16.17.51:197][  0]LogPackFactory: Copied "../../../Samples/StarterContent/Content/StarterContent/Textures/T_Metal_Copper_D.uasset" to "C:/Users/student/Documents/Unreal Projects/MyProject2/Content/StarterContent/Textures/T_Metal_Copper_D.uasset"
[2025.04.02-16.17.51:200][  0]LogPackFactory: Copied "../../../Samples/StarterContent/Content/StarterContent/Textures/T_Metal_Gold_D.uasset" to "C:/Users/student/Documents/Unreal Projects/MyProject2/Content/StarterContent/Textures/T_Metal_Gold_D.uasset"
[2025.04.02-16.17.51:201][  0]LogPackFactory: Copied "../../../Samples/StarterContent/Content/StarterContent/Textures/T_Metal_Gold_N.uasset" to "C:/Users/student/Documents/Unreal Projects/MyProject2/Content/StarterContent/Textures/T_Metal_Gold_N.uasset"
[2025.04.02-16.17.51:205][  0]LogPackFactory: Copied "../../../Samples/StarterContent/Content/StarterContent/Textures/T_Metal_Rust_D.uasset" to "C:/Users/student/Documents/Unreal Projects/MyProject2/Content/StarterContent/Textures/T_Metal_Rust_D.uasset"
[2025.04.02-16.17.51:208][  0]LogPackFactory: Copied "../../../Samples/StarterContent/Content/StarterContent/Textures/T_Metal_Rust_N.uasset" to "C:/Users/student/Documents/Unreal Projects/MyProject2/Content/StarterContent/Textures/T_Metal_Rust_N.uasset"
[2025.04.02-16.17.51:210][  0]LogPackFactory: Copied "../../../Samples/StarterContent/Content/StarterContent/Textures/T_Metal_Steel_D.uasset" to "C:/Users/student/Documents/Unreal Projects/MyProject2/Content/StarterContent/Textures/T_Metal_Steel_D.uasset"
[2025.04.02-16.17.51:212][  0]LogPackFactory: Copied "../../../Samples/StarterContent/Content/StarterContent/Textures/T_Metal_Steel_N.uasset" to "C:/Users/student/Documents/Unreal Projects/MyProject2/Content/StarterContent/Textures/T_Metal_Steel_N.uasset"
[2025.04.02-16.17.51:215][  0]LogPackFactory: Copied "../../../Samples/StarterContent/Content/StarterContent/Textures/T_Perlin_Noise_M.uasset" to "C:/Users/student/Documents/Unreal Projects/MyProject2/Content/StarterContent/Textures/T_Perlin_Noise_M.uasset"
[2025.04.02-16.17.51:217][  0]LogPackFactory: Copied "../../../Samples/StarterContent/Content/StarterContent/Textures/T_RockMesh_M.uasset" to "C:/Users/student/Documents/Unreal Projects/MyProject2/Content/StarterContent/Textures/T_RockMesh_M.uasset"
[2025.04.02-16.17.51:219][  0]LogPackFactory: Copied "../../../Samples/StarterContent/Content/StarterContent/Textures/T_RockMesh_N.uasset" to "C:/Users/student/Documents/Unreal Projects/MyProject2/Content/StarterContent/Textures/T_RockMesh_N.uasset"
[2025.04.02-16.17.51:223][  0]LogPackFactory: Copied "../../../Samples/StarterContent/Content/StarterContent/Textures/T_Rock_Basalt_D.uasset" to "C:/Users/student/Documents/Unreal Projects/MyProject2/Content/StarterContent/Textures/T_Rock_Basalt_D.uasset"
[2025.04.02-16.17.51:226][  0]LogPackFactory: Copied "../../../Samples/StarterContent/Content/StarterContent/Textures/T_Rock_Basalt_N.uasset" to "C:/Users/student/Documents/Unreal Projects/MyProject2/Content/StarterContent/Textures/T_Rock_Basalt_N.uasset"
[2025.04.02-16.17.51:229][  0]LogPackFactory: Copied "../../../Samples/StarterContent/Content/StarterContent/Textures/T_Rock_Marble_Polished_D.uasset" to "C:/Users/student/Documents/Unreal Projects/MyProject2/Content/StarterContent/Textures/T_Rock_Marble_Polished_D.uasset"
[2025.04.02-16.17.51:232][  0]LogPackFactory: Copied "../../../Samples/StarterContent/Content/StarterContent/Textures/T_Rock_Sandstone_D.uasset" to "C:/Users/student/Documents/Unreal Projects/MyProject2/Content/StarterContent/Textures/T_Rock_Sandstone_D.uasset"
[2025.04.02-16.17.51:235][  0]LogPackFactory: Copied "../../../Samples/StarterContent/Content/StarterContent/Textures/T_Rock_Sandstone_N.uasset" to "C:/Users/student/Documents/Unreal Projects/MyProject2/Content/StarterContent/Textures/T_Rock_Sandstone_N.uasset"
[2025.04.02-16.17.51:240][  0]LogPackFactory: Copied "../../../Samples/StarterContent/Content/StarterContent/Textures/T_Rock_Slate_D.uasset" to "C:/Users/student/Documents/Unreal Projects/MyProject2/Content/StarterContent/Textures/T_Rock_Slate_D.uasset"
[2025.04.02-16.17.51:244][  0]LogPackFactory: Copied "../../../Samples/StarterContent/Content/StarterContent/Textures/T_Rock_Slate_N.uasset" to "C:/Users/student/Documents/Unreal Projects/MyProject2/Content/StarterContent/Textures/T_Rock_Slate_N.uasset"
[2025.04.02-16.17.51:248][  0]LogPackFactory: Copied "../../../Samples/StarterContent/Content/StarterContent/Textures/T_Rock_Smooth_Granite_D.uasset" to "C:/Users/student/Documents/Unreal Projects/MyProject2/Content/StarterContent/Textures/T_Rock_Smooth_Granite_D.uasset"
[2025.04.02-16.17.51:248][  0]LogPackFactory: Copied "../../../Samples/StarterContent/Content/StarterContent/Textures/T_Shelf_M.uasset" to "C:/Users/student/Documents/Unreal Projects/MyProject2/Content/StarterContent/Textures/T_Shelf_M.uasset"
[2025.04.02-16.17.51:249][  0]LogPackFactory: Copied "../../../Samples/StarterContent/Content/StarterContent/Textures/T_Shelf_N.uasset" to "C:/Users/student/Documents/Unreal Projects/MyProject2/Content/StarterContent/Textures/T_Shelf_N.uasset"
[2025.04.02-16.17.51:250][  0]LogPackFactory: Copied "../../../Samples/StarterContent/Content/StarterContent/Textures/T_Single_Tile_N.uasset" to "C:/Users/student/Documents/Unreal Projects/MyProject2/Content/StarterContent/Textures/T_Single_Tile_N.uasset"
[2025.04.02-16.17.51:250][  0]LogPackFactory: Copied "../../../Samples/StarterContent/Content/StarterContent/Textures/T_Smoke_SubUV.uasset" to "C:/Users/student/Documents/Unreal Projects/MyProject2/Content/StarterContent/Textures/T_Smoke_SubUV.uasset"
[2025.04.02-16.17.51:252][  0]LogPackFactory: Copied "../../../Samples/StarterContent/Content/StarterContent/Textures/T_Smoke_Tiled_D.uasset" to "C:/Users/student/Documents/Unreal Projects/MyProject2/Content/StarterContent/Textures/T_Smoke_Tiled_D.uasset"
[2025.04.02-16.17.51:253][  0]LogPackFactory: Copied "../../../Samples/StarterContent/Content/StarterContent/Textures/T_Spark_Core.uasset" to "C:/Users/student/Documents/Unreal Projects/MyProject2/Content/StarterContent/Textures/T_Spark_Core.uasset"
[2025.04.02-16.17.51:253][  0]LogPackFactory: Copied "../../../Samples/StarterContent/Content/StarterContent/Textures/T_Statue_M.uasset" to "C:/Users/student/Documents/Unreal Projects/MyProject2/Content/StarterContent/Textures/T_Statue_M.uasset"
[2025.04.02-16.17.51:255][  0]LogPackFactory: Copied "../../../Samples/StarterContent/Content/StarterContent/Textures/T_Statue_N.uasset" to "C:/Users/student/Documents/Unreal Projects/MyProject2/Content/StarterContent/Textures/T_Statue_N.uasset"
[2025.04.02-16.17.51:255][  0]LogPackFactory: Copied "../../../Samples/StarterContent/Content/StarterContent/Textures/T_TableRound_M.uasset" to "C:/Users/student/Documents/Unreal Projects/MyProject2/Content/StarterContent/Textures/T_TableRound_M.uasset"
[2025.04.02-16.17.51:256][  0]LogPackFactory: Copied "../../../Samples/StarterContent/Content/StarterContent/Textures/T_TableRound_N.uasset" to "C:/Users/student/Documents/Unreal Projects/MyProject2/Content/StarterContent/Textures/T_TableRound_N.uasset"
[2025.04.02-16.17.51:258][  0]LogPackFactory: Copied "../../../Samples/StarterContent/Content/StarterContent/Textures/T_Tech_Dot_M.uasset" to "C:/Users/student/Documents/Unreal Projects/MyProject2/Content/StarterContent/Textures/T_Tech_Dot_M.uasset"
[2025.04.02-16.17.51:259][  0]LogPackFactory: Copied "../../../Samples/StarterContent/Content/StarterContent/Textures/T_Tech_Dot_N.uasset" to "C:/Users/student/Documents/Unreal Projects/MyProject2/Content/StarterContent/Textures/T_Tech_Dot_N.uasset"
[2025.04.02-16.17.51:259][  0]LogPackFactory: Copied "../../../Samples/StarterContent/Content/StarterContent/Textures/T_Tech_Hex_Tile_M.uasset" to "C:/Users/student/Documents/Unreal Projects/MyProject2/Content/StarterContent/Textures/T_Tech_Hex_Tile_M.uasset"
[2025.04.02-16.17.51:260][  0]LogPackFactory: Copied "../../../Samples/StarterContent/Content/StarterContent/Textures/T_Tech_Hex_Tile_N.uasset" to "C:/Users/student/Documents/Unreal Projects/MyProject2/Content/StarterContent/Textures/T_Tech_Hex_Tile_N.uasset"
[2025.04.02-16.17.51:261][  0]LogPackFactory: Copied "../../../Samples/StarterContent/Content/StarterContent/Textures/T_Tech_Panel_M.uasset" to "C:/Users/student/Documents/Unreal Projects/MyProject2/Content/StarterContent/Textures/T_Tech_Panel_M.uasset"
[2025.04.02-16.17.51:262][  0]LogPackFactory: Copied "../../../Samples/StarterContent/Content/StarterContent/Textures/T_Tech_Panel_N.uasset" to "C:/Users/student/Documents/Unreal Projects/MyProject2/Content/StarterContent/Textures/T_Tech_Panel_N.uasset"
[2025.04.02-16.17.51:263][  0]LogPackFactory: Copied "../../../Samples/StarterContent/Content/StarterContent/Textures/T_Water_M.uasset" to "C:/Users/student/Documents/Unreal Projects/MyProject2/Content/StarterContent/Textures/T_Water_M.uasset"
[2025.04.02-16.17.51:265][  0]LogPackFactory: Copied "../../../Samples/StarterContent/Content/StarterContent/Textures/T_Water_N.uasset" to "C:/Users/student/Documents/Unreal Projects/MyProject2/Content/StarterContent/Textures/T_Water_N.uasset"
[2025.04.02-16.17.51:269][  0]LogPackFactory: Copied "../../../Samples/StarterContent/Content/StarterContent/Textures/T_Wood_Floor_Walnut_D.uasset" to "C:/Users/student/Documents/Unreal Projects/MyProject2/Content/StarterContent/Textures/T_Wood_Floor_Walnut_D.uasset"
[2025.04.02-16.17.51:271][  0]LogPackFactory: Copied "../../../Samples/StarterContent/Content/StarterContent/Textures/T_Wood_Floor_Walnut_M.uasset" to "C:/Users/student/Documents/Unreal Projects/MyProject2/Content/StarterContent/Textures/T_Wood_Floor_Walnut_M.uasset"
[2025.04.02-16.17.51:272][  0]LogPackFactory: Copied "../../../Samples/StarterContent/Content/StarterContent/Textures/T_Wood_Floor_Walnut_N.uasset" to "C:/Users/student/Documents/Unreal Projects/MyProject2/Content/StarterContent/Textures/T_Wood_Floor_Walnut_N.uasset"
[2025.04.02-16.17.51:276][  0]LogPackFactory: Copied "../../../Samples/StarterContent/Content/StarterContent/Textures/T_Wood_Oak_D.uasset" to "C:/Users/student/Documents/Unreal Projects/MyProject2/Content/StarterContent/Textures/T_Wood_Oak_D.uasset"
[2025.04.02-16.17.51:279][  0]LogPackFactory: Copied "../../../Samples/StarterContent/Content/StarterContent/Textures/T_Wood_Oak_N.uasset" to "C:/Users/student/Documents/Unreal Projects/MyProject2/Content/StarterContent/Textures/T_Wood_Oak_N.uasset"
[2025.04.02-16.17.51:283][  0]LogPackFactory: Copied "../../../Samples/StarterContent/Content/StarterContent/Textures/T_Wood_Pine_D.uasset" to "C:/Users/student/Documents/Unreal Projects/MyProject2/Content/StarterContent/Textures/T_Wood_Pine_D.uasset"
[2025.04.02-16.17.51:285][  0]LogPackFactory: Copied "../../../Samples/StarterContent/Content/StarterContent/Textures/T_Wood_Pine_N.uasset" to "C:/Users/student/Documents/Unreal Projects/MyProject2/Content/StarterContent/Textures/T_Wood_Pine_N.uasset"
[2025.04.02-16.17.51:291][  0]LogPackFactory: Copied "../../../Samples/StarterContent/Content/StarterContent/Textures/T_Wood_Walnut_D.uasset" to "C:/Users/student/Documents/Unreal Projects/MyProject2/Content/StarterContent/Textures/T_Wood_Walnut_D.uasset"
[2025.04.02-16.17.51:293][  0]LogPackFactory: Copied "../../../Samples/StarterContent/Content/StarterContent/Textures/T_Wood_Walnut_N.uasset" to "C:/Users/student/Documents/Unreal Projects/MyProject2/Content/StarterContent/Textures/T_Wood_Walnut_N.uasset"
[2025.04.02-16.17.51:327][  0]LogRenderer: Reallocating scene render targets to support 256x256 Format 10 NumSamples 1 (Frame:1).
[2025.04.02-16.17.51:368][  0]LogSavePackage: Moving 'C:/Users/student/Documents/Unreal Projects/MyProject2/Saved/Floor_400x4008B15A46D4C87C58578E09D8DAD83115B.tmp' to 'C:/Users/student/Documents/Unreal Projects/MyProject2/Content/StarterContent/Architecture/Floor_400x400.uasset'
[2025.04.02-16.17.51:369][  0]LogFeaturePack: Warning: Inserted 1 feature packs
[2025.04.02-16.17.51:370][  0]Cmd: MAP LOAD FILE="C:/Users/student/Documents/Unreal Projects/MyProject2/Content/StarterContent/Maps/Minimal_Default.umap" TEMPLATE=0 SHOWPROGRESS=1 FEATURELEVEL=3
[2025.04.02-16.17.51:370][  0]LightingResults: New page: Lighting Build
[2025.04.02-16.17.51:371][  0]LogWorld: UWorld::CleanupWorld for Untitled, bSessionEnded=true, bCleanupResources=true
[2025.04.02-16.17.51:371][  0]LogSlate: InvalidateAllWidgets triggered.  All widgets were invalidated
[2025.04.02-16.17.51:371][  0]MapCheck: New page: Map Check
[2025.04.02-16.17.51:371][  0]LightingResults: New page: Lighting Build
[2025.04.02-16.17.51:374][  0]LogAudio: Display: Audio Device unregistered from world 'None'.
[2025.04.02-16.17.51:376][  0]LogUObjectHash: Compacting FUObjectHashTables data took   0.67ms
[2025.04.02-16.17.51:437][  0]LogTexture: Display: Building textures: DeprecatedTextureD6C57B644F03DADF4F2699848FAEA3C3 (BGRA8, 128X128)
[2025.04.02-16.17.51:440][  0]LogTexture: Display: Building textures: DeprecatedTexture8D91C9AE4C6B8D628CDA3C848426284A (BGRA8, 128X128)
[2025.04.02-16.17.51:469][  0]LogAudio: Display: Audio Device (ID: 1) registered with world 'Minimal_Default'.
[2025.04.02-16.17.51:469][  0]LogAIModule: Creating AISystem for world Minimal_Default
[2025.04.02-16.17.51:473][  0]LogEditorServer: Finished looking for orphan Actors (0.000 secs)
[2025.04.02-16.17.51:477][  0]LogUObjectHash: Compacting FUObjectHashTables data took   0.66ms
[2025.04.02-16.17.51:477][  0]Cmd: MAP CHECKDEP NOCLEARLOG
[2025.04.02-16.17.51:478][  0]MapCheck: Map check complete: 0 Error(s), 0 Warning(s), took 0,098ms to complete.
[2025.04.02-16.17.51:478][  0]LogFileHelpers: Loading map 'Minimal_Default' took 0.108
[2025.04.02-16.17.51:478][  0]LogUnrealEdMisc: Total Editor Startup Time, took 5.709
[2025.04.02-16.17.51:566][  0]LogSlate: Updating window title bar state: overlay mode, drag disabled, window buttons hidden, title bar hidden
[2025.04.02-16.17.51:570][  0]LogSlate: Updating window title bar state: overlay mode, drag disabled, window buttons hidden, title bar hidden
[2025.04.02-16.17.51:575][  0]LogSlate: Updating window title bar state: overlay mode, drag disabled, window buttons hidden, title bar hidden
[2025.04.02-16.17.51:579][  0]LogSlate: Updating window title bar state: overlay mode, drag disabled, window buttons hidden, title bar hidden
[2025.04.02-16.17.51:590][  0]LogNativeClassHierarchy: Verbose: Native class hierarchy populated in 0.0078 seconds. Added 3822 classes and 928 folders.
[2025.04.02-16.17.51:592][  0]LogNativeClassHierarchy: Verbose: Native class hierarchy updated for 'WidgetCarousel' in 0.0002 seconds. Added 0 classes and 0 folders.
[2025.04.02-16.17.51:593][  0]LogPakFile: PakFile PrimaryIndexSize=187
[2025.04.02-16.17.51:593][  0]LogPakFile: PakFile PathHashIndexSize=101
[2025.04.02-16.17.51:593][  0]LogPakFile: PakFile FullDirectoryIndexSize=148
[2025.04.02-16.17.51:593][  0]LogShaderLibrary: Display: ShaderCodeLibraryPakFileMountedCallback: PakFile 'D:/Epic Games/UE_4.27/FeaturePacks/FP_FirstPerson.upack' (chunk index -1, root 'root:/') mounted
[2025.04.02-16.17.51:593][  0]LogShaderLibrary: Display: ShaderCodeLibraryPakFileMountedCallback: pending pak file info (ChunkID:-1 Root:root:/ File:D:/Epic Games/UE_4.27/FeaturePacks/FP_FirstPerson.upack)
[2025.04.02-16.17.51:593][  0]LogPakFile: OnPakFileMounted2Time == 0.000042
[2025.04.02-16.17.51:593][  0]LogPakFile: PakFile PrimaryIndexSize=189
[2025.04.02-16.17.51:593][  0]LogPakFile: PakFile PathHashIndexSize=101
[2025.04.02-16.17.51:593][  0]LogPakFile: PakFile FullDirectoryIndexSize=152
[2025.04.02-16.17.51:593][  0]LogShaderLibrary: Display: ShaderCodeLibraryPakFileMountedCallback: PakFile 'D:/Epic Games/UE_4.27/FeaturePacks/FP_FirstPersonBP.upack' (chunk index -1, root 'root:/') mounted
[2025.04.02-16.17.51:593][  0]LogShaderLibrary: Display: ShaderCodeLibraryPakFileMountedCallback: pending pak file info (ChunkID:-1 Root:root:/ File:D:/Epic Games/UE_4.27/FeaturePacks/FP_FirstPersonBP.upack)
[2025.04.02-16.17.51:593][  0]LogPakFile: OnPakFileMounted2Time == 0.000028
[2025.04.02-16.17.51:593][  0]LogPakFile: PakFile PrimaryIndexSize=191
[2025.04.02-16.17.51:593][  0]LogPakFile: PakFile PathHashIndexSize=101
[2025.04.02-16.17.51:593][  0]LogPakFile: PakFile FullDirectoryIndexSize=160
[2025.04.02-16.17.51:593][  0]LogShaderLibrary: Display: ShaderCodeLibraryPakFileMountedCallback: PakFile 'D:/Epic Games/UE_4.27/FeaturePacks/MobileStarterContent.upack' (chunk index -1, root 'root:/') mounted
[2025.04.02-16.17.51:593][  0]LogShaderLibrary: Display: ShaderCodeLibraryPakFileMountedCallback: pending pak file info (ChunkID:-1 Root:root:/ File:D:/Epic Games/UE_4.27/FeaturePacks/MobileStarterContent.upack)
[2025.04.02-16.17.51:593][  0]LogPakFile: OnPakFileMounted2Time == 0.000023
[2025.04.02-16.17.51:594][  0]LogPakFile: PakFile PrimaryIndexSize=185
[2025.04.02-16.17.51:594][  0]LogPakFile: PakFile PathHashIndexSize=101
[2025.04.02-16.17.51:594][  0]LogPakFile: PakFile FullDirectoryIndexSize=148
[2025.04.02-16.17.51:594][  0]LogShaderLibrary: Display: ShaderCodeLibraryPakFileMountedCallback: PakFile 'D:/Epic Games/UE_4.27/FeaturePacks/StarterContent.upack' (chunk index -1, root 'root:/') mounted
[2025.04.02-16.17.51:594][  0]LogShaderLibrary: Display: ShaderCodeLibraryPakFileMountedCallback: pending pak file info (ChunkID:-1 Root:root:/ File:D:/Epic Games/UE_4.27/FeaturePacks/StarterContent.upack)
[2025.04.02-16.17.51:594][  0]LogPakFile: OnPakFileMounted2Time == 0.000025
[2025.04.02-16.17.51:594][  0]LogPakFile: PakFile PrimaryIndexSize=190
[2025.04.02-16.17.51:594][  0]LogPakFile: PakFile PathHashIndexSize=101
[2025.04.02-16.17.51:594][  0]LogPakFile: PakFile FullDirectoryIndexSize=154
[2025.04.02-16.17.51:594][  0]LogShaderLibrary: Display: ShaderCodeLibraryPakFileMountedCallback: PakFile 'D:/Epic Games/UE_4.27/FeaturePacks/TP_2DSideScroller.upack' (chunk index -1, root 'root:/') mounted
[2025.04.02-16.17.51:594][  0]LogShaderLibrary: Display: ShaderCodeLibraryPakFileMountedCallback: pending pak file info (ChunkID:-1 Root:root:/ File:D:/Epic Games/UE_4.27/FeaturePacks/TP_2DSideScroller.upack)
[2025.04.02-16.17.51:594][  0]LogPakFile: OnPakFileMounted2Time == 0.000029
[2025.04.02-16.17.51:594][  0]LogPakFile: PakFile PrimaryIndexSize=192
[2025.04.02-16.17.51:594][  0]LogPakFile: PakFile PathHashIndexSize=101
[2025.04.02-16.17.51:594][  0]LogPakFile: PakFile FullDirectoryIndexSize=158
[2025.04.02-16.17.51:594][  0]LogShaderLibrary: Display: ShaderCodeLibraryPakFileMountedCallback: PakFile 'D:/Epic Games/UE_4.27/FeaturePacks/TP_2DSideScrollerBP.upack' (chunk index -1, root 'root:/') mounted
[2025.04.02-16.17.51:594][  0]LogShaderLibrary: Display: ShaderCodeLibraryPakFileMountedCallback: pending pak file info (ChunkID:-1 Root:root:/ File:D:/Epic Games/UE_4.27/FeaturePacks/TP_2DSideScrollerBP.upack)
[2025.04.02-16.17.51:594][  0]LogPakFile: OnPakFileMounted2Time == 0.000022
[2025.04.02-16.17.51:594][  0]LogPakFile: PakFile PrimaryIndexSize=182
[2025.04.02-16.17.51:594][  0]LogPakFile: PakFile PathHashIndexSize=101
[2025.04.02-16.17.51:594][  0]LogPakFile: PakFile FullDirectoryIndexSize=138
[2025.04.02-16.17.51:594][  0]LogShaderLibrary: Display: ShaderCodeLibraryPakFileMountedCallback: PakFile 'D:/Epic Games/UE_4.27/FeaturePacks/TP_Flying.upack' (chunk index -1, root 'root:/') mounted
[2025.04.02-16.17.51:594][  0]LogShaderLibrary: Display: ShaderCodeLibraryPakFileMountedCallback: pending pak file info (ChunkID:-1 Root:root:/ File:D:/Epic Games/UE_4.27/FeaturePacks/TP_Flying.upack)
[2025.04.02-16.17.51:594][  0]LogPakFile: OnPakFileMounted2Time == 0.000022
[2025.04.02-16.17.51:596][  0]LogPakFile: PakFile PrimaryIndexSize=184
[2025.04.02-16.17.51:596][  0]LogPakFile: PakFile PathHashIndexSize=101
[2025.04.02-16.17.51:596][  0]LogPakFile: PakFile FullDirectoryIndexSize=142
[2025.04.02-16.17.51:596][  0]LogShaderLibrary: Display: ShaderCodeLibraryPakFileMountedCallback: PakFile 'D:/Epic Games/UE_4.27/FeaturePacks/TP_FlyingBP.upack' (chunk index -1, root 'root:/') mounted
[2025.04.02-16.17.51:596][  0]LogShaderLibrary: Display: ShaderCodeLibraryPakFileMountedCallback: pending pak file info (ChunkID:-1 Root:root:/ File:D:/Epic Games/UE_4.27/FeaturePacks/TP_FlyingBP.upack)
[2025.04.02-16.17.51:596][  0]LogPakFile: OnPakFileMounted2Time == 0.000022
[2025.04.02-16.17.51:596][  0]LogPakFile: PakFile PrimaryIndexSize=188
[2025.04.02-16.17.51:596][  0]LogPakFile: PakFile PathHashIndexSize=101
[2025.04.02-16.17.51:596][  0]LogPakFile: PakFile FullDirectoryIndexSize=150
[2025.04.02-16.17.51:596][  0]LogShaderLibrary: Display: ShaderCodeLibraryPakFileMountedCallback: PakFile 'D:/Epic Games/UE_4.27/FeaturePacks/TP_HandheldARBP.upack' (chunk index -1, root 'root:/') mounted
[2025.04.02-16.17.51:596][  0]LogShaderLibrary: Display: ShaderCodeLibraryPakFileMountedCallback: pending pak file info (ChunkID:-1 Root:root:/ File:D:/Epic Games/UE_4.27/FeaturePacks/TP_HandheldARBP.upack)
[2025.04.02-16.17.51:596][  0]LogPakFile: OnPakFileMounted2Time == 0.000022
[2025.04.02-16.17.51:596][  0]LogPakFile: PakFile PrimaryIndexSize=182
[2025.04.02-16.17.51:596][  0]LogPakFile: PakFile PathHashIndexSize=101
[2025.04.02-16.17.51:596][  0]LogPakFile: PakFile FullDirectoryIndexSize=138
[2025.04.02-16.17.51:597][  0]LogShaderLibrary: Display: ShaderCodeLibraryPakFileMountedCallback: PakFile 'D:/Epic Games/UE_4.27/FeaturePacks/TP_Puzzle.upack' (chunk index -1, root 'root:/') mounted
[2025.04.02-16.17.51:597][  0]LogShaderLibrary: Display: ShaderCodeLibraryPakFileMountedCallback: pending pak file info (ChunkID:-1 Root:root:/ File:D:/Epic Games/UE_4.27/FeaturePacks/TP_Puzzle.upack)
[2025.04.02-16.17.51:597][  0]LogPakFile: OnPakFileMounted2Time == 0.000022
[2025.04.02-16.17.51:597][  0]LogPakFile: PakFile PrimaryIndexSize=184
[2025.04.02-16.17.51:597][  0]LogPakFile: PakFile PathHashIndexSize=101
[2025.04.02-16.17.51:597][  0]LogPakFile: PakFile FullDirectoryIndexSize=142
[2025.04.02-16.17.51:597][  0]LogShaderLibrary: Display: ShaderCodeLibraryPakFileMountedCallback: PakFile 'D:/Epic Games/UE_4.27/FeaturePacks/TP_PuzzleBP.upack' (chunk index -1, root 'root:/') mounted
[2025.04.02-16.17.51:597][  0]LogShaderLibrary: Display: ShaderCodeLibraryPakFileMountedCallback: pending pak file info (ChunkID:-1 Root:root:/ File:D:/Epic Games/UE_4.27/FeaturePacks/TP_PuzzleBP.upack)
[2025.04.02-16.17.51:597][  0]LogPakFile: OnPakFileMounted2Time == 0.000026
[2025.04.02-16.17.51:597][  0]LogPakFile: PakFile PrimaryIndexSize=183
[2025.04.02-16.17.51:597][  0]LogPakFile: PakFile PathHashIndexSize=101
[2025.04.02-16.17.51:597][  0]LogPakFile: PakFile FullDirectoryIndexSize=140
[2025.04.02-16.17.51:597][  0]LogShaderLibrary: Display: ShaderCodeLibraryPakFileMountedCallback: PakFile 'D:/Epic Games/UE_4.27/FeaturePacks/TP_Rolling.upack' (chunk index -1, root 'root:/') mounted
[2025.04.02-16.17.51:597][  0]LogShaderLibrary: Display: ShaderCodeLibraryPakFileMountedCallback: pending pak file info (ChunkID:-1 Root:root:/ File:D:/Epic Games/UE_4.27/FeaturePacks/TP_Rolling.upack)
[2025.04.02-16.17.51:597][  0]LogPakFile: OnPakFileMounted2Time == 0.000022
[2025.04.02-16.17.51:598][  0]LogPakFile: PakFile PrimaryIndexSize=185
[2025.04.02-16.17.51:598][  0]LogPakFile: PakFile PathHashIndexSize=101
[2025.04.02-16.17.51:598][  0]LogPakFile: PakFile FullDirectoryIndexSize=144
[2025.04.02-16.17.51:598][  0]LogShaderLibrary: Display: ShaderCodeLibraryPakFileMountedCallback: PakFile 'D:/Epic Games/UE_4.27/FeaturePacks/TP_RollingBP.upack' (chunk index -1, root 'root:/') mounted
[2025.04.02-16.17.51:598][  0]LogShaderLibrary: Display: ShaderCodeLibraryPakFileMountedCallback: pending pak file info (ChunkID:-1 Root:root:/ File:D:/Epic Games/UE_4.27/FeaturePacks/TP_RollingBP.upack)
[2025.04.02-16.17.51:598][  0]LogPakFile: OnPakFileMounted2Time == 0.000024
[2025.04.02-16.17.51:598][  0]LogPakFile: PakFile PrimaryIndexSize=188
[2025.04.02-16.17.51:598][  0]LogPakFile: PakFile PathHashIndexSize=101
[2025.04.02-16.17.51:598][  0]LogPakFile: PakFile FullDirectoryIndexSize=150
[2025.04.02-16.17.51:598][  0]LogShaderLibrary: Display: ShaderCodeLibraryPakFileMountedCallback: PakFile 'D:/Epic Games/UE_4.27/FeaturePacks/TP_SideScroller.upack' (chunk index -1, root 'root:/') mounted
[2025.04.02-16.17.51:598][  0]LogShaderLibrary: Display: ShaderCodeLibraryPakFileMountedCallback: pending pak file info (ChunkID:-1 Root:root:/ File:D:/Epic Games/UE_4.27/FeaturePacks/TP_SideScroller.upack)
[2025.04.02-16.17.51:598][  0]LogPakFile: OnPakFileMounted2Time == 0.000022
[2025.04.02-16.17.51:598][  0]LogPakFile: PakFile PrimaryIndexSize=190
[2025.04.02-16.17.51:598][  0]LogPakFile: PakFile PathHashIndexSize=101
[2025.04.02-16.17.51:598][  0]LogPakFile: PakFile FullDirectoryIndexSize=154
[2025.04.02-16.17.51:598][  0]LogShaderLibrary: Display: ShaderCodeLibraryPakFileMountedCallback: PakFile 'D:/Epic Games/UE_4.27/FeaturePacks/TP_SideScrollerBP.upack' (chunk index -1, root 'root:/') mounted
[2025.04.02-16.17.51:598][  0]LogShaderLibrary: Display: ShaderCodeLibraryPakFileMountedCallback: pending pak file info (ChunkID:-1 Root:root:/ File:D:/Epic Games/UE_4.27/FeaturePacks/TP_SideScrollerBP.upack)
[2025.04.02-16.17.51:598][  0]LogPakFile: OnPakFileMounted2Time == 0.000022
[2025.04.02-16.17.51:599][  0]LogPakFile: PakFile PrimaryIndexSize=187
[2025.04.02-16.17.51:599][  0]LogPakFile: PakFile PathHashIndexSize=101
[2025.04.02-16.17.51:599][  0]LogPakFile: PakFile FullDirectoryIndexSize=148
[2025.04.02-16.17.51:599][  0]LogShaderLibrary: Display: ShaderCodeLibraryPakFileMountedCallback: PakFile 'D:/Epic Games/UE_4.27/FeaturePacks/TP_ThirdPerson.upack' (chunk index -1, root 'root:/') mounted
[2025.04.02-16.17.51:599][  0]LogShaderLibrary: Display: ShaderCodeLibraryPakFileMountedCallback: pending pak file info (ChunkID:-1 Root:root:/ File:D:/Epic Games/UE_4.27/FeaturePacks/TP_ThirdPerson.upack)
[2025.04.02-16.17.51:599][  0]LogPakFile: OnPakFileMounted2Time == 0.000030
[2025.04.02-16.17.51:599][  0]LogPakFile: PakFile PrimaryIndexSize=189
[2025.04.02-16.17.51:599][  0]LogPakFile: PakFile PathHashIndexSize=101
[2025.04.02-16.17.51:599][  0]LogPakFile: PakFile FullDirectoryIndexSize=152
[2025.04.02-16.17.51:599][  0]LogShaderLibrary: Display: ShaderCodeLibraryPakFileMountedCallback: PakFile 'D:/Epic Games/UE_4.27/FeaturePacks/TP_ThirdPersonBP.upack' (chunk index -1, root 'root:/') mounted
[2025.04.02-16.17.51:599][  0]LogShaderLibrary: Display: ShaderCodeLibraryPakFileMountedCallback: pending pak file info (ChunkID:-1 Root:root:/ File:D:/Epic Games/UE_4.27/FeaturePacks/TP_ThirdPersonBP.upack)
[2025.04.02-16.17.51:599][  0]LogPakFile: OnPakFileMounted2Time == 0.000022
[2025.04.02-16.17.51:599][  0]LogPakFile: PakFile PrimaryIndexSize=183
[2025.04.02-16.17.51:599][  0]LogPakFile: PakFile PathHashIndexSize=101
[2025.04.02-16.17.51:599][  0]LogPakFile: PakFile FullDirectoryIndexSize=140
[2025.04.02-16.17.51:599][  0]LogShaderLibrary: Display: ShaderCodeLibraryPakFileMountedCallback: PakFile 'D:/Epic Games/UE_4.27/FeaturePacks/TP_TopDown.upack' (chunk index -1, root 'root:/') mounted
[2025.04.02-16.17.51:599][  0]LogShaderLibrary: Display: ShaderCodeLibraryPakFileMountedCallback: pending pak file info (ChunkID:-1 Root:root:/ File:D:/Epic Games/UE_4.27/FeaturePacks/TP_TopDown.upack)
[2025.04.02-16.17.51:599][  0]LogPakFile: OnPakFileMounted2Time == 0.000027
[2025.04.02-16.17.51:600][  0]LogPakFile: PakFile PrimaryIndexSize=185
[2025.04.02-16.17.51:600][  0]LogPakFile: PakFile PathHashIndexSize=101
[2025.04.02-16.17.51:600][  0]LogPakFile: PakFile FullDirectoryIndexSize=144
[2025.04.02-16.17.51:600][  0]LogShaderLibrary: Display: ShaderCodeLibraryPakFileMountedCallback: PakFile 'D:/Epic Games/UE_4.27/FeaturePacks/TP_TopDownBP.upack' (chunk index -1, root 'root:/') mounted
[2025.04.02-16.17.51:600][  0]LogShaderLibrary: Display: ShaderCodeLibraryPakFileMountedCallback: pending pak file info (ChunkID:-1 Root:root:/ File:D:/Epic Games/UE_4.27/FeaturePacks/TP_TopDownBP.upack)
[2025.04.02-16.17.51:600][  0]LogPakFile: OnPakFileMounted2Time == 0.000024
[2025.04.02-16.17.51:600][  0]LogPakFile: PakFile PrimaryIndexSize=185
[2025.04.02-16.17.51:600][  0]LogPakFile: PakFile PathHashIndexSize=101
[2025.04.02-16.17.51:600][  0]LogPakFile: PakFile FullDirectoryIndexSize=144
[2025.04.02-16.17.51:600][  0]LogShaderLibrary: Display: ShaderCodeLibraryPakFileMountedCallback: PakFile 'D:/Epic Games/UE_4.27/FeaturePacks/TP_TwinStick.upack' (chunk index -1, root 'root:/') mounted
[2025.04.02-16.17.51:600][  0]LogShaderLibrary: Display: ShaderCodeLibraryPakFileMountedCallback: pending pak file info (ChunkID:-1 Root:root:/ File:D:/Epic Games/UE_4.27/FeaturePacks/TP_TwinStick.upack)
[2025.04.02-16.17.51:600][  0]LogPakFile: OnPakFileMounted2Time == 0.000022
[2025.04.02-16.17.51:600][  0]LogPakFile: PakFile PrimaryIndexSize=187
[2025.04.02-16.17.51:600][  0]LogPakFile: PakFile PathHashIndexSize=101
[2025.04.02-16.17.51:600][  0]LogPakFile: PakFile FullDirectoryIndexSize=148
[2025.04.02-16.17.51:600][  0]LogShaderLibrary: Display: ShaderCodeLibraryPakFileMountedCallback: PakFile 'D:/Epic Games/UE_4.27/FeaturePacks/TP_TwinStickBP.upack' (chunk index -1, root 'root:/') mounted
[2025.04.02-16.17.51:600][  0]LogShaderLibrary: Display: ShaderCodeLibraryPakFileMountedCallback: pending pak file info (ChunkID:-1 Root:root:/ File:D:/Epic Games/UE_4.27/FeaturePacks/TP_TwinStickBP.upack)
[2025.04.02-16.17.51:600][  0]LogPakFile: OnPakFileMounted2Time == 0.000022
[2025.04.02-16.17.51:601][  0]LogPakFile: PakFile PrimaryIndexSize=183
[2025.04.02-16.17.51:601][  0]LogPakFile: PakFile PathHashIndexSize=101
[2025.04.02-16.17.51:601][  0]LogPakFile: PakFile FullDirectoryIndexSize=140
[2025.04.02-16.17.51:601][  0]LogShaderLibrary: Display: ShaderCodeLibraryPakFileMountedCallback: PakFile 'D:/Epic Games/UE_4.27/FeaturePacks/TP_Vehicle.upack' (chunk index -1, root 'root:/') mounted
[2025.04.02-16.17.51:601][  0]LogShaderLibrary: Display: ShaderCodeLibraryPakFileMountedCallback: pending pak file info (ChunkID:-1 Root:root:/ File:D:/Epic Games/UE_4.27/FeaturePacks/TP_Vehicle.upack)
[2025.04.02-16.17.51:601][  0]LogPakFile: OnPakFileMounted2Time == 0.000021
[2025.04.02-16.17.51:601][  0]LogPakFile: PakFile PrimaryIndexSize=186
[2025.04.02-16.17.51:601][  0]LogPakFile: PakFile PathHashIndexSize=101
[2025.04.02-16.17.51:601][  0]LogPakFile: PakFile FullDirectoryIndexSize=146
[2025.04.02-16.17.51:601][  0]LogShaderLibrary: Display: ShaderCodeLibraryPakFileMountedCallback: PakFile 'D:/Epic Games/UE_4.27/FeaturePacks/TP_VehicleAdv.upack' (chunk index -1, root 'root:/') mounted
[2025.04.02-16.17.51:601][  0]LogShaderLibrary: Display: ShaderCodeLibraryPakFileMountedCallback: pending pak file info (ChunkID:-1 Root:root:/ File:D:/Epic Games/UE_4.27/FeaturePacks/TP_VehicleAdv.upack)
[2025.04.02-16.17.51:601][  0]LogPakFile: OnPakFileMounted2Time == 0.000022
[2025.04.02-16.17.51:601][  0]LogPakFile: PakFile PrimaryIndexSize=188
[2025.04.02-16.17.51:601][  0]LogPakFile: PakFile PathHashIndexSize=101
[2025.04.02-16.17.51:601][  0]LogPakFile: PakFile FullDirectoryIndexSize=150
[2025.04.02-16.17.51:601][  0]LogShaderLibrary: Display: ShaderCodeLibraryPakFileMountedCallback: PakFile 'D:/Epic Games/UE_4.27/FeaturePacks/TP_VehicleAdvBP.upack' (chunk index -1, root 'root:/') mounted
[2025.04.02-16.17.51:601][  0]LogShaderLibrary: Display: ShaderCodeLibraryPakFileMountedCallback: pending pak file info (ChunkID:-1 Root:root:/ File:D:/Epic Games/UE_4.27/FeaturePacks/TP_VehicleAdvBP.upack)
[2025.04.02-16.17.51:601][  0]LogPakFile: OnPakFileMounted2Time == 0.000022
[2025.04.02-16.17.51:602][  0]LogPakFile: PakFile PrimaryIndexSize=185
[2025.04.02-16.17.51:602][  0]LogPakFile: PakFile PathHashIndexSize=101
[2025.04.02-16.17.51:602][  0]LogPakFile: PakFile FullDirectoryIndexSize=144
[2025.04.02-16.17.51:602][  0]LogShaderLibrary: Display: ShaderCodeLibraryPakFileMountedCallback: PakFile 'D:/Epic Games/UE_4.27/FeaturePacks/TP_VehicleBP.upack' (chunk index -1, root 'root:/') mounted
[2025.04.02-16.17.51:602][  0]LogShaderLibrary: Display: ShaderCodeLibraryPakFileMountedCallback: pending pak file info (ChunkID:-1 Root:root:/ File:D:/Epic Games/UE_4.27/FeaturePacks/TP_VehicleBP.upack)
[2025.04.02-16.17.51:602][  0]LogPakFile: OnPakFileMounted2Time == 0.000029
[2025.04.02-16.17.51:602][  0]LogPakFile: PakFile PrimaryIndexSize=192
[2025.04.02-16.17.51:602][  0]LogPakFile: PakFile PathHashIndexSize=101
[2025.04.02-16.17.51:602][  0]LogPakFile: PakFile FullDirectoryIndexSize=158
[2025.04.02-16.17.51:602][  0]LogShaderLibrary: Display: ShaderCodeLibraryPakFileMountedCallback: PakFile 'D:/Epic Games/UE_4.27/FeaturePacks/TP_VirtualRealityBP.upack' (chunk index -1, root 'root:/') mounted
[2025.04.02-16.17.51:602][  0]LogShaderLibrary: Display: ShaderCodeLibraryPakFileMountedCallback: pending pak file info (ChunkID:-1 Root:root:/ File:D:/Epic Games/UE_4.27/FeaturePacks/TP_VirtualRealityBP.upack)
[2025.04.02-16.17.51:602][  0]LogPakFile: OnPakFileMounted2Time == 0.000022
[2025.04.02-16.17.51:633][  0]LogNativeClassHierarchy: Verbose: Native class hierarchy updated for 'AddContentDialog' in 0.0002 seconds. Added 0 classes and 0 folders.
[2025.04.02-16.17.51:634][  0]LogNativeClassHierarchy: Verbose: Native class hierarchy updated for 'SceneOutliner' in 0.0002 seconds. Added 2 classes and 0 folders.
[2025.04.02-16.17.51:652][  0]LogSlate: Took 0.000141 seconds to synchronously load lazily loaded font '../../../Engine/Content/Slate/Fonts/Roboto-Regular.ttf' (155K)
[2025.04.02-16.17.51:653][  0]LogSlate: Took 0.000105 seconds to synchronously load lazily loaded font '../../../Engine/Content/Editor/Slate/Fonts/FontAwesome.ttf' (139K)
[2025.04.02-16.17.51:654][  0]LogSlate: Took 0.000113 seconds to synchronously load lazily loaded font '../../../Engine/Content/Slate/Fonts/Roboto-Bold.ttf' (160K)
[2025.04.02-16.17.51:695][  0]LogRenderer: Reallocating scene render targets to support 1616x804 Format 10 NumSamples 1 (Frame:1).
[2025.04.02-16.17.51:774][  0]LogNativeClassHierarchy: Verbose: Native class hierarchy updated for 'HierarchicalLODOutliner' in 0.0002 seconds. Added 0 classes and 0 folders.
[2025.04.02-16.17.51:774][  0]LogLoad: (Engine Initialization) Total time: 6.00 seconds
[2025.04.02-16.17.51:774][  0]LogLoad: (Engine Initialization) Total Blueprint compile time: 0.00 seconds
[2025.04.02-16.17.51:789][  0]AssetCheck: New page: Asset Save: Floor_400x400
[2025.04.02-16.17.51:789][  0]LogContentValidation: Display: Validating StaticMesh /Game/StarterContent/Architecture/Floor_400x400.Floor_400x400
[2025.04.02-16.17.51:809][  0]LogAssetRegistry: Asset discovery search completed in 3.8061 seconds
[2025.04.02-16.17.51:813][  0]LogCollectionManager: Fixed up redirectors for 0 collections in 0.000003 seconds (updated 0 objects)
[2025.04.02-16.17.51:850][  0]LogContentStreaming: Texture pool size now 1000 MB
[2025.04.02-16.18.18:348][551]LogSlate: Took 0.000106 seconds to synchronously load lazily loaded font '../../../Engine/Content/Slate/Fonts/Roboto-Light.ttf' (167K)
[2025.04.02-16.18.18:361][551]LogAssetTools: Warning: Failed to import 'C:\Users\student\Downloads\Characters\Characters/Enemy_Great_Spider/Animations/ExoGame_Greater_Spider_Attack_Melee.uasset'. Unknown extension 'uasset'.
[2025.04.02-16.18.18:364][551]LogAssetTools: Warning: Failed to import 'C:\Users\student\Downloads\Characters\Characters/Enemy_Great_Spider/Animations/ExoGame_Greater_Spider_Attack_Melee_B.uasset'. Unknown extension 'uasset'.
[2025.04.02-16.18.18:367][551]LogAssetTools: Warning: Failed to import 'C:\Users\student\Downloads\Characters\Characters/Enemy_Great_Spider/Animations/ExoGame_Greater_Spider_Attack_Melee_C.uasset'. Unknown extension 'uasset'.
[2025.04.02-16.18.18:369][551]LogAssetTools: Warning: Failed to import 'C:\Users\student\Downloads\Characters\Characters/Enemy_Great_Spider/Animations/ExoGame_Greater_Spider_Cast_Roar.uasset'. Unknown extension 'uasset'.
[2025.04.02-16.18.18:371][551]LogAssetTools: Warning: Failed to import 'C:\Users\student\Downloads\Characters\Characters/Enemy_Great_Spider/Animations/ExoGame_Greater_Spider_Cast_Summon.uasset'. Unknown extension 'uasset'.
[2025.04.02-16.18.18:373][551]LogAssetTools: Warning: Failed to import 'C:\Users\student\Downloads\Characters\Characters/Enemy_Great_Spider/Animations/ExoGame_Greater_Spider_Charge.uasset'. Unknown extension 'uasset'.
[2025.04.02-16.18.18:377][551]LogAssetTools: Warning: Failed to import 'C:\Users\student\Downloads\Characters\Characters/Enemy_Great_Spider/Animations/ExoGame_Greater_Spider_Death.uasset'. Unknown extension 'uasset'.
[2025.04.02-16.18.18:379][551]LogAssetTools: Warning: Failed to import 'C:\Users\student\Downloads\Characters\Characters/Enemy_Great_Spider/Animations/ExoGame_Greater_Spider_Falling.uasset'. Unknown extension 'uasset'.
[2025.04.02-16.18.18:381][551]LogAssetTools: Warning: Failed to import 'C:\Users\student\Downloads\Characters\Characters/Enemy_Great_Spider/Animations/ExoGame_Greater_Spider_Idle.uasset'. Unknown extension 'uasset'.
[2025.04.02-16.18.18:384][551]LogAssetTools: Warning: Failed to import 'C:\Users\student\Downloads\Characters\Characters/Enemy_Great_Spider/Animations/ExoGame_Greater_Spider_React_Heavy_Front.uasset'. Unknown extension 'uasset'.
[2025.04.02-16.18.18:386][551]LogAssetTools: Warning: Failed to import 'C:\Users\student\Downloads\Characters\Characters/Enemy_Great_Spider/Animations/ExoGame_Greater_Spider_React_Knockback_Front.uasset'. Unknown extension 'uasset'.
[2025.04.02-16.18.18:389][551]LogAssetTools: Warning: Failed to import 'C:\Users\student\Downloads\Characters\Characters/Enemy_Great_Spider/Animations/ExoGame_Greater_Spider_React_Stunned.uasset'. Unknown extension 'uasset'.
[2025.04.02-16.18.18:391][551]LogAssetTools: Warning: Failed to import 'C:\Users\student\Downloads\Characters\Characters/Enemy_Great_Spider/Animations/ExoGame_Greater_Spider_React_Stunned_Enter.uasset'. Unknown extension 'uasset'.
[2025.04.02-16.18.18:394][551]LogAssetTools: Warning: Failed to import 'C:\Users\student\Downloads\Characters\Characters/Enemy_Great_Spider/Animations/ExoGame_Greater_Spider_React_Stunned_Exit.uasset'. Unknown extension 'uasset'.
[2025.04.02-16.18.18:396][551]LogAssetTools: Warning: Failed to import 'C:\Users\student\Downloads\Characters\Characters/Enemy_Great_Spider/Animations/ExoGame_Greater_Spider_React_Stunned_Idle.uasset'. Unknown extension 'uasset'.
[2025.04.02-16.18.18:398][551]LogAssetTools: Warning: Failed to import 'C:\Users\student\Downloads\Characters\Characters/Enemy_Great_Spider/Animations/ExoGame_Greater_Spider_Teleport.uasset'. Unknown extension 'uasset'.
[2025.04.02-16.18.18:400][551]LogAssetTools: Warning: Failed to import 'C:\Users\student\Downloads\Characters\Characters/Enemy_Great_Spider/Animations/ExoGame_Greater_Spider_Walk_Bwd.uasset'. Unknown extension 'uasset'.
[2025.04.02-16.18.18:404][551]LogAssetTools: Warning: Failed to import 'C:\Users\student\Downloads\Characters\Characters/Enemy_Great_Spider/Animations/ExoGame_Greater_Spider_Walk_Fwd.uasset'. Unknown extension 'uasset'.
[2025.04.02-16.18.18:405][551]LogAssetTools: Warning: Failed to import 'C:\Users\student\Downloads\Characters\Characters/Enemy_Great_Spider/Animations/ExoGame_Greater_Spider_Walk_Left.uasset'. Unknown extension 'uasset'.
[2025.04.02-16.18.18:408][551]LogAssetTools: Warning: Failed to import 'C:\Users\student\Downloads\Characters\Characters/Enemy_Great_Spider/Animations/ExoGame_Greater_Spider_Walk_Right.uasset'. Unknown extension 'uasset'.
[2025.04.02-16.18.18:411][551]LogAssetTools: Warning: Failed to import 'C:\Users\student\Downloads\Characters\Characters/Enemy_Great_Spider/Materials/CharM_Greater_Spider.uasset'. Unknown extension 'uasset'.
[2025.04.02-16.18.18:413][551]LogAssetTools: Warning: Failed to import 'C:\Users\student\Downloads\Characters\Characters/Enemy_Great_Spider/Materials/CharM_Greater_Spider_Ice.uasset'. Unknown extension 'uasset'.
[2025.04.02-16.18.18:415][551]LogAssetTools: Warning: Failed to import 'C:\Users\student\Downloads\Characters\Characters/Enemy_Great_Spider/SK_Greater_Spider.uasset'. Unknown extension 'uasset'.
[2025.04.02-16.18.18:417][551]LogAssetTools: Warning: Failed to import 'C:\Users\student\Downloads\Characters\Characters/Enemy_Great_Spider/SK_Greater_Spider_Skeleton.uasset'. Unknown extension 'uasset'.
[2025.04.02-16.18.18:419][551]LogAssetTools: Warning: Failed to import 'C:\Users\student\Downloads\Characters\Characters/Enemy_Great_Spider/Textures/T_Enemy_GreaterSpider_Fire_D.uasset'. Unknown extension 'uasset'.
[2025.04.02-16.18.18:422][551]LogAssetTools: Warning: Failed to import 'C:\Users\student\Downloads\Characters\Characters/Enemy_Great_Spider/Textures/T_Enemy_GreaterSpider_Fire_M.uasset'. Unknown extension 'uasset'.
[2025.04.02-16.18.18:424][551]LogAssetTools: Warning: Failed to import 'C:\Users\student\Downloads\Characters\Characters/Enemy_Great_Spider/Textures/T_Enemy_GreaterSpider_Fire_N.uasset'. Unknown extension 'uasset'.
[2025.04.02-16.18.18:427][551]LogAssetTools: Warning: Failed to import 'C:\Users\student\Downloads\Characters\Characters/Enemy_Great_Spider/Textures/T_Enemy_GreaterSpider_Ice_D.uasset'. Unknown extension 'uasset'.
[2025.04.02-16.18.18:430][551]LogAssetTools: Warning: Failed to import 'C:\Users\student\Downloads\Characters\Characters/Marine/Animations/Death.uasset'. Unknown extension 'uasset'.
[2025.04.02-16.18.18:432][551]LogAssetTools: Warning: Failed to import 'C:\Users\student\Downloads\Characters\Characters/Marine/Animations/Idle.uasset'. Unknown extension 'uasset'.
[2025.04.02-16.18.18:434][551]LogAssetTools: Warning: Failed to import 'C:\Users\student\Downloads\Characters\Characters/Marine/Animations/Run_Bwd.uasset'. Unknown extension 'uasset'.
[2025.04.02-16.18.18:437][551]LogAssetTools: Warning: Failed to import 'C:\Users\student\Downloads\Characters\Characters/Marine/Animations/Run_Fwd.uasset'. Unknown extension 'uasset'.
[2025.04.02-16.18.18:439][551]LogAssetTools: Warning: Failed to import 'C:\Users\student\Downloads\Characters\Characters/Marine/Animations/Run_Lt.uasset'. Unknown extension 'uasset'.
[2025.04.02-16.18.18:442][551]LogAssetTools: Warning: Failed to import 'C:\Users\student\Downloads\Characters\Characters/Marine/Animations/Run_Rt.uasset'. Unknown extension 'uasset'.
[2025.04.02-16.18.18:444][551]LogAssetTools: Warning: Failed to import 'C:\Users\student\Downloads\Characters\Characters/Marine/Animations/Sprint.uasset'. Unknown extension 'uasset'.
[2025.04.02-16.18.18:447][551]LogAssetTools: Warning: Failed to import 'C:\Users\student\Downloads\Characters\Characters/Marine/Marine.uasset'. Unknown extension 'uasset'.
[2025.04.02-16.18.18:449][551]LogAssetTools: Warning: Failed to import 'C:\Users\student\Downloads\Characters\Characters/Marine/Marine_PhysicsAsset.uasset'. Unknown extension 'uasset'.
[2025.04.02-16.18.18:451][551]LogAssetTools: Warning: Failed to import 'C:\Users\student\Downloads\Characters\Characters/Marine/Marine_Skeleton.uasset'. Unknown extension 'uasset'.
[2025.04.02-16.18.18:454][551]LogAssetTools: Warning: Failed to import 'C:\Users\student\Downloads\Characters\Characters/Marine/Materials/MI_Marine.uasset'. Unknown extension 'uasset'.
[2025.04.02-16.18.18:457][551]LogAssetTools: Warning: Failed to import 'C:\Users\student\Downloads\Characters\Characters/Marine/Materials/ML_Base.uasset'. Unknown extension 'uasset'.
[2025.04.02-16.18.18:459][551]LogAssetTools: Warning: Failed to import 'C:\Users\student\Downloads\Characters\Characters/Marine/Materials/ML_Emissive_Custom.uasset'. Unknown extension 'uasset'.
[2025.04.02-16.18.18:461][551]LogAssetTools: Warning: Failed to import 'C:\Users\student\Downloads\Characters\Characters/Marine/Materials/ML_Glass.uasset'. Unknown extension 'uasset'.
[2025.04.02-16.18.18:464][551]LogAssetTools: Warning: Failed to import 'C:\Users\student\Downloads\Characters\Characters/Marine/Materials/ML_Metal_light.uasset'. Unknown extension 'uasset'.
[2025.04.02-16.18.18:466][551]LogAssetTools: Warning: Failed to import 'C:\Users\student\Downloads\Characters\Characters/Marine/Materials/ML_Metal_Painted.uasset'. Unknown extension 'uasset'.
[2025.04.02-16.18.18:469][551]LogAssetTools: Warning: Failed to import 'C:\Users\student\Downloads\Characters\Characters/Marine/Materials/ML_Rubber_dark.uasset'. Unknown extension 'uasset'.
[2025.04.02-16.18.18:471][551]LogAssetTools: Warning: Failed to import 'C:\Users\student\Downloads\Characters\Characters/Marine/Materials/ML_Rubber_light.uasset'. Unknown extension 'uasset'.
[2025.04.02-16.18.18:473][551]LogAssetTools: Warning: Failed to import 'C:\Users\student\Downloads\Characters\Characters/Marine/Materials/M_BodyDamage.uasset'. Unknown extension 'uasset'.
[2025.04.02-16.18.18:476][551]LogAssetTools: Warning: Failed to import 'C:\Users\student\Downloads\Characters\Characters/Marine/Materials/M_Marine.uasset'. Unknown extension 'uasset'.
[2025.04.02-16.18.18:478][551]LogAssetTools: Warning: Failed to import 'C:\Users\student\Downloads\Characters\Characters/Marine/Textures/Chr_FPS_02_M.uasset'. Unknown extension 'uasset'.
[2025.04.02-16.18.18:481][551]LogAssetTools: Warning: Failed to import 'C:\Users\student\Downloads\Characters\Characters/Marine/Textures/Chr_FPS_D.uasset'. Unknown extension 'uasset'.
[2025.04.02-16.18.18:483][551]LogAssetTools: Warning: Failed to import 'C:\Users\student\Downloads\Characters\Characters/Marine/Textures/Chr_FPS_Fabric_N_01.uasset'. Unknown extension 'uasset'.
[2025.04.02-16.18.18:486][551]LogAssetTools: Warning: Failed to import 'C:\Users\student\Downloads\Characters\Characters/Marine/Textures/Chr_FPS_M.uasset'. Unknown extension 'uasset'.
[2025.04.02-16.18.18:487][551]LogAssetTools: Warning: Failed to import 'C:\Users\student\Downloads\Characters\Characters/Marine/Textures/Chr_FPS_Metal_01.uasset'. Unknown extension 'uasset'.
[2025.04.02-16.18.18:490][551]LogAssetTools: Warning: Failed to import 'C:\Users\student\Downloads\Characters\Characters/Marine/Textures/Chr_FPS_Metal_02.uasset'. Unknown extension 'uasset'.
[2025.04.02-16.18.18:493][551]LogAssetTools: Warning: Failed to import 'C:\Users\student\Downloads\Characters\Characters/Marine/Textures/Chr_FPS_M_03tga.uasset'. Unknown extension 'uasset'.
[2025.04.02-16.18.18:495][551]LogAssetTools: Warning: Failed to import 'C:\Users\student\Downloads\Characters\Characters/Marine/Textures/Chr_FPS_N.uasset'. Unknown extension 'uasset'.
[2025.04.02-16.18.18:497][551]LogAssetTools: Warning: Failed to import 'C:\Users\student\Downloads\Characters\Characters/Marine/Textures/holo_layer_1_5.uasset'. Unknown extension 'uasset'.
[2025.04.02-16.18.18:500][551]LogAssetTools: Warning: Failed to import 'C:\Users\student\Downloads\Characters\Characters/Marine/Textures/Tiles/T_Sctraches_01.uasset'. Unknown extension 'uasset'.
[2025.04.02-16.18.18:502][551]LogAssetTools: Warning: Failed to import 'C:\Users\student\Downloads\Characters\Characters/Marine/Textures/T_Vista_Grass_N.uasset'. Unknown extension 'uasset'.
[2025.04.02-16.18.34:358][775]LogSlate: Window 'New Level' being destroyed
[2025.04.02-16.18.34:363][775]Cmd: MAP LOAD FILE="../../../Engine/Content/Maps/Templates/Template_Default.umap" TEMPLATE=1 SHOWPROGRESS=1 FEATURELEVEL=3
[2025.04.02-16.18.34:376][775]LightingResults: New page: Lighting Build
[2025.04.02-16.18.34:376][775]LoadErrors: New page: Loading map: Template_Default.umap
[2025.04.02-16.18.34:378][775]LogWorld: UWorld::CleanupWorld for Minimal_Default, bSessionEnded=true, bCleanupResources=true
[2025.04.02-16.18.34:378][775]LogSlate: InvalidateAllWidgets triggered.  All widgets were invalidated
[2025.04.02-16.18.34:378][775]MapCheck: New page: Map Check
[2025.04.02-16.18.34:378][775]LightingResults: New page: Lighting Build
[2025.04.02-16.18.34:381][775]LogAudio: Display: Audio Device unregistered from world 'None'.
[2025.04.02-16.18.34:383][775]LogUObjectHash: Compacting FUObjectHashTables data took   0.72ms
[2025.04.02-16.18.34:389][775]LogTexture: Display: Building textures: DeprecatedTextureEB9CBE3C423008B5E8E130901E171C89 (BGRA8, 128X128)
[2025.04.02-16.18.34:391][775]LogAudio: Display: Audio Device (ID: 1) registered with world 'Untitled_1'.
[2025.04.02-16.18.34:391][775]LogAIModule: Creating AISystem for world Untitled_1
[2025.04.02-16.18.34:393][775]LogEditorServer: Finished looking for orphan Actors (0.000 secs)
[2025.04.02-16.18.34:398][775]LogUObjectHash: Compacting FUObjectHashTables data took   0.98ms
[2025.04.02-16.18.34:404][775]Cmd: MAP CHECKDEP NOCLEARLOG
[2025.04.02-16.18.34:404][775]MapCheck: Map check complete: 0 Error(s), 0 Warning(s), took 0,096ms to complete.
[2025.04.02-16.18.34:404][775]LogFileHelpers: Loading map 'Template_Default' took 0.042
[2025.04.02-16.19.11:544][984]LogUObjectHash: Compacting FUObjectHashTables data took   0.59ms
[2025.04.02-16.19.23:810][247]LogSlate: Took 0.000118 seconds to synchronously load lazily loaded font '../../../Engine/Content/Slate/Fonts/Roboto-Light.ttf' (167K)
[2025.04.02-16.19.32:604][247]LogSlate: Window 'Save Level As' being destroyed
[2025.04.02-16.19.32:627][247]Cmd: OBJ SAVEPACKAGE PACKAGE="/Game/shooter" FILE="C:/Users/student/Documents/Unreal Projects/MyProject2/Content/shooter.umap" SILENT=true AUTOSAVING=false KEEPDIRTY=false
[2025.04.02-16.19.32:645][247]LogUObjectHash: Compacting FUObjectHashTables data took   0.52ms
[2025.04.02-16.19.32:650][247]LogSavePackage: Moving 'C:/Users/student/Documents/Unreal Projects/MyProject2/Saved/shooter2E88B3BE4BAF19670559BE8E943FA3D4.tmp' to 'C:/Users/student/Documents/Unreal Projects/MyProject2/Content/shooter.umap'
[2025.04.02-16.19.32:654][247]Cmd: OBJ SAVEPACKAGE PACKAGE="/Game/shooter_BuiltData" FILE="C:/Users/student/Documents/Unreal Projects/MyProject2/Content/shooter_BuiltData.uasset" SILENT=true
[2025.04.02-16.19.32:664][247]LogSavePackage: Moving 'C:/Users/student/Documents/Unreal Projects/MyProject2/Saved/shooter_BuiltData04B064604CD58381BBB0CABC393A8944.tmp' to 'C:/Users/student/Documents/Unreal Projects/MyProject2/Content/shooter_BuiltData.uasset'
[2025.04.02-16.19.32:676][247]LogFileHelpers: Saving map 'shooter' took 0.068
[2025.04.02-16.19.32:676][247]Cmd: MAP LOAD FILE="C:/Users/student/Documents/Unreal Projects/MyProject2/Content/shooter.umap" TEMPLATE=0 SHOWPROGRESS=1 FEATURELEVEL=3
[2025.04.02-16.19.32:686][247]LightingResults: New page: Lighting Build
[2025.04.02-16.19.32:686][247]LoadErrors: New page: Loading map: shooter.umap
[2025.04.02-16.19.32:687][247]LogWorld: UWorld::CleanupWorld for shooter, bSessionEnded=true, bCleanupResources=true
[2025.04.02-16.19.32:687][247]LogSlate: InvalidateAllWidgets triggered.  All widgets were invalidated
[2025.04.02-16.19.32:687][247]MapCheck: New page: Map Check
[2025.04.02-16.19.32:687][247]LightingResults: New page: Lighting Build
[2025.04.02-16.19.32:690][247]LogAudio: Display: Audio Device unregistered from world 'None'.
[2025.04.02-16.19.32:691][247]LogUObjectHash: Compacting FUObjectHashTables data took   0.55ms
[2025.04.02-16.19.32:695][247]LogAudio: Display: Audio Device (ID: 1) registered with world 'shooter'.
[2025.04.02-16.19.32:695][247]LogAIModule: Creating AISystem for world shooter
[2025.04.02-16.19.32:698][247]LogEditorServer: Finished looking for orphan Actors (0.000 secs)
[2025.04.02-16.19.32:702][247]LogUObjectHash: Compacting FUObjectHashTables data took   0.72ms
[2025.04.02-16.19.32:709][247]Cmd: MAP CHECKDEP NOCLEARLOG
[2025.04.02-16.19.32:710][247]MapCheck: Map check complete: 0 Error(s), 0 Warning(s), took 0,079ms to complete.
[2025.04.02-16.19.32:710][247]LogFileHelpers: Loading map 'shooter' took 0.033
[2025.04.02-16.19.32:712][247]AssetCheck: New page: Asset Save: multiple assets
[2025.04.02-16.19.32:712][247]LogContentValidation: Display: Validating World /Game/shooter.shooter
[2025.04.02-16.19.32:712][247]LogContentValidation: Display: Validating MapBuildDataRegistry /Game/shooter_BuiltData.shooter_BuiltData
[2025.04.02-16.19.57:085][706]LogEditorViewport: Clicking on Actor (LMB): StaticMeshActor (Floor)
[2025.04.02-16.19.58:691][861]Cmd: OBJ SAVEPACKAGE PACKAGE="/Game/shooter" FILE="C:/Users/student/Documents/Unreal Projects/MyProject2/Content/shooter.umap" SILENT=true AUTOSAVING=false KEEPDIRTY=false
[2025.04.02-16.19.58:695][861]LogUObjectHash: Compacting FUObjectHashTables data took   0.52ms
[2025.04.02-16.19.58:701][861]LogSavePackage: Moving 'C:/Users/student/Documents/Unreal Projects/MyProject2/Saved/shooterF147004643C7927D2D1EEDA0A8372028.tmp' to 'C:/Users/student/Documents/Unreal Projects/MyProject2/Content/shooter.umap'
[2025.04.02-16.19.58:706][861]Cmd: OBJ SAVEPACKAGE PACKAGE="/Game/shooter_BuiltData" FILE="C:/Users/student/Documents/Unreal Projects/MyProject2/Content/shooter_BuiltData.uasset" SILENT=true
[2025.04.02-16.19.58:718][861]LogSavePackage: Moving 'C:/Users/student/Documents/Unreal Projects/MyProject2/Saved/shooter_BuiltData9AF437C549B352323857A0BA1C5A48C0.tmp' to 'C:/Users/student/Documents/Unreal Projects/MyProject2/Content/shooter_BuiltData.uasset'
[2025.04.02-16.19.58:727][861]AssetCheck: New page: Asset Save: multiple assets
[2025.04.02-16.19.58:728][861]LogContentValidation: Display: Validating World /Game/shooter.shooter
[2025.04.02-16.19.58:728][861]LogContentValidation: Display: Validating MapBuildDataRegistry /Game/shooter_BuiltData.shooter_BuiltData
[2025.04.02-16.20.53:381][456]LogSlate: Took 0.013164 seconds to synchronously load lazily loaded font '../../../Engine/Content/Slate/Fonts/Roboto-Italic.ttf' (157K)
[2025.04.02-16.23.02:345][285]LogTexture: Display: Building textures: Chr_FPS_Fabric_N_01 (OODLE_BC5, 512X512)
[2025.04.02-16.23.02:345][285]LogTexture: Display: Building textures: T_Vista_Grass_N (OODLE_BC5, 1024X1024)
[2025.04.02-16.23.02:345][285]LogTextureFormatOodle: Display: non-RDO encode 1024 x 1024 x 1 to format OODLE_BC5 (Oodle OodleTex_BC5U) lambda=0 effort=20 
[2025.04.02-16.23.02:345][285]LogTexture: Display: Building textures: Chr_FPS_02_M (OODLE_AutoDXT, 2048X2048)
[2025.04.02-16.23.02:345][285]LogTexture: Display: Building textures: Chr_FPS_M (BGRA8, 2048X2048)
[2025.04.02-16.23.02:345][285]LogTexture: Display: Building textures: T_Sctraches_01 (OODLE_AutoDXT, 2048X2048)
[2025.04.02-16.23.02:345][285]LogTextureFormatOodle: Display: non-RDO encode 2048 x 2048 x 1 to format OODLE_AutoDXT (Oodle OodleTex_BC3) lambda=0 effort=20 
[2025.04.02-16.23.02:345][285]LogTextureFormatOodle: Display: non-RDO encode 1024 x 1024 x 1 to format OODLE_AutoDXT (Oodle OodleTex_BC3) lambda=0 effort=20 
[2025.04.02-16.23.02:345][285]LogTexture: Display: Building textures: Chr_FPS_D (OODLE_AutoDXT, 2048X2048)
[2025.04.02-16.23.02:345][285]LogTexture: Display: Building textures: Chr_FPS_Metal_01 (OODLE_BC5, 2048X2048)
[2025.04.02-16.23.02:345][285]LogTexture: Display: Building textures: Chr_FPS_Metal_02 (OODLE_AutoDXT, 2048X2048)
[2025.04.02-16.23.02:345][285]LogTexture: Display: Building textures: Chr_FPS_M_03tga (OODLE_AutoDXT, 2048X2048)
[2025.04.02-16.23.02:345][285]LogTexture: Display: Building textures: Chr_FPS_N (OODLE_BC5, 2048X2048)
[2025.04.02-16.23.02:345][285]LogTextureFormatOodle: Display: non-RDO encode 2048 x 2048 x 1 to format OODLE_AutoDXT (Oodle OodleTex_BC1_WithTransparency) lambda=0 effort=20 
[2025.04.02-16.23.02:345][285]LogTextureFormatOodle: Display: non-RDO encode 1024 x 1024 x 1 to format OODLE_AutoDXT (Oodle OodleTex_BC1_WithTransparency) lambda=0 effort=20 
[2025.04.02-16.23.02:345][285]LogTextureFormatOodle: Display: non-RDO encode 2048 x 2048 x 1 to format OODLE_BC5 (Oodle OodleTex_BC5U) lambda=0 effort=20 
[2025.04.02-16.23.02:345][285]LogTextureFormatOodle: Display: non-RDO encode 1024 x 1024 x 1 to format OODLE_AutoDXT (Oodle OodleTex_BC3) lambda=0 effort=20 
[2025.04.02-16.23.02:345][285]LogTextureFormatOodle: Display: non-RDO encode 2048 x 2048 x 1 to format OODLE_AutoDXT (Oodle OodleTex_BC3) lambda=0 effort=20 
[2025.04.02-16.23.02:345][285]LogTextureFormatOodle: Display: non-RDO encode 2048 x 2048 x 1 to format OODLE_BC5 (Oodle OodleTex_BC5U) lambda=0 effort=20 
[2025.04.02-16.23.02:345][285]LogTextureFormatOodle: Display: non-RDO encode 1024 x 1024 x 1 to format OODLE_BC5 (Oodle OodleTex_BC5U) lambda=0 effort=20 
[2025.04.02-16.23.02:345][285]LogTextureFormatOodle: Display: non-RDO encode 2048 x 2048 x 1 to format OODLE_AutoDXT (Oodle OodleTex_BC1_WithTransparency) lambda=0 effort=20 
[2025.04.02-16.23.02:345][285]LogTextureFormatOodle: Display: non-RDO encode 2048 x 2048 x 1 to format OODLE_AutoDXT (Oodle OodleTex_BC3) lambda=0 effort=20 
[2025.04.02-16.23.02:345][285]LogTextureFormatOodle: Display: non-RDO encode 1024 x 1024 x 1 to format OODLE_AutoDXT (Oodle OodleTex_BC3) lambda=0 effort=20 
[2025.04.02-16.23.02:345][285]LogTextureFormatOodle: Display: non-RDO encode 1024 x 1024 x 1 to format OODLE_AutoDXT (Oodle OodleTex_BC1_WithTransparency) lambda=0 effort=20 
[2025.04.02-16.23.02:345][285]LogMaterial: Display: Missing cached shadermap for M_Marine in PCD3D_SM5, Default, SM5 (DDC key hash: 108BFBEABD2BB7718FABC360F51D051FAC1D09E8), compiling. 
[2025.04.02-16.23.02:450][285]LogShaderCompilers: Display: Submitted 84 shader compile jobs with 'Low' priority
[2025.04.02-16.23.02:458][285]LogShaderCompilers: Display: Worker (1/13): shaders left to compile 84
[2025.04.02-16.23.02:458][285]LogShaderCompilers: Display: Worker (2/13): shaders left to compile 76
[2025.04.02-16.23.02:458][285]LogShaderCompilers: Display: Worker (3/13): shaders left to compile 68
[2025.04.02-16.23.02:458][285]LogShaderCompilers: Display: Worker (4/13): shaders left to compile 60
[2025.04.02-16.23.02:458][285]LogShaderCompilers: Display: Worker (5/13): shaders left to compile 52
[2025.04.02-16.23.02:458][285]LogShaderCompilers: Display: Worker (6/13): shaders left to compile 44
[2025.04.02-16.23.02:458][285]LogShaderCompilers: Display: Worker (7/13): shaders left to compile 36
[2025.04.02-16.23.02:458][285]LogShaderCompilers: Display: Worker (8/13): shaders left to compile 28
[2025.04.02-16.23.02:458][285]LogShaderCompilers: Display: Worker (9/13): shaders left to compile 20
[2025.04.02-16.23.02:458][285]LogShaderCompilers: Display: Worker (10/13): shaders left to compile 12
[2025.04.02-16.23.02:458][285]LogShaderCompilers: Display: Worker (11/13): shaders left to compile 4
[2025.04.02-16.23.02:458][285]LogShaderCompilers: Display: Started 84 'Local' shader compile jobs with 'Low' priority
[2025.04.02-16.23.02:458][285]LogSkeletalMesh: Building Skeletal Mesh Marine...
[2025.04.02-16.23.02:470][285]LogSkeletalMesh: Built Skeletal Mesh [0.01s] /Game/Characters/Marine/Marine.Marine
[2025.04.02-16.23.05:652][530]LogShaderCompilers: Display: === FShaderJobCache stats ===
[2025.04.02-16.23.05:653][530]LogShaderCompilers: Display: Total job queries 84, among them cache hits 0 (0.00%)
[2025.04.02-16.23.05:653][530]LogShaderCompilers: Display: Tracking 8 distinct input hashes that result in 8 distinct outputs (100.00%)
[2025.04.02-16.23.05:653][530]LogShaderCompilers: Display: RAM used: 0.03 MB (0.00 GB) of 1638.40 MB (1.60 GB) budget. Usage: 0.00%
[2025.04.02-16.23.05:653][530]LogShaderCompilers: Display: ================================================
[2025.04.02-16.24.26:975][244]LogSkeletalMesh: Building Skeletal Mesh SK_Greater_Spider...
[2025.04.02-16.24.26:976][244]LogSkeletalMesh: Built Skeletal Mesh [0.00s] /Game/Characters/Enemy_Great_Spider/SK_Greater_Spider.SK_Greater_Spider
[2025.04.02-16.24.27:282][244]LogTexture: Display: Building textures: T_Enemy_GreaterSpider_Fire_M (OODLE_AutoDXT, 2048X2048)
[2025.04.02-16.24.27:282][244]LogTextureFormatOodle: Display: non-RDO encode 2048 x 2048 x 1 to format OODLE_AutoDXT (Oodle OodleTex_BC1_WithTransparency) lambda=0 effort=20 
[2025.04.02-16.24.27:282][244]LogTextureFormatOodle: Display: non-RDO encode 1024 x 1024 x 1 to format OODLE_AutoDXT (Oodle OodleTex_BC1_WithTransparency) lambda=0 effort=20 
[2025.04.02-16.24.27:282][244]LogTexture: Display: Building textures: T_Enemy_GreaterSpider_Fire_D (OODLE_AutoDXT, 2048X2048)
[2025.04.02-16.24.27:282][244]LogTexture: Display: Building textures: T_Enemy_GreaterSpider_Fire_N (OODLE_BC5, 2048X2048)
[2025.04.02-16.24.27:282][244]LogTextureFormatOodle: Display: non-RDO encode 1024 x 1024 x 1 to format OODLE_BC5 (Oodle OodleTex_BC5U) lambda=0 effort=20 
[2025.04.02-16.24.27:282][244]LogTextureFormatOodle: Display: non-RDO encode 2048 x 2048 x 1 to format OODLE_BC5 (Oodle OodleTex_BC5U) lambda=0 effort=20 
[2025.04.02-16.24.27:282][244]LogTextureFormatOodle: Display: non-RDO encode 1024 x 1024 x 1 to format OODLE_AutoDXT (Oodle OodleTex_BC3) lambda=0 effort=20 
[2025.04.02-16.24.27:282][244]LogTextureFormatOodle: Display: non-RDO encode 2048 x 2048 x 1 to format OODLE_AutoDXT (Oodle OodleTex_BC3) lambda=0 effort=20 
[2025.04.02-16.24.27:282][244]LogMaterial: Display: Missing cached shadermap for CharM_Greater_Spider in PCD3D_SM5, Default, SM5 (DDC key hash: 141AA4A0A3CC87D1B2553F049186D0033CBE8A0A), compiling. 
[2025.04.02-16.24.27:300][244]LogShaderCompilers: Display: Submitted 32 shader compile jobs with 'Low' priority
[2025.04.02-16.24.27:306][244]LogShaderCompilers: Display: Worker (1/13): shaders left to compile 32
[2025.04.02-16.24.27:306][244]LogShaderCompilers: Display: Worker (2/13): shaders left to compile 29
[2025.04.02-16.24.27:306][244]LogShaderCompilers: Display: Worker (3/13): shaders left to compile 26
[2025.04.02-16.24.27:306][244]LogShaderCompilers: Display: Worker (4/13): shaders left to compile 23
[2025.04.02-16.24.27:306][244]LogShaderCompilers: Display: Worker (5/13): shaders left to compile 20
[2025.04.02-16.24.27:306][244]LogShaderCompilers: Display: Worker (6/13): shaders left to compile 17
[2025.04.02-16.24.27:306][244]LogShaderCompilers: Display: Worker (7/13): shaders left to compile 14
[2025.04.02-16.24.27:306][244]LogShaderCompilers: Display: Worker (8/13): shaders left to compile 11
[2025.04.02-16.24.27:306][244]LogShaderCompilers: Display: Worker (9/13): shaders left to compile 8
[2025.04.02-16.24.27:306][244]LogShaderCompilers: Display: Worker (10/13): shaders left to compile 5
[2025.04.02-16.24.27:306][244]LogShaderCompilers: Display: Worker (11/13): shaders left to compile 2
[2025.04.02-16.24.27:306][244]LogShaderCompilers: Display: Started 32 'Local' shader compile jobs with 'Low' priority
[2025.04.02-16.25.02:016][310]Cmd: TRANSACTION UNDO
[2025.04.02-16.25.02:016][310]LogEditorTransaction: Undo Move Actors
[2025.04.02-16.25.02:322][328]Cmd: TRANSACTION UNDO
[2025.04.02-16.25.02:322][328]LogEditorTransaction: Undo Create Actors
[2025.04.02-16.25.02:602][347]Cmd: TRANSACTION UNDO
[2025.04.02-16.25.02:602][347]LogEditorTransaction: Undo Create Actors
[2025.04.02-16.25.06:103][763]LogEditorViewport: Clicking on Actor (context menu): StaticMeshActor (Floor)
[2025.04.02-16.25.30:202][ 51]LogEditorClassViewer: Warning: Class /Engine/Tutorial/InWorldBlueprintEditing/TutorialAssets/IWBE_Blutility.IWBE_Blutility_C has parent /Script/Blutility.PlacedEditorUtilityBase, but this parent is not found. The Class will not be shown in ClassViewer.
[2025.04.02-16.25.55:203][ 51]LogSlate: Window 'Pick Parent Class' being destroyed
[2025.04.02-16.25.55:210][ 51]LogContentBrowser: Deferred new asset file creation: NewBlueprint
[2025.04.02-16.25.55:215][ 51]LogContentBrowser: Creating deferred item: NewBlueprint
[2025.04.02-16.27.17:328][885]LogContentBrowser: Attempting asset rename: NewBlueprint -> NewBlueprint
[2025.04.02-16.27.17:331][885]LogContentBrowser: End creating deferred item NewBlueprint
[2025.04.02-16.29.58:525][196]LogUObjectHash: Compacting FUObjectHashTables data took   0.70ms
[2025.04.02-16.29.58:526][196]LogFileHelpers: Editor autosave (incl. external actors) for '/Game/shooter' took 0.007
[2025.04.02-16.36.15:154][296]LogContentBrowser: Attempting asset rename: NewBlueprint -> spider01
[2025.04.02-16.36.15:169][296]LogMetaData: Removing '/Game/spider01.spider01:UserConstructionScript.K2Node_FunctionEntry_0' ref from Metadata '/Game/NewBlueprint.PackageMetaData'
[2025.04.02-16.36.15:169][296]LogMetaData: Removing '/Game/spider01.SKEL_spider01_C:UserConstructionScript' ref from Metadata '/Game/NewBlueprint.PackageMetaData'
[2025.04.02-16.36.15:169][296]LogMetaData: Removing '/Game/spider01.SKEL_spider01_C' ref from Metadata '/Game/NewBlueprint.PackageMetaData'
[2025.04.02-16.36.15:169][296]LogMetaData: Removing '/Game/spider01.spider01_C' ref from Metadata '/Game/NewBlueprint.PackageMetaData'
[2025.04.02-16.36.15:169][296]LogMetaData: Removing '/Game/spider01.spider01:EventGraph.K2Node_Event_0' ref from Metadata '/Game/NewBlueprint.PackageMetaData'
[2025.04.02-16.36.15:169][296]LogMetaData: Removing '/Game/spider01.spider01:EventGraph.K2Node_Event_1' ref from Metadata '/Game/NewBlueprint.PackageMetaData'
[2025.04.02-16.36.15:169][296]LogMetaData: Removing '/Game/spider01.spider01:EventGraph.K2Node_Event_2' ref from Metadata '/Game/NewBlueprint.PackageMetaData'
[2025.04.02-16.36.15:182][296]Cmd: OBJ SAVEPACKAGE PACKAGE="/Game/spider01" FILE="C:/Users/student/Documents/Unreal Projects/MyProject2/Content/spider01.uasset" SILENT=true
[2025.04.02-16.36.15:186][296]LogSavePackage: Moving 'C:/Users/student/Documents/Unreal Projects/MyProject2/Saved/spider013A4A99E94586FE2D4F8A8D9F6257F9F0.tmp' to 'C:/Users/student/Documents/Unreal Projects/MyProject2/Content/spider01.uasset'
[2025.04.02-16.36.15:609][296]LogUObjectHash: Compacting FUObjectHashTables data took   0.55ms
[2025.04.02-16.36.15:619][296]LogUObjectHash: Compacting FUObjectHashTables data took   0.57ms
[2025.04.02-16.36.15:621][296]LogUObjectHash: Compacting FUObjectHashTables data took   0.21ms
[2025.04.02-16.36.15:660][296]AssetCheck: New page: Asset Save: spider01
[2025.04.02-16.36.15:660][296]LogContentValidation: Display: Validating Blueprint /Game/spider01.spider01
[2025.04.02-16.36.19:483][753]LogAssetEditorSubsystem: Opening Asset editor for Blueprint /Game/spider01.spider01
[2025.04.02-16.36.19:647][753]LogNativeClassHierarchy: Verbose: Native class hierarchy updated for 'BlueprintGraph' in 0.0004 seconds. Added 126 classes and 0 folders.
[2025.04.02-16.36.25:715][984]LogSlate: Took 0.000152 seconds to synchronously load lazily loaded font '../../../Engine/Content/Slate/Fonts/Roboto-BoldCondensed.ttf' (158K)
[2025.04.02-16.37.18:524][263]LogSlate: Window 'spider01' being destroyed
[2025.04.02-16.37.18:530][263]LogWorld: UWorld::CleanupWorld for World_4, bSessionEnded=true, bCleanupResources=true
[2025.04.02-16.37.18:530][263]LogSlate: InvalidateAllWidgets triggered.  All widgets were invalidated
[2025.04.02-16.37.23:548][584]LogSlate: Window 'Pick Parent Class' being destroyed
[2025.04.02-16.37.23:553][584]LogContentBrowser: Deferred new asset file creation: NewBlueprint
[2025.04.02-16.37.23:561][584]LogContentBrowser: Creating deferred item: NewBlueprint
[2025.04.02-16.37.29:434][288]LogContentBrowser: Attempting asset rename: NewBlueprint -> spider1
[2025.04.02-16.37.29:438][288]LogContentBrowser: End creating deferred item NewBlueprint
[2025.04.02-16.37.31:962][590]LogAssetEditorSubsystem: Opening Asset editor for Blueprint /Game/spider1.spider1
[2025.04.02-16.37.43:490][793]LogUObjectHash: Compacting FUObjectHashTables data took   2.03ms
[2025.04.02-16.37.44:607][793]LogSlate: Window 'Delete Assets' being destroyed
[2025.04.02-16.37.44:659][793]LogUObjectHash: Compacting FUObjectHashTables data took   1.56ms
[2025.04.02-16.37.44:676][793]LogUObjectHash: Compacting FUObjectHashTables data took   1.25ms
[2025.04.02-16.37.44:688][793]LogUObjectHash: Compacting FUObjectHashTables data took   0.40ms
[2025.04.02-16.39.25:164][458]LogEditorTransaction: Undo Modify Component(s)
[2025.04.02-16.39.37:957][923]LogEditorTransaction: Undo Modify Component(s)
[2025.04.02-16.39.51:785][526]Cmd: OBJ SAVEPACKAGE PACKAGE="/Game/spider1" FILE="C:/Users/student/Documents/Unreal Projects/MyProject2/Content/spider1.uasset" SILENT=true
[2025.04.02-16.39.51:793][526]LogSavePackage: Moving 'C:/Users/student/Documents/Unreal Projects/MyProject2/Saved/spider1F7F0305F445797D0021B389FE5FB06A6.tmp' to 'C:/Users/student/Documents/Unreal Projects/MyProject2/Content/spider1.uasset'
[2025.04.02-16.39.51:806][526]AssetCheck: New page: Asset Save: spider1
[2025.04.02-16.39.51:806][526]LogContentValidation: Display: Validating Blueprint /Game/spider1.spider1
[2025.04.02-16.39.55:759][988]Cmd: OBJ SAVEPACKAGE PACKAGE="/Game/spider1" FILE="C:/Users/student/Documents/Unreal Projects/MyProject2/Content/spider1.uasset" SILENT=true
[2025.04.02-16.39.55:762][988]LogSavePackage: Moving 'C:/Users/student/Documents/Unreal Projects/MyProject2/Saved/spider1CAA0FB384261EB428DD1D1A77B511DC1.tmp' to 'C:/Users/student/Documents/Unreal Projects/MyProject2/Content/spider1.uasset'
[2025.04.02-16.39.55:774][988]AssetCheck: New page: Asset Save: spider1
[2025.04.02-16.39.55:774][988]LogContentValidation: Display: Validating Blueprint /Game/spider1.spider1
[2025.04.02-16.39.56:396][ 59]BlueprintLog: New page: Compile spider1
[2025.04.02-16.39.56:433][ 59]LogUObjectHash: Compacting FUObjectHashTables data took   1.77ms
[2025.04.02-16.40.18:826][666]LogEditorViewport: Clicking on Actor (context menu): SkeletalMeshActor (SK_Greater_Spider)
[2025.04.02-16.40.21:178][899]LogEditorViewport: Clicking on Actor (LMB): SkeletalMeshActor (SK_Greater_Spider)
[2025.04.02-16.40.21:759][967]LogEditorViewport: Clicking on Actor (LMB): SkeletalMeshActor (SK_Greater_Spider)
[2025.04.02-16.40.28:794][544]LogEditorViewport: Clicking on Actor (LMB): BP_Sky_Sphere_C (Sky Sphere)
[2025.04.02-16.41.00:989][741]LogSlate: Window 'Pick Parent Class' being destroyed
[2025.04.02-16.41.00:995][741]LogContentBrowser: Deferred new asset file creation: NewBlueprint
[2025.04.02-16.41.01:004][741]LogContentBrowser: Creating deferred item: NewBlueprint
[2025.04.02-16.41.07:545][410]LogContentBrowser: Attempting asset rename: NewBlueprint -> solldier
[2025.04.02-16.41.07:548][410]LogContentBrowser: End creating deferred item NewBlueprint
[2025.04.02-16.41.09:328][587]LogAssetEditorSubsystem: Opening Asset editor for Blueprint /Game/solldier.solldier
[2025.04.02-16.41.19:160][509]Cmd: OBJ SAVEPACKAGE PACKAGE="/Game/solldier" FILE="C:/Users/student/Documents/Unreal Projects/MyProject2/Content/solldier.uasset" SILENT=true
[2025.04.02-16.41.19:170][509]LogSavePackage: Moving 'C:/Users/student/Documents/Unreal Projects/MyProject2/Saved/solldier6242891F421DEC446AE684B7F346A46E.tmp' to 'C:/Users/student/Documents/Unreal Projects/MyProject2/Content/solldier.uasset'
[2025.04.02-16.41.19:182][509]AssetCheck: New page: Asset Save: solldier
[2025.04.02-16.41.19:182][509]LogContentValidation: Display: Validating Blueprint /Game/solldier.solldier
[2025.04.02-16.41.19:516][541]BlueprintLog: New page: Compile solldier
[2025.04.02-16.41.19:557][541]LogUObjectHash: Compacting FUObjectHashTables data took   1.93ms
[2025.04.02-16.41.21:959][811]LogSlate: Window 'solldier' being destroyed
[2025.04.02-16.41.21:963][811]LogSlate: Window 'solldier' being destroyed
[2025.04.02-16.41.21:966][811]LogWorld: UWorld::CleanupWorld for World_5, bSessionEnded=true, bCleanupResources=true
[2025.04.02-16.41.21:966][811]LogSlate: InvalidateAllWidgets triggered.  All widgets were invalidated
[2025.04.02-16.41.22:003][811]LogActorComponent: UnregisterComponent: (/Engine/Transient.EditorFloorComp) Not registered. Aborting.
[2025.04.02-16.41.22:003][811]LogWorld: UWorld::CleanupWorld for World_8, bSessionEnded=true, bCleanupResources=true
[2025.04.02-16.41.22:003][811]LogSlate: InvalidateAllWidgets triggered.  All widgets were invalidated
[2025.04.02-16.41.28:433][550]LogEditorViewport: Clicking on Actor (LMB): SkeletalMeshActor (SK_Greater_Spider)
[2025.04.02-16.41.38:256][437]Cmd: DELETE
[2025.04.02-16.41.38:257][437]Cmd: ACTOR DELETE
[2025.04.02-16.41.38:270][437]LogEditorActor: Deleted Actor: SkeletalMeshActor
[2025.04.02-16.41.38:284][437]LogUObjectHash: Compacting FUObjectHashTables data took   1.72ms
[2025.04.02-16.41.38:287][437]LogEditorActor: Deleted 1 Actors (0.018 secs)
[2025.04.02-16.41.42:135][897]LogEditorViewport: Clicking on Actor (LMB): solldier_C (solldier)
[2025.04.02-16.41.53:528][244]LogEditorViewport: Clicking on Actor (LMB): spider1_C (spider1)
[2025.04.02-16.42.27:493][299]LogActorFactory: Actor Factory created Cube
[2025.04.02-16.42.28:735][429]LogActorFactory: Actor Factory created Cube
[2025.04.02-16.42.39:555][713]LogEditorViewport: Clicking on Actor (LMB): spider1_C (spider1)
[2025.04.02-16.43.11:325][494]LogEditorViewport: Clicking on Actor (LMB): StaticMeshActor (Floor)
[2025.04.02-16.43.46:376][664]LogUObjectHash: Compacting FUObjectHashTables data took   1.47ms
[2025.04.02-16.43.46:385][664]Cmd: OBJ SAVEPACKAGE PACKAGE="/Game/shooter" FILE="C:/Users/student/Documents/Unreal Projects/MyProject2/Saved/Autosaves/Game/shooter_Auto1.umap" SILENT=true AUTOSAVING=true KEEPDIRTY=false
[2025.04.02-16.43.46:392][664]LogSavePackage: Moving 'C:/Users/student/Documents/Unreal Projects/MyProject2/Saved/shooter_Auto1808D6B4E43860D7C514749996920646C.tmp' to 'C:/Users/student/Documents/Unreal Projects/MyProject2/Saved/Autosaves/Game/shooter_Auto1.umap'
[2025.04.02-16.43.46:393][664]LogFileHelpers: Editor autosave (incl. external actors) for '/Game/shooter' took 0.030
[2025.04.02-16.43.46:393][664]LogFileHelpers: Editor autosave (incl. sublevels & external actors) for all levels took 0.030
[2025.04.02-16.43.52:050][341]LogEditorViewport: Clicking on Actor (LMB): BP_Sky_Sphere_C (Sky Sphere)
[2025.04.02-16.44.24:746][238]LogAssetEditorSubsystem: Opening Asset editor for Blueprint /Game/spider1.spider1
[2025.04.02-16.44.28:963][693]LogSlate: Window 'spider1' being destroyed
[2025.04.02-16.44.32:217][ 79]LogWorld: UWorld::CleanupWorld for World_11, bSessionEnded=true, bCleanupResources=true
[2025.04.02-16.44.32:218][ 79]LogSlate: InvalidateAllWidgets triggered.  All widgets were invalidated
[2025.04.02-16.44.32:261][ 79]LogAssetEditorSubsystem: Opening Asset editor for Blueprint /Game/spider1.spider1
[2025.04.02-16.44.43:692][ 77]LogSlate: Window 'spider1' being destroyed
[2025.04.02-16.45.30:008][535]Cmd: OBJ SAVEPACKAGE PACKAGE="/Game/spider1" FILE="C:/Users/student/Documents/Unreal Projects/MyProject2/Content/spider1.uasset" SILENT=true
[2025.04.02-16.45.30:015][535]LogSavePackage: Moving 'C:/Users/student/Documents/Unreal Projects/MyProject2/Saved/spider178E81AA548B7EC7959FB4CB1B3281C23.tmp' to 'C:/Users/student/Documents/Unreal Projects/MyProject2/Content/spider1.uasset'
[2025.04.02-16.45.30:027][535]AssetCheck: New page: Asset Save: spider1
[2025.04.02-16.45.30:027][535]LogContentValidation: Display: Validating Blueprint /Game/spider1.spider1
[2025.04.02-16.45.30:742][621]BlueprintLog: New page: Compile spider1
[2025.04.02-16.45.30:769][621]LogUObjectHash: Compacting FUObjectHashTables data took   1.65ms
[2025.04.02-16.45.35:396][168]Cmd: OBJ SAVEPACKAGE PACKAGE="/Game/shooter" FILE="C:/Users/student/Documents/Unreal Projects/MyProject2/Content/shooter.umap" SILENT=true AUTOSAVING=false KEEPDIRTY=false
[2025.04.02-16.45.35:408][168]LogUObjectHash: Compacting FUObjectHashTables data took   1.61ms
[2025.04.02-16.45.35:416][168]LogSavePackage: Moving 'C:/Users/student/Documents/Unreal Projects/MyProject2/Saved/shooter7D2D27A94C36BC71DB6389AE824F8857.tmp' to 'C:/Users/student/Documents/Unreal Projects/MyProject2/Content/shooter.umap'
[2025.04.02-16.45.35:420][168]Cmd: OBJ SAVEPACKAGE PACKAGE="/Game/shooter_BuiltData" FILE="C:/Users/student/Documents/Unreal Projects/MyProject2/Content/shooter_BuiltData.uasset" SILENT=true
[2025.04.02-16.45.35:429][168]LogSavePackage: Moving 'C:/Users/student/Documents/Unreal Projects/MyProject2/Saved/shooter_BuiltDataC1F632E242210D6836C462913801F099.tmp' to 'C:/Users/student/Documents/Unreal Projects/MyProject2/Content/shooter_BuiltData.uasset'
[2025.04.02-16.45.35:441][168]AssetCheck: New page: Asset Save: multiple assets
[2025.04.02-16.45.35:441][168]LogContentValidation: Display: Validating World /Game/shooter.shooter
[2025.04.02-16.45.35:441][168]LogContentValidation: Display: Validating MapBuildDataRegistry /Game/shooter_BuiltData.shooter_BuiltData
[2025.04.02-16.46.50:009][748]Cmd: OBJ SAVEPACKAGE PACKAGE="/Game/spider1" FILE="C:/Users/student/Documents/Unreal Projects/MyProject2/Content/spider1.uasset" SILENT=true
[2025.04.02-16.46.50:017][748]LogSavePackage: Moving 'C:/Users/student/Documents/Unreal Projects/MyProject2/Saved/spider120417DA74F77CF80E6E56294E6B3ACE7.tmp' to 'C:/Users/student/Documents/Unreal Projects/MyProject2/Content/spider1.uasset'
[2025.04.02-16.46.50:028][748]AssetCheck: New page: Asset Save: spider1
[2025.04.02-16.46.50:028][748]LogContentValidation: Display: Validating Blueprint /Game/spider1.spider1
[2025.04.02-16.46.50:541][810]BlueprintLog: New page: Compile spider1
[2025.04.02-16.46.50:569][810]LogUObjectHash: Compacting FUObjectHashTables data took   1.74ms
[2025.04.02-16.47.07:956][886]Cmd: OBJ SAVEPACKAGE PACKAGE="/Game/shooter" FILE="C:/Users/student/Documents/Unreal Projects/MyProject2/Content/shooter.umap" SILENT=true AUTOSAVING=false KEEPDIRTY=false
[2025.04.02-16.47.07:970][886]LogUObjectHash: Compacting FUObjectHashTables data took   1.87ms
[2025.04.02-16.47.07:977][886]LogSavePackage: Moving 'C:/Users/student/Documents/Unreal Projects/MyProject2/Saved/shooter6F05E43646A34C7FC959E98A3BB62006.tmp' to 'C:/Users/student/Documents/Unreal Projects/MyProject2/Content/shooter.umap'
[2025.04.02-16.47.07:982][886]Cmd: OBJ SAVEPACKAGE PACKAGE="/Game/shooter_BuiltData" FILE="C:/Users/student/Documents/Unreal Projects/MyProject2/Content/shooter_BuiltData.uasset" SILENT=true
[2025.04.02-16.47.07:991][886]LogSavePackage: Moving 'C:/Users/student/Documents/Unreal Projects/MyProject2/Saved/shooter_BuiltData7D88789642550087C1F62AB6259F58CA.tmp' to 'C:/Users/student/Documents/Unreal Projects/MyProject2/Content/shooter_BuiltData.uasset'
[2025.04.02-16.47.08:003][886]AssetCheck: New page: Asset Save: multiple assets
[2025.04.02-16.47.08:003][886]LogContentValidation: Display: Validating World /Game/shooter.shooter
[2025.04.02-16.47.08:003][886]LogContentValidation: Display: Validating MapBuildDataRegistry /Game/shooter_BuiltData.shooter_BuiltData
[2025.04.02-16.47.15:757][352]LogSlate: Window 'Pick Parent Class' being destroyed
[2025.04.02-16.47.15:762][352]LogContentBrowser: Deferred new asset file creation: NewBlueprint
[2025.04.02-16.47.15:770][352]LogContentBrowser: Creating deferred item: NewBlueprint
[2025.04.02-16.47.25:706][536]LogContentBrowser: Attempting asset rename: NewBlueprint -> gamemode
[2025.04.02-16.47.25:710][536]LogContentBrowser: End creating deferred item NewBlueprint
[2025.04.02-16.47.27:283][721]LogAssetEditorSubsystem: Opening Asset editor for Blueprint /Game/gamemode.gamemode
[2025.04.02-16.47.27:585][722]LogRenderer: Reallocating scene render targets to support 1616x1232 Format 10 NumSamples 1 (Frame:1).
[2025.04.02-16.47.31:987][248]LogSlate: Prevented a slow task dialog from being summoned while a context menu was open
[2025.04.02-16.47.32:001][248]LogEditorClassViewer: Warning: Class /Engine/Tutorial/InWorldBlueprintEditing/TutorialAssets/IWBE_Blutility.IWBE_Blutility_C has parent /Script/Blutility.PlacedEditorUtilityBase, but this parent is not found. The Class will not be shown in ClassViewer.
[2025.04.02-16.47.43:774][363]Cmd: OBJ SAVEPACKAGE PACKAGE="/Game/gamemode" FILE="C:/Users/student/Documents/Unreal Projects/MyProject2/Content/gamemode.uasset" SILENT=true
[2025.04.02-16.47.43:777][363]LogSavePackage: Moving 'C:/Users/student/Documents/Unreal Projects/MyProject2/Saved/gamemode0EBB685C4F684ABE732D7396B93AC190.tmp' to 'C:/Users/student/Documents/Unreal Projects/MyProject2/Content/gamemode.uasset'
[2025.04.02-16.47.43:789][363]AssetCheck: New page: Asset Save: gamemode
[2025.04.02-16.47.43:789][363]LogContentValidation: Display: Validating Blueprint /Game/gamemode.gamemode
[2025.04.02-16.47.44:327][428]BlueprintLog: New page: Compile gamemode
[2025.04.02-16.47.44:352][428]LogUObjectHash: Compacting FUObjectHashTables data took   2.38ms
[2025.04.02-16.48.13:997][941]LogContentBrowser: Deferred new asset folder creation: NewFolder
[2025.04.02-16.48.14:012][941]LogContentBrowser: Creating deferred item: NewFolder
[2025.04.02-16.48.19:091][551]LogContentBrowser: Attempting asset rename: NewFolder -> blueprints
[2025.04.02-16.48.19:091][551]LogContentBrowser: End creating deferred item NewFolder
[2025.04.02-16.48.48:549][  7]LogEditorViewport: Clicking on Actor (LMB): BP_Sky_Sphere_C (Sky Sphere)
[2025.04.02-16.48.57:135][942]LogSlate: Prevented a slow task dialog from being summoned while a context menu was open
[2025.04.02-16.48.57:151][942]LogEditorClassViewer: Warning: Class /Engine/Tutorial/InWorldBlueprintEditing/TutorialAssets/IWBE_Blutility.IWBE_Blutility_C has parent /Script/Blutility.PlacedEditorUtilityBase, but this parent is not found. The Class will not be shown in ClassViewer.
[2025.04.02-16.49.16:949][246]LogTemp: Repeating last play command: Selected Viewport
[2025.04.02-16.49.16:967][246]LogPlayLevel: PlayLevel: No blueprints needed recompiling
[2025.04.02-16.49.16:979][246]PIE: New page: PIE session: shooter (2 kwi 2025, 20:49:16)
[2025.04.02-16.49.16:989][246]LogOnline: OSS: Creating online subsystem instance for: NULL
[2025.04.02-16.49.16:990][246]LogOnline: OSS: TryLoadSubsystemAndSetDefault: Loaded subsystem for module [NULL]
[2025.04.02-16.49.16:990][246]LogPlayLevel: Creating play world package: /Game/UEDPIE_0_shooter
[2025.04.02-16.49.16:992][246]LogPlayLevel: PIE: StaticDuplicateObject took: (0.002420s)
[2025.04.02-16.49.16:993][246]LogAIModule: Creating AISystem for world shooter
[2025.04.02-16.49.16:993][246]LogPlayLevel: PIE: World Init took: (0.000911s)
[2025.04.02-16.49.16:993][246]LogPlayLevel: PIE: Created PIE world by copying editor world from /Game/shooter.shooter to /Game/UEDPIE_0_shooter.shooter (0.003427s)
[2025.04.02-16.49.17:009][246]LogUObjectHash: Compacting FUObjectHashTables data took   1.85ms
[2025.04.02-16.49.17:011][246]LogAudio: Display: Creating Audio Device:                 Id: 2, Scope: Unique, Realtime: True
[2025.04.02-16.49.17:011][246]LogAudioMixer: Display: Audio Mixer Platform Settings:
[2025.04.02-16.49.17:011][246]LogAudioMixer: Display: 	Sample Rate:						  48000
[2025.04.02-16.49.17:011][246]LogAudioMixer: Display: 	Callback Buffer Frame Size Requested: 1024
[2025.04.02-16.49.17:011][246]LogAudioMixer: Display: 	Callback Buffer Frame Size To Use:	  1024
[2025.04.02-16.49.17:011][246]LogAudioMixer: Display: 	Number of buffers to queue:			  2
[2025.04.02-16.49.17:011][246]LogAudioMixer: Display: 	Max Channels (voices):				  32
[2025.04.02-16.49.17:011][246]LogAudioMixer: Display: 	Number of Async Source Workers:		  0
[2025.04.02-16.49.17:011][246]LogAudio: Display: AudioDevice MaxSources: 32
[2025.04.02-16.49.17:012][246]LogAudio: Display: Audio Spatialization Plugin: None (built-in).
[2025.04.02-16.49.17:012][246]LogAudio: Display: Audio Reverb Plugin: None (built-in).
[2025.04.02-16.49.17:012][246]LogAudio: Display: Audio Occlusion Plugin: None (built-in).
[2025.04.02-16.49.17:012][246]LogAudioMixer: Display: Initializing audio mixer.
[2025.04.02-16.49.17:016][246]LogAudioMixer: Display: 0: FrontLeft
[2025.04.02-16.49.17:016][246]LogAudioMixer: Display: 1: FrontRight
[2025.04.02-16.49.17:026][246]LogAudioMixer: Display: Using Audio Device LG ULTRAGEAR (NVIDIA High Definition Audio)
[2025.04.02-16.49.17:026][246]LogAudioMixer: Display: Initializing Sound Submixes...
[2025.04.02-16.49.17:026][246]LogAudioMixer: Display: Creating Master Submix 'MasterSubmixDefault'
[2025.04.02-16.49.17:026][246]LogAudioMixer: Display: Creating Master Submix 'MasterReverbSubmixDefault'
[2025.04.02-16.49.17:026][246]LogAudioMixer: Display: Creating Master Submix 'MasterEQSubmixDefault'
[2025.04.02-16.49.17:026][246]LogAudioMixer: FMixerPlatformXAudio2::StartAudioStream() called
[2025.04.02-16.49.17:026][246]LogAudioMixer: Display: Output buffers initialized: Frames=1024, Channels=2, Samples=2048
[2025.04.02-16.49.17:027][246]LogAudioMixer: Display: Starting AudioMixerPlatformInterface::RunInternal()
[2025.04.02-16.49.17:027][246]LogAudioMixer: Display: FMixerPlatformXAudio2::SubmitBuffer() called for the first time
[2025.04.02-16.49.17:027][246]LogInit: FAudioDevice initialized.
[2025.04.02-16.49.17:027][246]LogAudio: Display: Audio Device (ID: 2) registered with world 'shooter'.
[2025.04.02-16.49.17:038][246]LogLoad: Game class is 'gamemode_C'
[2025.04.02-16.49.17:064][246]LogWorld: Bringing World /Game/UEDPIE_0_shooter.shooter up for play (max tick rate 0) at 2025.04.02-18.49.17
[2025.04.02-16.49.17:084][246]LogWorld: Bringing up level for play took: 0.020512
[2025.04.02-16.49.17:084][246]LogOnline: OSS: Creating online subsystem instance for: :Context_15
[2025.04.02-16.49.17:108][246]LogNativeClassHierarchy: Verbose: Native class hierarchy updated for 'MovieSceneCapture' in 0.0003 seconds. Added 20 classes and 0 folders.
[2025.04.02-16.49.17:109][246]PIE: Server logged in
[2025.04.02-16.49.17:110][246]PIE: Play in editor total start time 0,158 seconds.
[2025.04.02-16.49.20:087][571]LogSlate: Updating window title bar state: overlay mode, drag disabled, window buttons hidden, title bar hidden
[2025.04.02-16.49.20:087][571]LogWorld: BeginTearingDown for /Game/UEDPIE_0_shooter
[2025.04.02-16.49.20:088][571]LogWorld: UWorld::CleanupWorld for shooter, bSessionEnded=true, bCleanupResources=true
[2025.04.02-16.49.20:088][571]LogSlate: InvalidateAllWidgets triggered.  All widgets were invalidated
[2025.04.02-16.49.20:095][571]LogPlayLevel: Display: Shutting down PIE online subsystems
[2025.04.02-16.49.20:103][571]LogSlate: InvalidateAllWidgets triggered.  All widgets were invalidated
[2025.04.02-16.49.20:118][571]LogAudio: Display: Audio Device unregistered from world 'None'.
[2025.04.02-16.49.20:121][571]LogAudioMixer: FMixerPlatformXAudio2::StopAudioStream() called
[2025.04.02-16.49.20:122][571]LogAudioMixer: FMixerPlatformXAudio2::StopAudioStream() called
[2025.04.02-16.49.20:123][571]LogSlate: Updating window title bar state: overlay mode, drag disabled, window buttons hidden, title bar hidden
[2025.04.02-16.49.20:142][571]LogUObjectHash: Compacting FUObjectHashTables data took   2.68ms
[2025.04.02-16.49.20:155][572]LogPlayLevel: Display: Destroying online subsystem :Context_15
[2025.04.02-16.50.05:074][884]Cmd: OBJ SAVEPACKAGE PACKAGE="/Game/spider1" FILE="C:/Users/student/Documents/Unreal Projects/MyProject2/Content/spider1.uasset" SILENT=true
[2025.04.02-16.50.05:081][884]LogSavePackage: Moving 'C:/Users/student/Documents/Unreal Projects/MyProject2/Saved/spider18116F8534DF05A046F89D483DD59DA74.tmp' to 'C:/Users/student/Documents/Unreal Projects/MyProject2/Content/spider1.uasset'
[2025.04.02-16.50.05:095][884]AssetCheck: New page: Asset Save: spider1
[2025.04.02-16.50.05:095][884]LogContentValidation: Display: Validating Blueprint /Game/spider1.spider1
[2025.04.02-16.50.05:443][926]BlueprintLog: New page: Compile spider1
[2025.04.02-16.50.05:482][926]LogUObjectHash: Compacting FUObjectHashTables data took   3.41ms
[2025.04.02-16.50.07:272][135]Cmd: OBJ SAVEPACKAGE PACKAGE="/Game/gamemode" FILE="C:/Users/student/Documents/Unreal Projects/MyProject2/Content/gamemode.uasset" SILENT=true
[2025.04.02-16.50.07:275][135]LogSavePackage: Moving 'C:/Users/student/Documents/Unreal Projects/MyProject2/Saved/gamemode23848565413D598C142AA99C15E52980.tmp' to 'C:/Users/student/Documents/Unreal Projects/MyProject2/Content/gamemode.uasset'
[2025.04.02-16.50.07:287][135]AssetCheck: New page: Asset Save: gamemode
[2025.04.02-16.50.07:287][135]LogContentValidation: Display: Validating Blueprint /Game/gamemode.gamemode
[2025.04.02-16.50.08:466][275]Cmd: OBJ SAVEPACKAGE PACKAGE="/Game/shooter" FILE="C:/Users/student/Documents/Unreal Projects/MyProject2/Content/shooter.umap" SILENT=true AUTOSAVING=false KEEPDIRTY=false
[2025.04.02-16.50.08:485][275]LogUObjectHash: Compacting FUObjectHashTables data took   2.39ms
[2025.04.02-16.50.08:491][275]LogSavePackage: Moving 'C:/Users/student/Documents/Unreal Projects/MyProject2/Saved/shooterB0EF205D42951F84CB9FB1B223CA687B.tmp' to 'C:/Users/student/Documents/Unreal Projects/MyProject2/Content/shooter.umap'
[2025.04.02-16.50.08:497][275]Cmd: OBJ SAVEPACKAGE PACKAGE="/Game/shooter_BuiltData" FILE="C:/Users/student/Documents/Unreal Projects/MyProject2/Content/shooter_BuiltData.uasset" SILENT=true
[2025.04.02-16.50.08:506][275]LogSavePackage: Moving 'C:/Users/student/Documents/Unreal Projects/MyProject2/Saved/shooter_BuiltDataF79D1A60471732EB9859ED9A26B88DE1.tmp' to 'C:/Users/student/Documents/Unreal Projects/MyProject2/Content/shooter_BuiltData.uasset'
[2025.04.02-16.50.08:520][275]AssetCheck: New page: Asset Save: multiple assets
[2025.04.02-16.50.08:520][275]LogContentValidation: Display: Validating World /Game/shooter.shooter
[2025.04.02-16.50.08:520][275]LogContentValidation: Display: Validating MapBuildDataRegistry /Game/shooter_BuiltData.shooter_BuiltData
[2025.04.02-16.50.10:008][453]LogTemp: Repeating last play command: Selected Viewport
[2025.04.02-16.50.10:011][453]LogPlayLevel: PlayLevel: No blueprints needed recompiling
[2025.04.02-16.50.10:011][453]PIE: New page: PIE session: shooter (2 kwi 2025, 20:50:10)
[2025.04.02-16.50.10:011][453]LogPlayLevel: Creating play world package: /Game/UEDPIE_0_shooter
[2025.04.02-16.50.10:013][453]LogPlayLevel: PIE: StaticDuplicateObject took: (0.002292s)
[2025.04.02-16.50.10:014][453]LogAIModule: Creating AISystem for world shooter
[2025.04.02-16.50.10:014][453]LogPlayLevel: PIE: World Init took: (0.000773s)
[2025.04.02-16.50.10:014][453]LogPlayLevel: PIE: Created PIE world by copying editor world from /Game/shooter.shooter to /Game/UEDPIE_0_shooter.shooter (0.003144s)
[2025.04.02-16.50.10:033][453]LogUObjectHash: Compacting FUObjectHashTables data took   2.08ms
[2025.04.02-16.50.10:034][453]LogAudio: Display: Creating Audio Device:                 Id: 3, Scope: Unique, Realtime: True
[2025.04.02-16.50.10:034][453]LogAudioMixer: Display: Audio Mixer Platform Settings:
[2025.04.02-16.50.10:034][453]LogAudioMixer: Display: 	Sample Rate:						  48000
[2025.04.02-16.50.10:034][453]LogAudioMixer: Display: 	Callback Buffer Frame Size Requested: 1024
[2025.04.02-16.50.10:034][453]LogAudioMixer: Display: 	Callback Buffer Frame Size To Use:	  1024
[2025.04.02-16.50.10:034][453]LogAudioMixer: Display: 	Number of buffers to queue:			  2
[2025.04.02-16.50.10:034][453]LogAudioMixer: Display: 	Max Channels (voices):				  32
[2025.04.02-16.50.10:034][453]LogAudioMixer: Display: 	Number of Async Source Workers:		  0
[2025.04.02-16.50.10:034][453]LogAudio: Display: AudioDevice MaxSources: 32
[2025.04.02-16.50.10:034][453]LogAudio: Display: Audio Spatialization Plugin: None (built-in).
[2025.04.02-16.50.10:034][453]LogAudio: Display: Audio Reverb Plugin: None (built-in).
[2025.04.02-16.50.10:034][453]LogAudio: Display: Audio Occlusion Plugin: None (built-in).
[2025.04.02-16.50.10:034][453]LogAudioMixer: Display: Initializing audio mixer.
[2025.04.02-16.50.10:038][453]LogAudioMixer: Display: 0: FrontLeft
[2025.04.02-16.50.10:039][453]LogAudioMixer: Display: 1: FrontRight
[2025.04.02-16.50.10:047][453]LogAudioMixer: Display: Using Audio Device LG ULTRAGEAR (NVIDIA High Definition Audio)
[2025.04.02-16.50.10:047][453]LogAudioMixer: Display: Initializing Sound Submixes...
[2025.04.02-16.50.10:047][453]LogAudioMixer: Display: Creating Master Submix 'MasterSubmixDefault'
[2025.04.02-16.50.10:047][453]LogAudioMixer: Display: Creating Master Submix 'MasterReverbSubmixDefault'
[2025.04.02-16.50.10:048][453]LogAudioMixer: Display: Creating Master Submix 'MasterEQSubmixDefault'
[2025.04.02-16.50.10:048][453]LogAudioMixer: FMixerPlatformXAudio2::StartAudioStream() called
[2025.04.02-16.50.10:048][453]LogAudioMixer: Display: Output buffers initialized: Frames=1024, Channels=2, Samples=2048
[2025.04.02-16.50.10:049][453]LogAudioMixer: Display: Starting AudioMixerPlatformInterface::RunInternal()
[2025.04.02-16.50.10:049][453]LogAudioMixer: Display: FMixerPlatformXAudio2::SubmitBuffer() called for the first time
[2025.04.02-16.50.10:049][453]LogInit: FAudioDevice initialized.
[2025.04.02-16.50.10:049][453]LogAudio: Display: Audio Device (ID: 3) registered with world 'shooter'.
[2025.04.02-16.50.10:056][453]LogLoad: Game class is 'gamemode_C'
[2025.04.02-16.50.10:057][453]LogWorld: Bringing World /Game/UEDPIE_0_shooter.shooter up for play (max tick rate 0) at 2025.04.02-18.50.10
[2025.04.02-16.50.10:057][453]LogWorld: Bringing up level for play took: 0.000935
[2025.04.02-16.50.10:058][453]LogOnline: OSS: Creating online subsystem instance for: :Context_16
[2025.04.02-16.50.10:060][453]PIE: Server logged in
[2025.04.02-16.50.10:060][453]PIE: Play in editor total start time 0,05 seconds.
[2025.04.02-16.50.12:656][760]LogSlate: Updating window title bar state: overlay mode, drag disabled, window buttons hidden, title bar hidden
[2025.04.02-16.50.12:656][760]LogWorld: BeginTearingDown for /Game/UEDPIE_0_shooter
[2025.04.02-16.50.12:656][760]LogWorld: UWorld::CleanupWorld for shooter, bSessionEnded=true, bCleanupResources=true
[2025.04.02-16.50.12:657][760]LogSlate: InvalidateAllWidgets triggered.  All widgets were invalidated
[2025.04.02-16.50.12:666][760]LogPlayLevel: Display: Shutting down PIE online subsystems
[2025.04.02-16.50.12:674][760]LogSlate: InvalidateAllWidgets triggered.  All widgets were invalidated
[2025.04.02-16.50.12:690][760]LogSlate: Updating window title bar state: overlay mode, drag disabled, window buttons hidden, title bar hidden
[2025.04.02-16.50.12:690][760]LogAudioMixer: FMixerPlatformXAudio2::StopAudioStream() called
[2025.04.02-16.50.12:691][760]LogAudioMixer: FMixerPlatformXAudio2::StopAudioStream() called
[2025.04.02-16.50.12:696][760]LogUObjectHash: Compacting FUObjectHashTables data took   2.01ms
[2025.04.02-16.50.12:739][762]LogPlayLevel: Display: Destroying online subsystem :Context_16
[2025.04.02-16.50.26:803][444]LogTemp: Repeating last play command: Selected Viewport
[2025.04.02-16.50.26:806][444]LogPlayLevel: PlayLevel: No blueprints needed recompiling
[2025.04.02-16.50.26:806][444]PIE: New page: PIE session: shooter (2 kwi 2025, 20:50:26)
[2025.04.02-16.50.26:806][444]LogPlayLevel: Creating play world package: /Game/UEDPIE_0_shooter
[2025.04.02-16.50.26:808][444]LogPlayLevel: PIE: StaticDuplicateObject took: (0.002185s)
[2025.04.02-16.50.26:809][444]LogAIModule: Creating AISystem for world shooter
[2025.04.02-16.50.26:809][444]LogPlayLevel: PIE: World Init took: (0.000743s)
[2025.04.02-16.50.26:809][444]LogPlayLevel: PIE: Created PIE world by copying editor world from /Game/shooter.shooter to /Game/UEDPIE_0_shooter.shooter (0.003003s)
[2025.04.02-16.50.26:826][444]LogUObjectHash: Compacting FUObjectHashTables data took   2.03ms
[2025.04.02-16.50.26:829][444]LogAudio: Display: Creating Audio Device:                 Id: 4, Scope: Unique, Realtime: True
[2025.04.02-16.50.26:829][444]LogAudioMixer: Display: Audio Mixer Platform Settings:
[2025.04.02-16.50.26:829][444]LogAudioMixer: Display: 	Sample Rate:						  48000
[2025.04.02-16.50.26:829][444]LogAudioMixer: Display: 	Callback Buffer Frame Size Requested: 1024
[2025.04.02-16.50.26:829][444]LogAudioMixer: Display: 	Callback Buffer Frame Size To Use:	  1024
[2025.04.02-16.50.26:829][444]LogAudioMixer: Display: 	Number of buffers to queue:			  2
[2025.04.02-16.50.26:829][444]LogAudioMixer: Display: 	Max Channels (voices):				  32
[2025.04.02-16.50.26:829][444]LogAudioMixer: Display: 	Number of Async Source Workers:		  0
[2025.04.02-16.50.26:829][444]LogAudio: Display: AudioDevice MaxSources: 32
[2025.04.02-16.50.26:829][444]LogAudio: Display: Audio Spatialization Plugin: None (built-in).
[2025.04.02-16.50.26:829][444]LogAudio: Display: Audio Reverb Plugin: None (built-in).
[2025.04.02-16.50.26:829][444]LogAudio: Display: Audio Occlusion Plugin: None (built-in).
[2025.04.02-16.50.26:829][444]LogAudioMixer: Display: Initializing audio mixer.
[2025.04.02-16.50.26:833][444]LogAudioMixer: Display: 0: FrontLeft
[2025.04.02-16.50.26:833][444]LogAudioMixer: Display: 1: FrontRight
[2025.04.02-16.50.26:841][444]LogAudioMixer: Display: Using Audio Device LG ULTRAGEAR (NVIDIA High Definition Audio)
[2025.04.02-16.50.26:841][444]LogAudioMixer: Display: Initializing Sound Submixes...
[2025.04.02-16.50.26:841][444]LogAudioMixer: Display: Creating Master Submix 'MasterSubmixDefault'
[2025.04.02-16.50.26:841][444]LogAudioMixer: Display: Creating Master Submix 'MasterReverbSubmixDefault'
[2025.04.02-16.50.26:841][444]LogAudioMixer: Display: Creating Master Submix 'MasterEQSubmixDefault'
[2025.04.02-16.50.26:841][444]LogAudioMixer: FMixerPlatformXAudio2::StartAudioStream() called
[2025.04.02-16.50.26:841][444]LogAudioMixer: Display: Output buffers initialized: Frames=1024, Channels=2, Samples=2048
[2025.04.02-16.50.26:842][444]LogAudioMixer: Display: Starting AudioMixerPlatformInterface::RunInternal()
[2025.04.02-16.50.26:842][444]LogAudioMixer: Display: FMixerPlatformXAudio2::SubmitBuffer() called for the first time
[2025.04.02-16.50.26:842][444]LogInit: FAudioDevice initialized.
[2025.04.02-16.50.26:842][444]LogAudio: Display: Audio Device (ID: 4) registered with world 'shooter'.
[2025.04.02-16.50.26:851][444]LogLoad: Game class is 'gamemode_C'
[2025.04.02-16.50.26:852][444]LogWorld: Bringing World /Game/UEDPIE_0_shooter.shooter up for play (max tick rate 0) at 2025.04.02-18.50.26
[2025.04.02-16.50.26:852][444]LogWorld: Bringing up level for play took: 0.001022
[2025.04.02-16.50.26:852][444]LogOnline: OSS: Creating online subsystem instance for: :Context_17
[2025.04.02-16.50.26:854][444]PIE: Server logged in
[2025.04.02-16.50.26:856][444]PIE: Play in editor total start time 0,051 seconds.
[2025.04.02-16.50.30:356][855]LogSlate: Updating window title bar state: overlay mode, drag disabled, window buttons hidden, title bar hidden
[2025.04.02-16.50.30:356][855]LogWorld: BeginTearingDown for /Game/UEDPIE_0_shooter
[2025.04.02-16.50.30:356][855]LogWorld: UWorld::CleanupWorld for shooter, bSessionEnded=true, bCleanupResources=true
[2025.04.02-16.50.30:357][855]LogSlate: InvalidateAllWidgets triggered.  All widgets were invalidated
[2025.04.02-16.50.30:369][855]LogPlayLevel: Display: Shutting down PIE online subsystems
[2025.04.02-16.50.30:375][855]LogSlate: InvalidateAllWidgets triggered.  All widgets were invalidated
[2025.04.02-16.50.30:392][855]LogSlate: Updating window title bar state: overlay mode, drag disabled, window buttons hidden, title bar hidden
[2025.04.02-16.50.30:393][855]LogAudioMixer: FMixerPlatformXAudio2::StopAudioStream() called
[2025.04.02-16.50.30:393][855]LogAudioMixer: FMixerPlatformXAudio2::StopAudioStream() called
[2025.04.02-16.50.30:398][855]LogUObjectHash: Compacting FUObjectHashTables data took   1.96ms
[2025.04.02-16.50.30:419][856]LogPlayLevel: Display: Destroying online subsystem :Context_17
[2025.04.02-16.50.44:541][528]LogMetaData: Removing '/Game/blueprints/gamemode.gamemode:UserConstructionScript.K2Node_FunctionEntry_0' ref from Metadata '/Game/gamemode.PackageMetaData'
[2025.04.02-16.50.44:541][528]LogMetaData: Removing '/Game/blueprints/gamemode.SKEL_gamemode_C' ref from Metadata '/Game/gamemode.PackageMetaData'
[2025.04.02-16.50.44:541][528]LogMetaData: Removing '/Game/blueprints/gamemode.gamemode_C' ref from Metadata '/Game/gamemode.PackageMetaData'
[2025.04.02-16.50.44:541][528]LogMetaData: Removing '/Game/blueprints/gamemode.gamemode:EventGraph.K2Node_Event_0' ref from Metadata '/Game/gamemode.PackageMetaData'
[2025.04.02-16.50.44:541][528]LogMetaData: Removing '/Game/blueprints/gamemode.gamemode:EventGraph.K2Node_Event_1' ref from Metadata '/Game/gamemode.PackageMetaData'
[2025.04.02-16.50.44:541][528]LogMetaData: Removing '/Game/blueprints/gamemode.SKEL_gamemode_C:ReceiveBeginPlay' ref from Metadata '/Game/gamemode.PackageMetaData'
[2025.04.02-16.50.44:541][528]LogMetaData: Removing '/Game/blueprints/gamemode.SKEL_gamemode_C:ReceiveTick' ref from Metadata '/Game/gamemode.PackageMetaData'
[2025.04.02-16.50.44:541][528]LogMetaData: Removing '/Game/blueprints/gamemode.SKEL_gamemode_C:UserConstructionScript' ref from Metadata '/Game/gamemode.PackageMetaData'
[2025.04.02-16.50.44:558][528]Cmd: OBJ SAVEPACKAGE PACKAGE="/Game/blueprints/gamemode" FILE="C:/Users/student/Documents/Unreal Projects/MyProject2/Content/blueprints/gamemode.uasset" SILENT=true
[2025.04.02-16.50.44:560][528]LogSavePackage: Moving 'C:/Users/student/Documents/Unreal Projects/MyProject2/Saved/gamemode50DAAE964AA4C4A1AF45198324760B55.tmp' to 'C:/Users/student/Documents/Unreal Projects/MyProject2/Content/blueprints/gamemode.uasset'
[2025.04.02-16.50.44:562][528]Cmd: OBJ SAVEPACKAGE PACKAGE="/Game/gamemode" FILE="C:/Users/student/Documents/Unreal Projects/MyProject2/Content/gamemode.uasset" SILENT=true
[2025.04.02-16.50.44:563][528]LogSavePackage: Moving 'C:/Users/student/Documents/Unreal Projects/MyProject2/Saved/gamemodeEC77AE8544E75E93F72C06AFC0A7A9C2.tmp' to 'C:/Users/student/Documents/Unreal Projects/MyProject2/Content/gamemode.uasset'
[2025.04.02-16.50.44:600][528]AssetCheck: New page: Asset Save: multiple assets
[2025.04.02-16.50.44:600][528]LogContentValidation: Display: Validating Blueprint /Game/blueprints/gamemode.gamemode
[2025.04.02-16.50.44:600][528]LogContentValidation: Display: Validating ObjectRedirector /Game/gamemode.gamemode
[2025.04.02-16.50.44:600][528]LogContentValidation: Display: Validating ObjectRedirector /Game/gamemode.Default__gamemode_C
[2025.04.02-16.50.44:600][528]LogContentValidation: Display: Validating ObjectRedirector /Game/gamemode.gamemode_C
[2025.04.02-16.50.47:461][866]LogMetaData: Removing '/Game/blueprints/solldier.solldier:UserConstructionScript.K2Node_FunctionEntry_0' ref from Metadata '/Game/solldier.PackageMetaData'
[2025.04.02-16.50.47:461][866]LogMetaData: Removing '/Game/blueprints/solldier.SKEL_solldier_C' ref from Metadata '/Game/solldier.PackageMetaData'
[2025.04.02-16.50.47:461][866]LogMetaData: Removing '/Game/blueprints/solldier.solldier_C' ref from Metadata '/Game/solldier.PackageMetaData'
[2025.04.02-16.50.47:461][866]LogMetaData: Removing '/Game/blueprints/solldier.solldier:EventGraph.K2Node_Event_0' ref from Metadata '/Game/solldier.PackageMetaData'
[2025.04.02-16.50.47:461][866]LogMetaData: Removing '/Game/blueprints/solldier.solldier:EventGraph.K2Node_Event_1' ref from Metadata '/Game/solldier.PackageMetaData'
[2025.04.02-16.50.47:461][866]LogMetaData: Removing '/Game/blueprints/solldier.solldier:EventGraph.K2Node_Event_2' ref from Metadata '/Game/solldier.PackageMetaData'
[2025.04.02-16.50.47:461][866]LogMetaData: Removing '/Game/blueprints/solldier.SKEL_solldier_C:ReceiveBeginPlay' ref from Metadata '/Game/solldier.PackageMetaData'
[2025.04.02-16.50.47:461][866]LogMetaData: Removing '/Game/blueprints/solldier.SKEL_solldier_C:ReceiveActorBeginOverlap' ref from Metadata '/Game/solldier.PackageMetaData'
[2025.04.02-16.50.47:461][866]LogMetaData: Removing '/Game/blueprints/solldier.SKEL_solldier_C:ReceiveTick' ref from Metadata '/Game/solldier.PackageMetaData'
[2025.04.02-16.50.47:461][866]LogMetaData: Removing '/Game/blueprints/solldier.SKEL_solldier_C:UserConstructionScript' ref from Metadata '/Game/solldier.PackageMetaData'
[2025.04.02-16.50.47:487][866]Cmd: OBJ SAVEPACKAGE PACKAGE="/Game/blueprints/solldier" FILE="C:/Users/student/Documents/Unreal Projects/MyProject2/Content/blueprints/solldier.uasset" SILENT=true
[2025.04.02-16.50.47:497][866]LogSavePackage: Moving 'C:/Users/student/Documents/Unreal Projects/MyProject2/Saved/solldier6D923D7045476647EEC9F6A744E69BD1.tmp' to 'C:/Users/student/Documents/Unreal Projects/MyProject2/Content/blueprints/solldier.uasset'
[2025.04.02-16.50.47:499][866]Cmd: OBJ SAVEPACKAGE PACKAGE="/Game/solldier" FILE="C:/Users/student/Documents/Unreal Projects/MyProject2/Content/solldier.uasset" SILENT=true
[2025.04.02-16.50.47:500][866]LogSavePackage: Moving 'C:/Users/student/Documents/Unreal Projects/MyProject2/Saved/solldier745E5679480AFEBAB25ECD8CC7233E0A.tmp' to 'C:/Users/student/Documents/Unreal Projects/MyProject2/Content/solldier.uasset'
[2025.04.02-16.50.47:539][866]AssetCheck: New page: Asset Save: multiple assets
[2025.04.02-16.50.47:539][866]LogContentValidation: Display: Validating Blueprint /Game/blueprints/solldier.solldier
[2025.04.02-16.50.47:539][866]LogContentValidation: Display: Validating ObjectRedirector /Game/solldier.solldier
[2025.04.02-16.50.47:539][866]LogContentValidation: Display: Validating ObjectRedirector /Game/solldier.Default__solldier_C
[2025.04.02-16.50.47:539][866]LogContentValidation: Display: Validating ObjectRedirector /Game/solldier.solldier_C
[2025.04.02-16.50.50:188][178]LogMetaData: Removing '/Game/blueprints/spider1.spider1:UserConstructionScript.K2Node_FunctionEntry_0' ref from Metadata '/Game/spider1.PackageMetaData'
[2025.04.02-16.50.50:188][178]LogMetaData: Removing '/Game/blueprints/spider1.SKEL_spider1_C' ref from Metadata '/Game/spider1.PackageMetaData'
[2025.04.02-16.50.50:188][178]LogMetaData: Removing '/Game/blueprints/spider1.spider1_C' ref from Metadata '/Game/spider1.PackageMetaData'
[2025.04.02-16.50.50:188][178]LogMetaData: Removing '/Game/blueprints/spider1.spider1:EventGraph.K2Node_Event_0' ref from Metadata '/Game/spider1.PackageMetaData'
[2025.04.02-16.50.50:188][178]LogMetaData: Removing '/Game/blueprints/spider1.spider1:EventGraph.K2Node_Event_1' ref from Metadata '/Game/spider1.PackageMetaData'
[2025.04.02-16.50.50:188][178]LogMetaData: Removing '/Game/blueprints/spider1.spider1_C:OnFail_40DEA86640DD9527B2F5FA9569A138D2' ref from Metadata '/Game/spider1.PackageMetaData'
[2025.04.02-16.50.50:188][178]LogMetaData: Removing '/Game/blueprints/spider1.spider1_C:OnSuccess_40DEA86640DD9527B2F5FA9569A138D2' ref from Metadata '/Game/spider1.PackageMetaData'
[2025.04.02-16.50.50:188][178]LogMetaData: Removing '/Game/blueprints/spider1.spider1_C:ReceiveTick' ref from Metadata '/Game/spider1.PackageMetaData'
[2025.04.02-16.50.50:188][178]LogMetaData: Removing '/Game/blueprints/spider1.SKEL_spider1_C:UserConstructionScript' ref from Metadata '/Game/spider1.PackageMetaData'
[2025.04.02-16.50.50:188][178]LogMetaData: Removing '/Game/blueprints/spider1.SKEL_spider1_C:ReceiveTick' ref from Metadata '/Game/spider1.PackageMetaData'
[2025.04.02-16.50.50:188][178]LogMetaData: Removing '/Game/blueprints/spider1.SKEL_spider1_C:ReceiveActorBeginOverlap' ref from Metadata '/Game/spider1.PackageMetaData'
[2025.04.02-16.50.50:188][178]LogMetaData: Removing '/Game/blueprints/spider1.SKEL_spider1_C:ReceiveBeginPlay' ref from Metadata '/Game/spider1.PackageMetaData'
[2025.04.02-16.50.50:214][178]Cmd: OBJ SAVEPACKAGE PACKAGE="/Game/blueprints/spider1" FILE="C:/Users/student/Documents/Unreal Projects/MyProject2/Content/blueprints/spider1.uasset" SILENT=true
[2025.04.02-16.50.50:224][178]LogSavePackage: Moving 'C:/Users/student/Documents/Unreal Projects/MyProject2/Saved/spider1AD2FEBDD4729D9BEBFD0CCB2A9B3BDEE.tmp' to 'C:/Users/student/Documents/Unreal Projects/MyProject2/Content/blueprints/spider1.uasset'
[2025.04.02-16.50.50:227][178]Cmd: OBJ SAVEPACKAGE PACKAGE="/Game/spider1" FILE="C:/Users/student/Documents/Unreal Projects/MyProject2/Content/spider1.uasset" SILENT=true
[2025.04.02-16.50.50:227][178]LogSavePackage: Moving 'C:/Users/student/Documents/Unreal Projects/MyProject2/Saved/spider19B660BF04AA87645808FB082C0A0D4E8.tmp' to 'C:/Users/student/Documents/Unreal Projects/MyProject2/Content/spider1.uasset'
[2025.04.02-16.50.50:265][178]AssetCheck: New page: Asset Save: multiple assets
[2025.04.02-16.50.50:265][178]LogContentValidation: Display: Validating ObjectRedirector /Game/spider1.spider1
[2025.04.02-16.50.50:265][178]LogContentValidation: Display: Validating ObjectRedirector /Game/spider1.Default__spider1_C
[2025.04.02-16.50.50:265][178]LogContentValidation: Display: Validating ObjectRedirector /Game/spider1.spider1_C
[2025.04.02-16.50.50:265][178]LogContentValidation: Display: Validating Blueprint /Game/blueprints/spider1.spider1
[2025.04.02-16.50.53:069][514]LogEditorViewport: Clicking on Actor (LMB): StaticMeshActor (Cube)
[2025.04.02-16.50.58:347][143]LogEditorViewport: Clicking on Actor (LMB): StaticMeshActor (Floor)
[2025.04.02-16.51.00:085][349]LogTemp: Repeating last play command: Selected Viewport
[2025.04.02-16.51.00:088][349]LogPlayLevel: PlayLevel: No blueprints needed recompiling
[2025.04.02-16.51.00:088][349]PIE: New page: PIE session: shooter (2 kwi 2025, 20:51:00)
[2025.04.02-16.51.00:088][349]LogPlayLevel: Creating play world package: /Game/UEDPIE_0_shooter
[2025.04.02-16.51.00:091][349]LogPlayLevel: PIE: StaticDuplicateObject took: (0.002178s)
[2025.04.02-16.51.00:091][349]LogAIModule: Creating AISystem for world shooter
[2025.04.02-16.51.00:091][349]LogPlayLevel: PIE: World Init took: (0.000881s)
[2025.04.02-16.51.00:091][349]LogPlayLevel: PIE: Created PIE world by copying editor world from /Game/shooter.shooter to /Game/UEDPIE_0_shooter.shooter (0.003148s)
[2025.04.02-16.51.00:112][349]LogUObjectHash: Compacting FUObjectHashTables data took   2.74ms
[2025.04.02-16.51.00:112][349]LogAudio: Display: Creating Audio Device:                 Id: 5, Scope: Unique, Realtime: True
[2025.04.02-16.51.00:112][349]LogAudioMixer: Display: Audio Mixer Platform Settings:
[2025.04.02-16.51.00:112][349]LogAudioMixer: Display: 	Sample Rate:						  48000
[2025.04.02-16.51.00:112][349]LogAudioMixer: Display: 	Callback Buffer Frame Size Requested: 1024
[2025.04.02-16.51.00:112][349]LogAudioMixer: Display: 	Callback Buffer Frame Size To Use:	  1024
[2025.04.02-16.51.00:112][349]LogAudioMixer: Display: 	Number of buffers to queue:			  2
[2025.04.02-16.51.00:112][349]LogAudioMixer: Display: 	Max Channels (voices):				  32
[2025.04.02-16.51.00:112][349]LogAudioMixer: Display: 	Number of Async Source Workers:		  0
[2025.04.02-16.51.00:112][349]LogAudio: Display: AudioDevice MaxSources: 32
[2025.04.02-16.51.00:114][349]LogAudio: Display: Audio Spatialization Plugin: None (built-in).
[2025.04.02-16.51.00:114][349]LogAudio: Display: Audio Reverb Plugin: None (built-in).
[2025.04.02-16.51.00:114][349]LogAudio: Display: Audio Occlusion Plugin: None (built-in).
[2025.04.02-16.51.00:114][349]LogAudioMixer: Display: Initializing audio mixer.
[2025.04.02-16.51.00:117][349]LogAudioMixer: Display: 0: FrontLeft
[2025.04.02-16.51.00:117][349]LogAudioMixer: Display: 1: FrontRight
[2025.04.02-16.51.00:126][349]LogAudioMixer: Display: Using Audio Device LG ULTRAGEAR (NVIDIA High Definition Audio)
[2025.04.02-16.51.00:126][349]LogAudioMixer: Display: Initializing Sound Submixes...
[2025.04.02-16.51.00:126][349]LogAudioMixer: Display: Creating Master Submix 'MasterSubmixDefault'
[2025.04.02-16.51.00:126][349]LogAudioMixer: Display: Creating Master Submix 'MasterReverbSubmixDefault'
[2025.04.02-16.51.00:127][349]LogAudioMixer: Display: Creating Master Submix 'MasterEQSubmixDefault'
[2025.04.02-16.51.00:127][349]LogAudioMixer: FMixerPlatformXAudio2::StartAudioStream() called
[2025.04.02-16.51.00:127][349]LogAudioMixer: Display: Output buffers initialized: Frames=1024, Channels=2, Samples=2048
[2025.04.02-16.51.00:127][349]LogAudioMixer: Display: Starting AudioMixerPlatformInterface::RunInternal()
[2025.04.02-16.51.00:127][349]LogAudioMixer: Display: FMixerPlatformXAudio2::SubmitBuffer() called for the first time
[2025.04.02-16.51.00:127][349]LogInit: FAudioDevice initialized.
[2025.04.02-16.51.00:127][349]LogAudio: Display: Audio Device (ID: 5) registered with world 'shooter'.
[2025.04.02-16.51.00:136][349]LogLoad: Game class is 'gamemode_C'
[2025.04.02-16.51.00:137][349]LogWorld: Bringing World /Game/UEDPIE_0_shooter.shooter up for play (max tick rate 0) at 2025.04.02-18.51.00
[2025.04.02-16.51.00:138][349]LogWorld: Bringing up level for play took: 0.000962
[2025.04.02-16.51.00:138][349]LogOnline: OSS: Creating online subsystem instance for: :Context_18
[2025.04.02-16.51.00:140][349]PIE: Server logged in
[2025.04.02-16.51.00:140][349]PIE: Play in editor total start time 0,052 seconds.
[2025.04.02-16.51.01:456][502]LogSlate: Updating window title bar state: overlay mode, drag disabled, window buttons hidden, title bar hidden
[2025.04.02-16.51.01:456][502]LogWorld: BeginTearingDown for /Game/UEDPIE_0_shooter
[2025.04.02-16.51.01:456][502]LogWorld: UWorld::CleanupWorld for shooter, bSessionEnded=true, bCleanupResources=true
[2025.04.02-16.51.01:456][502]LogSlate: InvalidateAllWidgets triggered.  All widgets were invalidated
[2025.04.02-16.51.01:461][502]LogPlayLevel: Display: Shutting down PIE online subsystems
[2025.04.02-16.51.01:476][502]LogSlate: InvalidateAllWidgets triggered.  All widgets were invalidated
[2025.04.02-16.51.01:492][502]LogAudio: Display: Audio Device unregistered from world 'None'.
[2025.04.02-16.51.01:492][502]LogAudioMixer: FMixerPlatformXAudio2::StopAudioStream() called
[2025.04.02-16.51.01:493][502]LogAudioMixer: FMixerPlatformXAudio2::StopAudioStream() called
[2025.04.02-16.51.01:494][502]LogSlate: Updating window title bar state: overlay mode, drag disabled, window buttons hidden, title bar hidden
[2025.04.02-16.51.01:497][502]LogUObjectHash: Compacting FUObjectHashTables data took   1.94ms
[2025.04.02-16.51.01:540][504]LogPlayLevel: Display: Destroying online subsystem :Context_18
[2025.04.02-16.51.05:381][963]Cmd: TRANSACTION UNDO
[2025.04.02-16.51.05:381][963]LogEditorTransaction: Undo Move Actors
[2025.04.02-16.51.06:601][ 80]LogEditorViewport: Clicking on Actor (LMB): BP_Sky_Sphere_C (Sky Sphere)
[2025.04.02-16.52.35:366][705]LogEditorViewport: Clicking on Actor (LMB): StaticMeshActor (Floor)
[2025.04.02-16.54.28:607][933]LogAnimationCompression: Building Anim DDC data for AnimSequence /Game/Characters/Enemy_Great_Spider/Animations/ExoGame_Greater_Spider_Idle.ExoGame_Greater_Spider_Idle
[2025.04.02-16.56.01:938][739]LogEditorClassViewer: Warning: Class /Engine/Tutorial/InWorldBlueprintEditing/TutorialAssets/IWBE_Blutility.IWBE_Blutility_C has parent /Script/Blutility.PlacedEditorUtilityBase, but this parent is not found. The Class will not be shown in ClassViewer.
[2025.04.02-16.56.01:940][739]LogSlate: Warning: Slate: Had to block on waiting for a draw buffer
[2025.04.02-16.56.01:957][739]LogContentBrowser: Verbose: The majority of assets in the view are of type: Skeleton
[2025.04.02-16.56.14:567][739]LogSlate: Window 'Create Animation Blueprint' being destroyed
[2025.04.02-16.56.14:574][739]LogContentBrowser: Deferred new asset file creation: NewAnimBlueprint
[2025.04.02-16.56.14:582][739]LogContentBrowser: Creating deferred item: NewAnimBlueprint
[2025.04.02-16.56.20:219][398]LogContentBrowser: Attempting asset rename: NewAnimBlueprint -> spideranim
[2025.04.02-16.56.20:223][398]LogContentBrowser: End creating deferred item NewAnimBlueprint
[2025.04.02-16.56.23:607][801]LogAssetEditorSubsystem: Opening Asset editor for AnimBlueprint /Game/spideranim.spideranim
[2025.04.02-16.56.23:695][801]LogNativeClassHierarchy: Verbose: Native class hierarchy updated for 'SkeletonEditor' in 0.0002 seconds. Added 1 classes and 2 folders.
[2025.04.02-16.56.23:706][801]LogTexture: Default maximum texture size for cubemaps generated from long-lat sources has been changed from 512 to unlimited. In order to preserve old behaiour for '/Engine/EditorMaterials/AssetViewer/EpicQuadPanorama_CC+EV1.EpicQuadPanorama_CC+EV1', its maximum texture size has been explicitly set to 512.
[2025.04.02-16.56.23:828][801]LogTexture: Default maximum texture size for cubemaps generated from long-lat sources has been changed from 512 to unlimited. In order to preserve old behaiour for '/Engine/MapTemplates/Sky/SunsetAmbientCubemap.SunsetAmbientCubemap', its maximum texture size has been explicitly set to 512.
[2025.04.02-16.56.23:933][801]LogActorComponent: RegisterComponentWithWorld: (/Engine/Transient.World_17:PersistentLevel.AnimationEditorPreviewActor_0.DebugSkelMeshComponent_0) Already registered. Aborting.
[2025.04.02-16.56.23:935][801]LogNativeClassHierarchy: Verbose: Native class hierarchy updated for 'PinnedCommandList' in 0.0002 seconds. Added 1 classes and 0 folders.
[2025.04.02-16.56.24:783][801]LogSlate: Took 0.010279 seconds to synchronously load lazily loaded font '../../../Engine/Content/Slate/Fonts/DroidSansMono.ttf' (77K)
[2025.04.02-16.56.24:786][801]LogContentBrowser: Verbose: The majority of assets in the view are of type: AnimSequence
[2025.04.02-16.57.17:999][ 35]LogSlate: Prevented a slow task dialog from being summoned while a context menu was open
[2025.04.02-16.57.18:014][ 35]LogEditorClassViewer: Warning: Class /Engine/Tutorial/InWorldBlueprintEditing/TutorialAssets/IWBE_Blutility.IWBE_Blutility_C has parent /Script/Blutility.PlacedEditorUtilityBase, but this parent is not found. The Class will not be shown in ClassViewer.
[2025.04.02-16.58.00:425][999]Cmd: OBJ SAVEPACKAGE PACKAGE="/Game/spideranim" FILE="C:/Users/student/Documents/Unreal Projects/MyProject2/Content/spideranim.uasset" SILENT=true
[2025.04.02-16.58.00:431][999]LogSavePackage: Moving 'C:/Users/student/Documents/Unreal Projects/MyProject2/Saved/spideranim1DDDC2F3463F5B153F9F36ADC80947B8.tmp' to 'C:/Users/student/Documents/Unreal Projects/MyProject2/Content/spideranim.uasset'
[2025.04.02-16.58.00:446][999]AssetCheck: New page: Asset Save: spideranim
[2025.04.02-16.58.00:446][999]LogContentValidation: Display: Validating AnimBlueprint /Game/spideranim.spideranim
[2025.04.02-16.58.01:532][129]BlueprintLog: New page: Compile spideranim
[2025.04.02-16.58.01:590][129]LogUObjectHash: Compacting FUObjectHashTables data took   4.34ms
[2025.04.02-16.58.09:139][ 27]LogAnimationCompression: Building Anim DDC data for AnimSequence /Game/Characters/Enemy_Great_Spider/Animations/ExoGame_Greater_Spider_Walk_Fwd.ExoGame_Greater_Spider_Walk_Fwd
[2025.04.02-16.58.15:900][820]Cmd: OBJ SAVEPACKAGE PACKAGE="/Game/spideranim" FILE="C:/Users/student/Documents/Unreal Projects/MyProject2/Content/spideranim.uasset" SILENT=true
[2025.04.02-16.58.15:908][820]LogSavePackage: Moving 'C:/Users/student/Documents/Unreal Projects/MyProject2/Saved/spideranimEFC38B734C411A777C4BEAB72C1CA2F8.tmp' to 'C:/Users/student/Documents/Unreal Projects/MyProject2/Content/spideranim.uasset'
[2025.04.02-16.58.15:921][820]AssetCheck: New page: Asset Save: spideranim
[2025.04.02-16.58.15:921][820]LogContentValidation: Display: Validating AnimBlueprint /Game/spideranim.spideranim
[2025.04.02-16.58.16:647][907]BlueprintLog: New page: Compile spideranim
[2025.04.02-16.58.16:686][907]LogUObjectHash: Compacting FUObjectHashTables data took   3.84ms
[2025.04.02-17.00.56:273][280]BlueprintLog: New page: Compile spideranim
[2025.04.02-17.00.56:276][280]LogBlueprint: Warning: [AssetLog] C:\Users\student\Documents\Unreal Projects\MyProject2\Content\spideranim.uasset: [Compiler] ExoGame_Greater_Spider_Idle to ExoGame_Greater_Spider_Walk_Fwd  will never be taken, please connect something to  Can Enter Transition
[2025.04.02-17.00.56:276][280]LogBlueprint: Warning: [AssetLog] C:\Users\student\Documents\Unreal Projects\MyProject2\Content\spideranim.uasset: [Compiler] ExoGame_Greater_Spider_Walk_Fwd to ExoGame_Greater_Spider_Idle  will never be taken, please connect something to  Can Enter Transition
[2025.04.02-17.00.56:315][280]LogUObjectHash: Compacting FUObjectHashTables data took   3.73ms
[2025.04.02-17.01.05:898][417]BlueprintLog: New page: Compile spider1
[2025.04.02-17.01.05:954][417]LogUObjectHash: Compacting FUObjectHashTables data took   3.53ms
[2025.04.02-17.02.24:235][628]BlueprintLog: New page: Compile spideranim
[2025.04.02-17.02.24:237][628]LogBlueprint: Warning: [AssetLog] C:\Users\student\Documents\Unreal Projects\MyProject2\Content\spideranim.uasset: [Compiler] ExoGame_Greater_Spider_Idle to ExoGame_Greater_Spider_Walk_Fwd  will never be taken, please connect something to  Can Enter Transition
[2025.04.02-17.02.24:237][628]LogBlueprint: Warning: [AssetLog] C:\Users\student\Documents\Unreal Projects\MyProject2\Content\spideranim.uasset: [Compiler] ExoGame_Greater_Spider_Walk_Fwd to ExoGame_Greater_Spider_Idle  will never be taken, please connect something to  Can Enter Transition
[2025.04.02-17.02.24:274][628]LogUObjectHash: Compacting FUObjectHashTables data took   3.69ms
[2025.04.02-17.02.33:743][713]Cmd: OBJ SAVEPACKAGE PACKAGE="/Game/spideranim" FILE="C:/Users/student/Documents/Unreal Projects/MyProject2/Content/spideranim.uasset" SILENT=true
[2025.04.02-17.02.33:754][713]LogSavePackage: Moving 'C:/Users/student/Documents/Unreal Projects/MyProject2/Saved/spideranim38207726477BE79EB31AFE977D630564.tmp' to 'C:/Users/student/Documents/Unreal Projects/MyProject2/Content/spideranim.uasset'
[2025.04.02-17.02.33:770][713]AssetCheck: New page: Asset Save: spideranim
[2025.04.02-17.02.33:770][713]LogContentValidation: Display: Validating AnimBlueprint /Game/spideranim.spideranim
[2025.04.02-17.02.34:304][777]BlueprintLog: New page: Compile spideranim
[2025.04.02-17.02.34:307][777]LogBlueprint: Warning: [AssetLog] C:\Users\student\Documents\Unreal Projects\MyProject2\Content\spideranim.uasset: [Compiler] ExoGame_Greater_Spider_Idle to ExoGame_Greater_Spider_Walk_Fwd  will never be taken, please connect something to  Can Enter Transition
[2025.04.02-17.02.34:307][777]LogBlueprint: Warning: [AssetLog] C:\Users\student\Documents\Unreal Projects\MyProject2\Content\spideranim.uasset: [Compiler] ExoGame_Greater_Spider_Walk_Fwd to ExoGame_Greater_Spider_Idle  will never be taken, please connect something to  Can Enter Transition
[2025.04.02-17.02.34:344][777]LogUObjectHash: Compacting FUObjectHashTables data took   3.45ms
[2025.04.02-17.02.35:814][946]BlueprintLog: New page: Compile gamemode
[2025.04.02-17.02.35:851][946]LogUObjectHash: Compacting FUObjectHashTables data took   3.45ms
[2025.04.02-17.02.39:189][341]BlueprintLog: New page: Compile spider1
[2025.04.02-17.02.39:237][341]LogUObjectHash: Compacting FUObjectHashTables data took   3.53ms
[2025.04.02-17.02.41:780][636]Cmd: OBJ SAVEPACKAGE PACKAGE="/Game/blueprints/spider1" FILE="C:/Users/student/Documents/Unreal Projects/MyProject2/Content/blueprints/spider1.uasset" SILENT=true
[2025.04.02-17.02.41:787][636]LogSavePackage: Moving 'C:/Users/student/Documents/Unreal Projects/MyProject2/Saved/spider14637296F4EC80FD4C88F858CA29A002A.tmp' to 'C:/Users/student/Documents/Unreal Projects/MyProject2/Content/blueprints/spider1.uasset'
[2025.04.02-17.02.41:800][636]AssetCheck: New page: Asset Save: spider1
[2025.04.02-17.02.41:800][636]LogContentValidation: Display: Validating Blueprint /Game/blueprints/spider1.spider1
[2025.04.02-17.02.43:187][801]Cmd: OBJ SAVEPACKAGE PACKAGE="/Game/shooter" FILE="C:/Users/student/Documents/Unreal Projects/MyProject2/Content/shooter.umap" SILENT=true AUTOSAVING=false KEEPDIRTY=false
[2025.04.02-17.02.43:213][801]LogUObjectHash: Compacting FUObjectHashTables data took   3.24ms
[2025.04.02-17.02.43:221][801]LogSavePackage: Moving 'C:/Users/student/Documents/Unreal Projects/MyProject2/Saved/shooter8D0012144BE7B3D3EB11318A94B5E34E.tmp' to 'C:/Users/student/Documents/Unreal Projects/MyProject2/Content/shooter.umap'
[2025.04.02-17.02.43:225][801]Cmd: OBJ SAVEPACKAGE PACKAGE="/Game/shooter_BuiltData" FILE="C:/Users/student/Documents/Unreal Projects/MyProject2/Content/shooter_BuiltData.uasset" SILENT=true
[2025.04.02-17.02.43:236][801]LogSavePackage: Moving 'C:/Users/student/Documents/Unreal Projects/MyProject2/Saved/shooter_BuiltData5BD84555412D127A4DB51FBA5FECFB7C.tmp' to 'C:/Users/student/Documents/Unreal Projects/MyProject2/Content/shooter_BuiltData.uasset'
[2025.04.02-17.02.43:250][801]AssetCheck: New page: Asset Save: multiple assets
[2025.04.02-17.02.43:250][801]LogContentValidation: Display: Validating World /Game/shooter.shooter
[2025.04.02-17.02.43:250][801]LogContentValidation: Display: Validating MapBuildDataRegistry /Game/shooter_BuiltData.shooter_BuiltData
[2025.04.02-17.03.52:719][187]Cmd: OBJ SAVEPACKAGE PACKAGE="/Game/blueprints/gamemode" FILE="C:/Users/student/Documents/Unreal Projects/MyProject2/Content/blueprints/gamemode.uasset" SILENT=true
[2025.04.02-17.03.52:723][187]LogSavePackage: Moving 'C:/Users/student/Documents/Unreal Projects/MyProject2/Saved/gamemode1763CB344DF7FA9D6D461291AD30A63E.tmp' to 'C:/Users/student/Documents/Unreal Projects/MyProject2/Content/blueprints/gamemode.uasset'
[2025.04.02-17.03.52:735][187]AssetCheck: New page: Asset Save: gamemode
[2025.04.02-17.03.52:736][187]LogContentValidation: Display: Validating Blueprint /Game/blueprints/gamemode.gamemode
[2025.04.02-17.04.20:535][406]LogRenderer: Reallocating scene render targets to support 1988x1232 Format 10 NumSamples 1 (Frame:194968).
[2025.04.02-17.04.41:479][106]LogUObjectHash: Compacting FUObjectHashTables data took   2.24ms
[2025.04.02-17.04.41:496][106]LogWorld: UWorld::CleanupWorld for World_13, bSessionEnded=true, bCleanupResources=true
[2025.04.02-17.04.41:496][106]LogSlate: InvalidateAllWidgets triggered.  All widgets were invalidated
[2025.04.02-17.04.41:543][106]LogActorComponent: UnregisterComponent: (/Engine/Transient.EditorFloorComp) Not registered. Aborting.
[2025.04.02-17.04.41:543][106]LogWorld: UWorld::CleanupWorld for World_12, bSessionEnded=true, bCleanupResources=true
[2025.04.02-17.04.41:543][106]LogSlate: InvalidateAllWidgets triggered.  All widgets were invalidated
[2025.04.02-17.04.41:622][106]LogWorld: UWorld::CleanupWorld for World_18, bSessionEnded=true, bCleanupResources=true
[2025.04.02-17.04.41:622][106]LogSlate: InvalidateAllWidgets triggered.  All widgets were invalidated
[2025.04.02-17.04.41:636][106]LogWorld: UWorld::CleanupWorld for World_17, bSessionEnded=true, bCleanupResources=true
[2025.04.02-17.04.41:636][106]LogSlate: InvalidateAllWidgets triggered.  All widgets were invalidated
[2025.04.02-17.04.41:645][106]LogWorld: UWorld::CleanupWorld for World_16, bSessionEnded=true, bCleanupResources=true
[2025.04.02-17.04.41:645][106]LogSlate: InvalidateAllWidgets triggered.  All widgets were invalidated
[2025.04.02-17.04.41:700][106]LogSlate: Window 'MyProject2 - Unreal Editor' being destroyed
[2025.04.02-17.04.41:700][106]LogWindowsTextInputMethodSystem: Display: IME system deactivated.
[2025.04.02-17.04.41:793][107]Cmd: QUIT_EDITOR
[2025.04.02-17.04.41:793][107]LogCore: Engine exit requested (reason: UUnrealEdEngine::CloseEditor())
[2025.04.02-17.04.41:795][107]LogCore: Engine exit requested (reason: EngineExit() was called; note: exit was already requested)
[2025.04.02-17.04.42:418][107]LogAudio: Display: Beginning Audio Device Manager Shutdown (Module: AudioMixerXAudio2)...
[2025.04.02-17.04.42:418][107]LogAudio: Display: Destroying 1 Remaining Audio Device(s)...
[2025.04.02-17.04.42:418][107]LogAudio: Display: Audio Device unregistered from world 'shooter'.
[2025.04.02-17.04.42:418][107]LogAudioMixer: FMixerPlatformXAudio2::StopAudioStream() called
[2025.04.02-17.04.42:418][107]LogAudioMixer: FMixerPlatformXAudio2::StopAudioStream() called
[2025.04.02-17.04.42:419][107]LogAudio: Display: Audio Device Manager Shutdown
[2025.04.02-17.04.42:424][107]LogExit: Preparing to exit.
[2025.04.02-17.04.43:027][107]LogUObjectHash: Compacting FUObjectHashTables data took   3.29ms
[2025.04.02-17.04.43:166][107]LogWorld: UWorld::CleanupWorld for World_7, bSessionEnded=true, bCleanupResources=true
[2025.04.02-17.04.43:169][107]LogWorld: UWorld::CleanupWorld for World_10, bSessionEnded=true, bCleanupResources=true
[2025.04.02-17.04.43:172][107]LogWorld: UWorld::CleanupWorld for World_6, bSessionEnded=true, bCleanupResources=true
[2025.04.02-17.04.43:175][107]LogWorld: UWorld::CleanupWorld for World_9, bSessionEnded=true, bCleanupResources=true
[2025.04.02-17.04.43:177][107]LogWorld: UWorld::CleanupWorld for World_1, bSessionEnded=true, bCleanupResources=true
[2025.04.02-17.04.43:179][107]LogWorld: UWorld::CleanupWorld for World_0, bSessionEnded=true, bCleanupResources=true
[2025.04.02-17.04.43:181][107]LogWorld: UWorld::CleanupWorld for World_3, bSessionEnded=true, bCleanupResources=true
[2025.04.02-17.04.43:183][107]LogWorld: UWorld::CleanupWorld for World_14, bSessionEnded=true, bCleanupResources=true
[2025.04.02-17.04.43:186][107]LogWorld: UWorld::CleanupWorld for World_15, bSessionEnded=true, bCleanupResources=true
[2025.04.02-17.04.43:188][107]LogWorld: UWorld::CleanupWorld for World_2, bSessionEnded=true, bCleanupResources=true
[2025.04.02-17.04.43:234][107]LogDemo: Cleaned up 0 splitscreen connections with owner deletion
[2025.04.02-17.04.43:239][107]LogWorld: UWorld::CleanupWorld for None, bSessionEnded=true, bCleanupResources=true
[2025.04.02-17.04.43:239][107]LogExit: Editor shut down
[2025.04.02-17.04.43:241][107]LogExit: Transaction tracking system shut down
[2025.04.02-17.04.43:517][107]LogExit: Object subsystem successfully closed.
[2025.04.02-17.04.43:536][107]LogShaderCompilers: Display: === FShaderJobCache stats ===
[2025.04.02-17.04.43:536][107]LogShaderCompilers: Display: Total job queries 116, among them cache hits 0 (0.00%)
[2025.04.02-17.04.43:536][107]LogShaderCompilers: Display: Tracking 116 distinct input hashes that result in 87 distinct outputs (75.00%)
[2025.04.02-17.04.43:536][107]LogShaderCompilers: Display: RAM used: 0.50 MB (0.00 GB) of 1638.40 MB (1.60 GB) budget. Usage: 0.03%
[2025.04.02-17.04.43:536][107]LogShaderCompilers: Display: ================================================
[2025.04.02-17.04.43:543][107]LogShaderCompilers: Display: Shaders left to compile 0
[2025.04.02-17.04.43:553][107]LogModuleManager: Shutting down and abandoning module PinnedCommandList (884)
[2025.04.02-17.04.43:553][107]LogModuleManager: Shutting down and abandoning module SkeletonEditor (882)
[2025.04.02-17.04.43:554][107]LogModuleManager: Shutting down and abandoning module MovieSceneCapture (880)
[2025.04.02-17.04.43:554][107]LogModuleManager: Shutting down and abandoning module Voice (878)
[2025.04.02-17.04.43:554][107]LogModuleManager: Shutting down and abandoning module BlueprintGraph (876)
[2025.04.02-17.04.43:554][107]LogModuleManager: Shutting down and abandoning module HierarchicalLODUtilities (874)
[2025.04.02-17.04.43:554][107]LogModuleManager: Shutting down and abandoning module NewLevelDialog (872)
[2025.04.02-17.04.43:554][107]LogModuleManager: Shutting down and abandoning module HierarchicalLODOutliner (870)
[2025.04.02-17.04.43:554][107]LogModuleManager: Shutting down and abandoning module SceneOutliner (868)
[2025.04.02-17.04.43:554][107]LogModuleManager: Shutting down and abandoning module AddContentDialog (866)
[2025.04.02-17.04.43:554][107]LogModuleManager: Shutting down and abandoning module WidgetCarousel (865)
[2025.04.02-17.04.43:554][107]LogModuleManager: Shutting down and abandoning module EditorWidgets (862)
[2025.04.02-17.04.43:554][107]LogModuleManager: Shutting down and abandoning module StatsViewer (860)
[2025.04.02-17.04.43:554][107]LogModuleManager: Shutting down and abandoning module PIEPreviewDeviceProfileSelector (858)
[2025.04.02-17.04.43:554][107]LogModuleManager: Shutting down and abandoning module SequenceRecorderSections (856)
[2025.04.02-17.04.43:554][107]LogModuleManager: Shutting down and abandoning module AutomationWorker (854)
[2025.04.02-17.04.43:554][107]LogModuleManager: Shutting down and abandoning module SteamVREditor (852)
[2025.04.02-17.04.43:554][107]LogModuleManager: Shutting down and abandoning module OculusMR (850)
[2025.04.02-17.04.43:554][107]LogModuleManager: Shutting down and abandoning module TakeRecorderSources (848)
[2025.04.02-17.04.43:554][107]LogModuleManager: Shutting down and abandoning module TakeRecorder (847)
[2025.04.02-17.04.43:554][107]LogModuleManager: Shutting down and abandoning module TakeTrackRecorders (844)
[2025.04.02-17.04.43:554][107]LogModuleManager: Shutting down and abandoning module TakesCore (842)
[2025.04.02-17.04.43:554][107]LogModuleManager: Shutting down and abandoning module OpenXRInput (840)
[2025.04.02-17.04.43:554][107]LogModuleManager: Shutting down and abandoning module GooglePADEditor (838)
[2025.04.02-17.04.43:554][107]LogModuleManager: Shutting down and abandoning module AudioCaptureEditor (836)
[2025.04.02-17.04.43:554][107]LogModuleManager: Shutting down and abandoning module TemplateSequenceEditor (834)
[2025.04.02-17.04.43:554][107]LogModuleManager: Shutting down and abandoning module LevelSequenceEditor (832)
[2025.04.02-17.04.43:554][107]LogModuleManager: Shutting down and abandoning module MatineeToLevelSequence (830)
[2025.04.02-17.04.43:554][107]LogModuleManager: Shutting down and abandoning module ActorSequenceEditor (828)
[2025.04.02-17.04.43:554][107]LogModuleManager: Shutting down and abandoning module MagicLeapMediaCodecFactory (826)
[2025.04.02-17.04.43:554][107]LogModuleManager: Shutting down and abandoning module MagicLeapMediaFactory (824)
[2025.04.02-17.04.43:554][107]LogModuleManager: Shutting down and abandoning module MagicLeapMediaEditor (822)
[2025.04.02-17.04.43:554][107]LogModuleManager: Shutting down and abandoning module WmfMediaFactory (820)
[2025.04.02-17.04.43:554][107]LogModuleManager: Shutting down and abandoning module WmfMediaEditor (818)
[2025.04.02-17.04.43:554][107]LogModuleManager: Shutting down and abandoning module WebMMediaFactory (816)
[2025.04.02-17.04.43:554][107]LogModuleManager: Shutting down and abandoning module WebMMediaEditor (814)
[2025.04.02-17.04.43:554][107]LogModuleManager: Shutting down and abandoning module WebMMedia (812)
[2025.04.02-17.04.43:554][107]LogModuleManager: Shutting down and abandoning module MediaPlayerEditor (810)
[2025.04.02-17.04.43:554][107]LogModuleManager: Shutting down and abandoning module MediaCompositingEditor (808)
[2025.04.02-17.04.43:554][107]LogModuleManager: Shutting down and abandoning module SequenceRecorder (807)
[2025.04.02-17.04.43:554][107]LogModuleManager: Shutting down and abandoning module OpenExrWrapper (804)
[2025.04.02-17.04.43:554][107]LogModuleManager: Shutting down and abandoning module ImgMediaFactory (802)
[2025.04.02-17.04.43:554][107]LogModuleManager: Shutting down and abandoning module ImgMediaEditor (800)
[2025.04.02-17.04.43:554][107]LogModuleManager: Shutting down and abandoning module AvfMediaFactory (798)
[2025.04.02-17.04.43:554][107]LogModuleManager: Shutting down and abandoning module AvfMediaEditor (796)
[2025.04.02-17.04.43:554][107]LogModuleManager: Shutting down and abandoning module AndroidMediaFactory (794)
[2025.04.02-17.04.43:554][107]LogModuleManager: Shutting down and abandoning module AndroidMediaEditor (792)
[2025.04.02-17.04.43:554][107]LogModuleManager: Shutting down and abandoning module PlanarCut (790)
[2025.04.02-17.04.43:554][107]LogModuleManager: Shutting down and abandoning module TextureAlignMode (788)
[2025.04.02-17.04.43:554][107]LogModuleManager: Shutting down and abandoning module BspMode (786)
[2025.04.02-17.04.43:554][107]LogModuleManager: Shutting down and abandoning module GeometryMode (784)
[2025.04.02-17.04.43:554][107]LogModuleManager: Shutting down and abandoning module CharacterAI (782)
[2025.04.02-17.04.43:554][107]LogModuleManager: Shutting down and abandoning module CameraShakePreviewer (780)
[2025.04.02-17.04.43:554][107]LogModuleManager: Shutting down and abandoning module SmartSnapping (778)
[2025.04.02-17.04.43:555][107]LogModuleManager: Shutting down and abandoning module SessionServices (776)
[2025.04.02-17.04.43:555][107]LogModuleManager: Shutting down and abandoning module MeshPaint (774)
[2025.04.02-17.04.43:555][107]LogModuleManager: Shutting down and abandoning module VirtualTexturingEditor (772)
[2025.04.02-17.04.43:555][107]LogModuleManager: Shutting down and abandoning module FoliageEdit (770)
[2025.04.02-17.04.43:555][107]LogModuleManager: Shutting down and abandoning module LandscapeEditor (768)
[2025.04.02-17.04.43:555][107]LogModuleManager: Shutting down and abandoning module MeshPaintMode (766)
[2025.04.02-17.04.43:555][107]LogModuleManager: Shutting down and abandoning module SceneDepthPickerMode (764)
[2025.04.02-17.04.43:555][107]LogModuleManager: Shutting down and abandoning module ActorPickerMode (762)
[2025.04.02-17.04.43:555][107]LogModuleManager: Shutting down and abandoning module PlacementMode (760)
[2025.04.02-17.04.43:555][107]LogModuleManager: Shutting down and abandoning module ViewportSnapping (758)
[2025.04.02-17.04.43:555][107]LogModuleManager: Shutting down and abandoning module ViewportInteraction (756)
[2025.04.02-17.04.43:555][107]LogModuleManager: Shutting down and abandoning module ClothPainter (754)
[2025.04.02-17.04.43:555][107]LogModuleManager: Shutting down and abandoning module SkeletalMeshEditor (753)
[2025.04.02-17.04.43:555][107]LogModuleManager: Shutting down and abandoning module LogVisualizer (750)
[2025.04.02-17.04.43:555][107]LogModuleManager: Shutting down and abandoning module IntroTutorials (748)
[2025.04.02-17.04.43:555][107]LogModuleManager: Shutting down and abandoning module GameProjectGeneration (747)
[2025.04.02-17.04.43:555][107]LogModuleManager: Shutting down and abandoning module LuminPlatformEditor (744)
[2025.04.02-17.04.43:555][107]LogModuleManager: Shutting down and abandoning module IOSPlatformEditor (742)
[2025.04.02-17.04.43:555][107]LogModuleManager: Shutting down and abandoning module AndroidPlatformEditor (740)
[2025.04.02-17.04.43:555][107]LogModuleManager: Shutting down and abandoning module AndroidDeviceDetection (739)
[2025.04.02-17.04.45:039][107]LogModuleManager: Shutting down and abandoning module WindowsPlatformEditor (736)
[2025.04.02-17.04.45:039][107]LogModuleManager: Shutting down and abandoning module LuminRuntimeSettings (734)
[2025.04.02-17.04.45:039][107]LogModuleManager: Shutting down and abandoning module IOSRuntimeSettings (732)
[2025.04.02-17.04.45:039][107]LogModuleManager: Shutting down and abandoning module AndroidRuntimeSettings (730)
[2025.04.02-17.04.45:039][107]LogModuleManager: Shutting down and abandoning module TraceInsights (728)
[2025.04.02-17.04.45:039][107]MemoryProfiler: Shutdown
[2025.04.02-17.04.45:039][107]NetworkingProfiler: Shutdown
[2025.04.02-17.04.45:039][107]LoadingProfiler: Shutdown
[2025.04.02-17.04.45:039][107]TimingProfiler: Shutdown
[2025.04.02-17.04.45:039][107]LogModuleManager: Shutting down and abandoning module TraceServices (727)
[2025.04.02-17.04.45:039][107]LogModuleManager: Shutting down and abandoning module EditorInteractiveToolsFramework (724)
[2025.04.02-17.04.45:039][107]LogModuleManager: Shutting down and abandoning module TimeManagementEditor (722)
[2025.04.02-17.04.45:039][107]LogModuleManager: Shutting down and abandoning module InputBindingEditor (720)
[2025.04.02-17.04.45:039][107]LogModuleManager: Shutting down and abandoning module MergeActors (718)
[2025.04.02-17.04.45:040][107]LogModuleManager: Shutting down and abandoning module LocalizationDashboard (716)
[2025.04.02-17.04.45:040][107]LogModuleManager: Shutting down and abandoning module LocalizationService (715)
[2025.04.02-17.04.45:040][107]LogModuleManager: Shutting down and abandoning module HardwareTargeting (712)
[2025.04.02-17.04.45:040][107]LogModuleManager: Shutting down and abandoning module DeviceProfileEditor (710)
[2025.04.02-17.04.45:040][107]LogModuleManager: Shutting down and abandoning module UndoHistory (708)
[2025.04.02-17.04.45:040][107]LogModuleManager: Shutting down and abandoning module XmlParser (706)
[2025.04.02-17.04.45:040][107]LogModuleManager: Shutting down and abandoning module Blutility (704)
[2025.04.02-17.04.45:040][107]LogModuleManager: Shutting down and abandoning module ProjectSettingsViewer (702)
[2025.04.02-17.04.45:040][107]LogModuleManager: Shutting down and abandoning module ProjectTargetPlatformEditor (701)
[2025.04.02-17.04.45:040][107]LogModuleManager: Shutting down and abandoning module EditorSettingsViewer (698)
[2025.04.02-17.04.45:040][107]LogModuleManager: Shutting down and abandoning module InternationalizationSettings (697)
[2025.04.02-17.04.45:040][107]LogModuleManager: Shutting down and abandoning module SettingsEditor (694)
[2025.04.02-17.04.45:040][107]LogModuleManager: Shutting down and abandoning module ProjectLauncher (692)
[2025.04.02-17.04.45:040][107]LogModuleManager: Shutting down and abandoning module SessionFrontend (690)
[2025.04.02-17.04.45:040][107]LogModuleManager: Shutting down and abandoning module ProfilerClient (688)
[2025.04.02-17.04.45:040][107]LogModuleManager: Shutting down and abandoning module DeviceManager (686)
[2025.04.02-17.04.45:040][107]LogModuleManager: Shutting down and abandoning module TargetDeviceServices (685)
[2025.04.02-17.04.45:072][107]LogModuleManager: Shutting down and abandoning module AutomationController (682)
[2025.04.02-17.04.45:072][107]LogModuleManager: Shutting down and abandoning module AutomationWindow (680)
[2025.04.02-17.04.45:072][107]LogModuleManager: Shutting down and abandoning module Layers (678)
[2025.04.02-17.04.45:072][107]LogModuleManager: Shutting down and abandoning module ComponentVisualizers (676)
[2025.04.02-17.04.45:072][107]LogModuleManager: Shutting down and abandoning module DetailCustomizations (674)
[2025.04.02-17.04.45:072][107]LogModuleManager: Shutting down and abandoning module PackagesDialog (672)
[2025.04.02-17.04.45:072][107]LogModuleManager: Shutting down and abandoning module AnimationBlueprintEditor (670)
[2025.04.02-17.04.45:072][107]LogModuleManager: Shutting down and abandoning module Persona (668)
[2025.04.02-17.04.45:072][107]LogModuleManager: Shutting down and abandoning module AdvancedPreviewScene (667)
[2025.04.02-17.04.45:072][107]LogModuleManager: Shutting down and abandoning module AnimGraph (665)
[2025.04.02-17.04.45:072][107]LogModuleManager: Shutting down and abandoning module Kismet (662)
[2025.04.02-17.04.45:085][107]LogModuleManager: Shutting down and abandoning module KismetWidgets (661)
[2025.04.02-17.04.45:085][107]LogModuleManager: Shutting down and abandoning module GraphEditor (658)
[2025.04.02-17.04.45:085][107]LogModuleManager: Shutting down and abandoning module StructViewer (656)
[2025.04.02-17.04.45:085][107]LogModuleManager: Shutting down and abandoning module ClassViewer (654)
[2025.04.02-17.04.45:087][107]LogModuleManager: Shutting down and abandoning module Toolbox (652)
[2025.04.02-17.04.45:087][107]LogModuleManager: Shutting down and abandoning module ModuleUI (650)
[2025.04.02-17.04.45:087][107]LogModuleManager: Shutting down and abandoning module OutputLog (648)
[2025.04.02-17.04.45:087][107]LogModuleManager: Shutting down and abandoning module GammaUI (646)
[2025.04.02-17.04.45:087][107]LogModuleManager: Shutting down and abandoning module Documentation (644)
[2025.04.02-17.04.45:087][107]LogModuleManager: Shutting down and abandoning module LiveCoding (642)
[2025.04.02-17.04.45:087][107]LogModuleManager: Shutting down and abandoning module LevelSequence (640)
[2025.04.02-17.04.45:087][107]LogModuleManager: Shutting down and abandoning module MovieSceneTracks (638)
[2025.04.02-17.04.45:087][107]LogModuleManager: Shutting down and abandoning module MovieScene (636)
[2025.04.02-17.04.45:087][107]LogModuleManager: Shutting down and abandoning module StreamingPauseRendering (634)
[2025.04.02-17.04.45:087][107]LogModuleManager: Shutting down and abandoning module LauncherPlatform (632)
[2025.04.02-17.04.45:087][107]LogModuleManager: Shutting down and abandoning module AnalyticsET (630)
[2025.04.02-17.04.45:087][107]LogModuleManager: Shutting down and abandoning module PortalServices (628)
[2025.04.02-17.04.45:087][107]LogModuleManager: Shutting down and abandoning module PortalRpc (626)
[2025.04.02-17.04.45:087][107]LogModuleManager: Shutting down and abandoning module MessagingRpc (624)
[2025.04.02-17.04.45:087][107]LogModuleManager: Shutting down and abandoning module AudioMixerXAudio2 (622)
[2025.04.02-17.04.45:087][107]LogModuleManager: Shutting down and abandoning module AudioMixerCore (621)
[2025.04.02-17.04.45:087][107]LogModuleManager: Shutting down and abandoning module AIModule (618)
[2025.04.02-17.04.45:087][107]LogModuleManager: Shutting down and abandoning module GameplayDebugger (617)
[2025.04.02-17.04.45:087][107]LogModuleManager: Shutting down and abandoning module AITestSuite (615)
[2025.04.02-17.04.45:088][107]LogModuleManager: Shutting down and abandoning module NavigationSystem (613)
[2025.04.02-17.04.45:088][107]LogModuleManager: Shutting down and abandoning module ImageWriteQueue (610)
[2025.04.02-17.04.45:092][107]LogModuleManager: Shutting down and abandoning module ProfilerService (608)
[2025.04.02-17.04.45:334][107]LogModuleManager: Shutting down and abandoning module TaskGraph (606)
[2025.04.02-17.04.45:334][107]LogModuleManager: Shutting down and abandoning module AudioSynesthesiaEditor (604)
[2025.04.02-17.04.45:334][107]LogModuleManager: Shutting down and abandoning module OculusEditor (602)
[2025.04.02-17.04.45:334][107]LogModuleManager: Shutting down and abandoning module OculusInput (600)
[2025.04.02-17.04.45:334][107]LogModuleManager: Shutting down and abandoning module ContentBrowserFileDataSource (598)
[2025.04.02-17.04.45:334][107]LogModuleManager: Shutting down and abandoning module ContentBrowserAssetDataSource (596)
[2025.04.02-17.04.45:334][107]LogModuleManager: Shutting down and abandoning module ContentBrowserClassDataSource (594)
[2025.04.02-17.04.45:334][107]LogModuleManager: Shutting down and abandoning module CollectionManager (593)
[2025.04.02-17.04.45:334][107]LogModuleManager: Shutting down and abandoning module LiveLinkSequencer (590)
[2025.04.02-17.04.45:334][107]LogModuleManager: Shutting down and abandoning module LiveLinkMovieScene (588)
[2025.04.02-17.04.45:334][107]LogModuleManager: Shutting down and abandoning module LiveLinkGraphNode (586)
[2025.04.02-17.04.45:334][107]LogModuleManager: Shutting down and abandoning module LiveLinkEditor (584)
[2025.04.02-17.04.45:334][107]LogModuleManager: Shutting down and abandoning module LiveLinkComponents (582)
[2025.04.02-17.04.45:334][107]LogModuleManager: Shutting down and abandoning module LiveLink (580)
[2025.04.02-17.04.45:418][107]LogModuleManager: Shutting down and abandoning module SynthesisEditor (578)
[2025.04.02-17.04.45:418][107]LogModuleManager: Shutting down and abandoning module Synthesis (576)
[2025.04.02-17.04.45:418][107]LogModuleManager: Shutting down and abandoning module ProceduralMeshComponentEditor (574)
[2025.04.02-17.04.45:418][107]LogModuleManager: Shutting down and abandoning module ProceduralMeshComponent (572)
[2025.04.02-17.04.45:418][107]LogModuleManager: Shutting down and abandoning module ScreenshotTools (570)
[2025.04.02-17.04.45:418][107]LogModuleManager: Shutting down and abandoning module TakeSequencer (568)
[2025.04.02-17.04.45:418][107]LogModuleManager: Shutting down and abandoning module TakeMovieScene (566)
[2025.04.02-17.04.45:418][107]LogModuleManager: Shutting down and abandoning module OpenXREditor (564)
[2025.04.02-17.04.45:418][107]LogModuleManager: Shutting down and abandoning module MobilePatchingUtils (562)
[2025.04.02-17.04.45:418][107]LogModuleManager: Shutting down and abandoning module GooglePAD (560)
[2025.04.02-17.04.45:418][107]LogModuleManager: Shutting down and abandoning module EditableMesh (558)
[2025.04.02-17.04.45:418][107]LogModuleManager: Shutting down and abandoning module CustomMeshComponent (556)
[2025.04.02-17.04.45:418][107]LogModuleManager: Shutting down and abandoning module CableComponent (554)
[2025.04.02-17.04.45:418][107]LogModuleManager: Shutting down and abandoning module AssetTags (552)
[2025.04.02-17.04.45:418][107]LogModuleManager: Shutting down and abandoning module AudioCapture (550)
[2025.04.02-17.04.45:418][107]LogModuleManager: Shutting down and abandoning module AudioCaptureRtAudio (549)
[2025.04.02-17.04.45:418][107]LogModuleManager: Shutting down and abandoning module ArchVisCharacter (546)
[2025.04.02-17.04.45:418][107]LogModuleManager: Shutting down and abandoning module AppleImageUtilsBlueprintSupport (544)
[2025.04.02-17.04.45:418][107]LogModuleManager: Shutting down and abandoning module AppleImageUtils (542)
[2025.04.02-17.04.45:418][107]LogModuleManager: Shutting down and abandoning module AndroidPermission (540)
[2025.04.02-17.04.45:418][107]LogModuleManager: Shutting down and abandoning module ActorLayerUtilitiesEditor (538)
[2025.04.02-17.04.45:418][107]LogModuleManager: Shutting down and abandoning module ActorLayerUtilities (536)
[2025.04.02-17.04.45:418][107]LogModuleManager: Shutting down and abandoning module TemplateSequence (534)
[2025.04.02-17.04.45:418][107]LogModuleManager: Shutting down and abandoning module MagicLeapSharedWorld (532)
[2025.04.02-17.04.45:418][107]LogModuleManager: Shutting down and abandoning module MagicLeapLightEstimation (530)
[2025.04.02-17.04.45:418][107]LogModuleManager: Shutting down and abandoning module MagicLeapHelperVulkan (528)
[2025.04.02-17.04.45:418][107]LogModuleManager: Shutting down and abandoning module MagicLeapHelperOpenGL (526)
[2025.04.02-17.04.45:419][107]LogModuleManager: Shutting down and abandoning module MagicLeapAudio (524)
[2025.04.02-17.04.45:419][107]LogModuleManager: Shutting down and abandoning module MediaCompositing (522)
[2025.04.02-17.04.45:419][107]LogModuleManager: Shutting down and abandoning module ImgMedia (520)
[2025.04.02-17.04.45:419][107]LogModuleManager: Shutting down and abandoning module OpenImageDenoise (518)
[2025.04.02-17.04.45:419][107]LogOpenImageDenoise: OIDN shutting down
[2025.04.02-17.04.45:419][107]LogModuleManager: Shutting down and abandoning module MotoSynthEditor (516)
[2025.04.02-17.04.45:419][107]LogModuleManager: Shutting down and abandoning module MotoSynth (514)
[2025.04.02-17.04.45:419][107]LogModuleManager: Shutting down and abandoning module MeshConversion (512)
[2025.04.02-17.04.45:419][107]LogModuleManager: Shutting down and abandoning module DynamicMesh (510)
[2025.04.02-17.04.45:419][107]LogModuleManager: Shutting down and abandoning module GeometryAlgorithms (508)
[2025.04.02-17.04.45:419][107]LogModuleManager: Shutting down and abandoning module GeometricObjects (506)
[2025.04.02-17.04.45:419][107]LogModuleManager: Shutting down and abandoning module SpeedTreeImporter (504)
[2025.04.02-17.04.45:419][107]LogModuleManager: Shutting down and abandoning module PluginBrowser (502)
[2025.04.02-17.04.45:419][107]LogModuleManager: Shutting down and abandoning module MobileLauncherProfileWizard (500)
[2025.04.02-17.04.45:419][107]LogModuleManager: Shutting down and abandoning module GeometryCollectionTracks (498)
[2025.04.02-17.04.45:419][107]LogModuleManager: Shutting down and abandoning module GeometryCollectionSequencer (497)
[2025.04.02-17.04.45:419][107]LogModuleManager: Shutting down and abandoning module GeometryCollectionEditor (494)
[2025.04.02-17.04.45:419][107]LogModuleManager: Shutting down and abandoning module MaterialAnalyzer (492)
[2025.04.02-17.04.45:419][107]LogModuleManager: Shutting down and abandoning module GeometryCacheTracks (490)
[2025.04.02-17.04.45:419][107]LogModuleManager: Shutting down and abandoning module GeometryCacheStreamer (488)
[2025.04.02-17.04.45:419][107]LogModuleManager: Shutting down and abandoning module GeometryCacheSequencer (486)
[2025.04.02-17.04.45:419][107]LogModuleManager: Shutting down and abandoning module CurveEditorTools (484)
[2025.04.02-17.04.45:419][107]LogModuleManager: Shutting down and abandoning module CryptoKeysOpenSSL (482)
[2025.04.02-17.04.45:419][107]LogModuleManager: Shutting down and abandoning module CryptoKeys (480)
[2025.04.02-17.04.45:419][107]LogModuleManager: Shutting down and abandoning module NiagaraEditorWidgets (478)
[2025.04.02-17.04.45:419][107]LogModuleManager: Shutting down and abandoning module ChaosSolverEditor (476)
[2025.04.02-17.04.45:419][107]LogModuleManager: Shutting down and abandoning module ChaosNiagara (474)
[2025.04.02-17.04.45:419][107]LogModuleManager: Shutting down and abandoning module ChaosClothEditor (472)
[2025.04.02-17.04.45:419][107]LogModuleManager: Shutting down and abandoning module FractureEditor (470)
[2025.04.02-17.04.45:419][107]LogModuleManager: Shutting down and abandoning module FieldSystemEngine (469)
[2025.04.02-17.04.45:419][107]LogModuleManager: Shutting down and abandoning module AutomationUtilsEditor (466)
[2025.04.02-17.04.45:419][107]LogModuleManager: Shutting down and abandoning module AutomationUtils (464)
[2025.04.02-17.04.45:419][107]LogModuleManager: Shutting down and abandoning module BackChannel (462)
[2025.04.02-17.04.45:419][107]LogModuleManager: Shutting down and abandoning module AlembicImporter (460)
[2025.04.02-17.04.45:419][107]LogModuleManager: Shutting down and abandoning module AlembicLibrary (459)
[2025.04.02-17.04.45:419][107]LogModuleManager: Shutting down and abandoning module GeometryCache (458)
[2025.04.02-17.04.45:419][107]LogModuleManager: Shutting down and abandoning module GeometryCacheEd (457)
[2025.04.02-17.04.45:419][107]LogModuleManager: Shutting down and abandoning module VariantManagerContentEditor (452)
[2025.04.02-17.04.45:419][107]LogModuleManager: Shutting down and abandoning module DatasmithContentEditor (450)
[2025.04.02-17.04.45:419][107]LogModuleManager: Shutting down and abandoning module UObjectPlugin (448)
[2025.04.02-17.04.45:419][107]LogModuleManager: Shutting down and abandoning module VisualStudioSourceCodeAccess (446)
[2025.04.02-17.04.45:419][107]LogModuleManager: Shutting down and abandoning module VisualStudioCodeSourceCodeAccess (444)
[2025.04.02-17.04.45:419][107]LogModuleManager: Shutting down and abandoning module PluginUtils (442)
[2025.04.02-17.04.45:419][107]LogModuleManager: Shutting down and abandoning module PlasticSourceControl (440)
[2025.04.02-17.04.45:419][107]LogModuleManager: Shutting down and abandoning module SubversionSourceControl (438)
[2025.04.02-17.04.45:419][107]LogModuleManager: Shutting down and abandoning module RiderSourceCodeAccess (436)
[2025.04.02-17.04.45:419][107]LogModuleManager: Shutting down and abandoning module PerforceSourceControl (434)
[2025.04.02-17.04.45:419][107]LogModuleManager: Shutting down and abandoning module GitSourceControl (432)
[2025.04.02-17.04.45:419][107]LogModuleManager: Shutting down and abandoning module SourceControl (431)
[2025.04.02-17.04.45:419][107]LogModuleManager: Shutting down and abandoning module OodleNetworkHandlerComponent (428)
[2025.04.02-17.04.45:419][107]LogModuleManager: Shutting down and abandoning module LightPropagationVolumeEditor (426)
[2025.04.02-17.04.45:419][107]LogModuleManager: Shutting down and abandoning module CLionSourceCodeAccess (424)
[2025.04.02-17.04.45:419][107]LogModuleManager: Shutting down and abandoning module AnimationSharingEd (422)
[2025.04.02-17.04.45:419][107]LogModuleManager: Shutting down and abandoning module PaperTiledImporter (420)
[2025.04.02-17.04.45:419][107]LogModuleManager: Shutting down and abandoning module PaperSpriteSheetImporter (418)
[2025.04.02-17.04.45:419][107]LogModuleManager: Shutting down and abandoning module Paper2DEditor (416)
[2025.04.02-17.04.45:419][107]LogModuleManager: Shutting down and abandoning module MeshPaintingToolset (414)
[2025.04.02-17.04.45:419][107]LogModuleManager: Shutting down and abandoning module MeshPaintEditorMode (412)
[2025.04.02-17.04.45:419][107]LogModuleManager: Shutting down and abandoning module SoundFields (410)
[2025.04.02-17.04.45:419][107]LogModuleManager: Shutting down and abandoning module RuntimePhysXCooking (408)
[2025.04.02-17.04.45:419][107]LogModuleManager: Shutting down and abandoning module SignificanceManager (406)
[2025.04.02-17.04.45:419][107]LogModuleManager: Shutting down and abandoning module PropertyAccessEditor (404)
[2025.04.02-17.04.45:419][107]LogModuleManager: Shutting down and abandoning module PhysXVehiclesEditor (402)
[2025.04.02-17.04.45:419][107]LogModuleManager: Shutting down and abandoning module LocationServicesBPLibrary (398)
[2025.04.02-17.04.45:419][107]LogModuleManager: Shutting down and abandoning module AudioSynesthesia (396)
[2025.04.02-17.04.45:419][107]LogModuleManager: Shutting down and abandoning module AudioSynesthesiaCore (394)
[2025.04.02-17.04.45:419][107]LogModuleManager: Shutting down and abandoning module ActorSequence (392)
[2025.04.02-17.04.45:419][107]LogModuleManager: Shutting down and abandoning module UdpMessaging (390)
[2025.04.02-17.04.45:521][107]LogModuleManager: Shutting down and abandoning module TcpMessaging (388)
[2025.04.02-17.04.45:622][107]LogModuleManager: Shutting down and abandoning module MagicLeapARPin (386)
[2025.04.02-17.04.45:622][107]LogModuleManager: Shutting down and abandoning module MagicLeapHandMeshing (384)
[2025.04.02-17.04.45:622][107]LogModuleManager: Shutting down and abandoning module MagicLeapSecureStorage (382)
[2025.04.02-17.04.45:622][107]LogModuleManager: Shutting down and abandoning module MagicLeapPrivileges (380)
[2025.04.02-17.04.45:622][107]LogModuleManager: Shutting down and abandoning module MagicLeapPlanes (378)
[2025.04.02-17.04.45:622][107]LogMagicLeapPlanes: Planes tracker already destroyed.
[2025.04.02-17.04.45:622][107]LogModuleManager: Shutting down and abandoning module MagicLeapImageTracker (376)
[2025.04.02-17.04.45:622][107]LogModuleManager: Shutting down and abandoning module MagicLeapIdentity (374)
[2025.04.02-17.04.45:622][107]LogModuleManager: Shutting down and abandoning module MagicLeapHandTracking (372)
[2025.04.02-17.04.45:622][107]LogModuleManager: Shutting down and abandoning module MagicLeapEyeTracker (370)
[2025.04.02-17.04.45:622][107]LogModuleManager: Shutting down and abandoning module MagicLeapController (368)
[2025.04.02-17.04.45:622][107]LogModuleManager: Shutting down and abandoning module MagicLeapARPinImpl (366)
[2025.04.02-17.04.45:622][107]LogModuleManager: Shutting down and abandoning module MagicLeapAR (364)
[2025.04.02-17.04.45:622][107]LogModuleManager: Shutting down and abandoning module ImgMediaEngine (362)
[2025.04.02-17.04.45:622][107]LogModuleManager: Shutting down and abandoning module PythonScriptPlugin (360)
[2025.04.02-17.04.45:622][107]LogModuleManager: Shutting down and abandoning module FacialAnimationEditor (358)
[2025.04.02-17.04.45:622][107]LogModuleManager: Shutting down and abandoning module FacialAnimation (356)
[2025.04.02-17.04.45:622][107]LogModuleManager: Shutting down and abandoning module GameplayTagsEditor (354)
[2025.04.02-17.04.45:622][107]LogModuleManager: Shutting down and abandoning module DataValidation (352)
[2025.04.02-17.04.45:622][107]LogModuleManager: Shutting down and abandoning module NiagaraAnimNotifies (350)
[2025.04.02-17.04.45:622][107]LogModuleManager: Shutting down and abandoning module Niagara (348)
[2025.04.02-17.04.45:622][107]LogModuleManager: Shutting down and abandoning module SignalProcessing (347)
[2025.04.02-17.04.45:622][107]LogModuleManager: Shutting down and abandoning module NiagaraEditor (345)
[2025.04.02-17.04.45:622][107]LogModuleManager: Shutting down and abandoning module NiagaraCore (342)
[2025.04.02-17.04.45:622][107]LogModuleManager: Shutting down and abandoning module AssetManagerEditor (340)
[2025.04.02-17.04.45:622][107]LogModuleManager: Shutting down and abandoning module LevelEditor (339)
[2025.04.02-17.04.45:625][107]LogModuleManager: Shutting down and abandoning module PixelInspectorModule (338)
[2025.04.02-17.04.45:625][107]LogModuleManager: Shutting down and abandoning module CommonMenuExtensions (336)
[2025.04.02-17.04.45:625][107]LogModuleManager: Shutting down and abandoning module MainFrame (334)
[2025.04.02-17.04.45:625][107]LogModuleManager: Shutting down and abandoning module HotReload (333)
[2025.04.02-17.04.45:625][107]LogModuleManager: Shutting down and abandoning module ToolMenus (329)
[2025.04.02-17.04.45:625][107]LogModuleManager: Shutting down and abandoning module ContentBrowser (327)
[2025.04.02-17.04.45:625][107]LogModuleManager: Shutting down and abandoning module ContentBrowserData (326)
[2025.04.02-17.04.45:625][107]LogModuleManager: Shutting down and abandoning module TreeMap (323)
[2025.04.02-17.04.45:625][107]LogModuleManager: Shutting down and abandoning module PropertyAccessNode (320)
[2025.04.02-17.04.45:625][107]LogModuleManager: Shutting down and abandoning module LightPropagationVolumeRuntime (318)
[2025.04.02-17.04.45:625][107]LogModuleManager: Shutting down and abandoning module AnimationSharing (316)
[2025.04.02-17.04.45:625][107]LogModuleManager: Shutting down and abandoning module GameplayCameras (314)
[2025.04.02-17.04.45:625][107]LogModuleManager: Shutting down and abandoning module EnvironmentQueryEditor (312)
[2025.04.02-17.04.45:625][107]LogModuleManager: Shutting down and abandoning module Paper2D (310)
[2025.04.02-17.04.45:625][107]LogModuleManager: Shutting down and abandoning module WindowsMoviePlayer (308)
[2025.04.02-17.04.45:626][107]LogModuleManager: Shutting down and abandoning module WebMMoviePlayer (306)
[2025.04.02-17.04.45:626][107]LogModuleManager: Shutting down and abandoning module NetworkReplayStreaming (304)
[2025.04.02-17.04.45:626][107]LogModuleManager: Shutting down and abandoning module PacketHandler (302)
[2025.04.02-17.04.45:626][107]LogModuleManager: Shutting down and abandoning module ClothingSystemEditor (300)
[2025.04.02-17.04.45:626][107]LogModuleManager: Shutting down and abandoning module ClothingSystemRuntimeNv (298)
[2025.04.02-17.04.45:626][107]LogModuleManager: Shutting down and abandoning module MediaAssets (296)
[2025.04.02-17.04.45:626][107]LogModuleManager: Shutting down and abandoning module Overlay (294)
[2025.04.02-17.04.45:626][107]LogModuleManager: Shutting down and abandoning module OverlayEditor (293)
[2025.04.02-17.04.45:626][107]LogModuleManager: Shutting down and abandoning module VREditor (290)
[2025.04.02-17.04.45:626][107]LogModuleManager: Shutting down and abandoning module StringTableEditor (288)
[2025.04.02-17.04.45:626][107]LogModuleManager: Shutting down and abandoning module GameplayTasksEditor (286)
[2025.04.02-17.04.45:626][107]LogModuleManager: Shutting down and abandoning module BehaviorTreeEditor (284)
[2025.04.02-17.04.45:626][107]LogModuleManager: Shutting down and abandoning module FunctionalTesting (282)
[2025.04.02-17.04.45:626][107]LogModuleManager: Shutting down and abandoning module CollisionAnalyzer (280)
[2025.04.02-17.04.45:626][107]LogModuleManager: Shutting down and abandoning module WorkspaceMenuStructure (279)
[2025.04.02-17.04.45:626][107]LogModuleManager: Shutting down and abandoning module UMG (276)
[2025.04.02-17.04.45:627][107]LogModuleManager: Shutting down and abandoning module UMGEditor (275)
[2025.04.02-17.04.45:627][107]LogModuleManager: Shutting down and abandoning module MessageLog (273)
[2025.04.02-17.04.45:627][107]LogModuleManager: Shutting down and abandoning module SlateReflector (268)
[2025.04.02-17.04.45:627][107]LogModuleManager: Shutting down and abandoning module Slate (266)
[2025.04.02-17.04.45:627][107]LogModuleManager: Shutting down and abandoning module SlateCore (264)
[2025.04.02-17.04.45:627][107]LogModuleManager: Shutting down and abandoning module LandscapeEditorUtilities (262)
[2025.04.02-17.04.45:627][107]LogModuleManager: Shutting down and abandoning module UnrealEd (260)
[2025.04.02-17.04.45:627][107]LogModuleManager: Shutting down and abandoning module MRMesh (258)
[2025.04.02-17.04.45:627][107]LogModuleManager: Shutting down and abandoning module SourceCodeAccess (256)
[2025.04.02-17.04.45:627][107]LogModuleManager: Shutting down and abandoning module HeadMountedDisplay (254)
[2025.04.02-17.04.45:627][107]LogModuleManager: Shutting down and abandoning module XAudio2 (252)
[2025.04.02-17.04.45:627][107]LogModuleManager: Shutting down and abandoning module Networking (250)
[2025.04.02-17.04.45:627][107]LogModuleManager: Shutting down and abandoning module Core (248)
[2025.04.02-17.04.45:627][107]LogModuleManager: Shutting down and abandoning module MaterialEditor (246)
[2025.04.02-17.04.45:627][107]LogModuleManager: Shutting down and abandoning module MovieSceneTools (244)
[2025.04.02-17.04.45:627][107]LogModuleManager: Shutting down and abandoning module CurveEditor (243)
[2025.04.02-17.04.45:628][107]LogModuleManager: Shutting down and abandoning module Sequencer (241)
[2025.04.02-17.04.45:628][107]LogModuleManager: Shutting down and abandoning module EditorStyle (240)
[2025.04.02-17.04.45:628][107]LogModuleManager: Shutting down and abandoning module KismetCompiler (236)
[2025.04.02-17.04.45:628][107]LogModuleManager: Shutting down and abandoning module MeshBuilder (234)
[2025.04.02-17.04.45:628][107]LogModuleManager: Shutting down and abandoning module MeshUtilities (232)
[2025.04.02-17.04.45:628][107]LogModuleManager: Shutting down and abandoning module MeshMergeUtilities (231)
[2025.04.02-17.04.45:628][107]LogModuleManager: Shutting down and abandoning module MeshReductionInterface (230)
[2025.04.02-17.04.45:628][107]LogModuleManager: Shutting down and abandoning module MeshBoneReduction (229)
[2025.04.02-17.04.45:628][107]LogModuleManager: Shutting down and abandoning module SkeletalMeshReduction (227)
[2025.04.02-17.04.45:628][107]LogModuleManager: Shutting down and abandoning module ProxyLODMeshReduction (225)
[2025.04.02-17.04.45:628][107]LogModuleManager: Shutting down and abandoning module QuadricMeshReduction (223)
[2025.04.02-17.04.45:628][107]LogModuleManager: Shutting down and abandoning module MaterialBaking (219)
[2025.04.02-17.04.45:628][107]LogModuleManager: Shutting down and abandoning module NullInstallBundleManager (214)
[2025.04.02-17.04.45:628][107]LogModuleManager: Shutting down and abandoning module DerivedDataCache (212)
[2025.04.02-17.04.45:628][107]LogModuleManager: Shutting down and abandoning module TargetPlatform (210)
[2025.04.02-17.04.45:628][107]LogModuleManager: Shutting down and abandoning module VulkanShaderFormat (209)
[2025.04.02-17.04.45:629][107]LogModuleManager: Shutting down and abandoning module ShaderFormatVectorVM (207)
[2025.04.02-17.04.45:629][107]LogModuleManager: Shutting down and abandoning module ShaderFormatOpenGL (205)
[2025.04.02-17.04.45:629][107]LogModuleManager: Shutting down and abandoning module ShaderFormatD3D (203)
[2025.04.02-17.04.45:629][107]LogModuleManager: Shutting down and abandoning module MetalShaderFormat (201)
[2025.04.02-17.04.45:629][107]LogModuleManager: Shutting down and abandoning module TextureFormatOodle (199)
[2025.04.02-17.04.45:629][107]LogModuleManager: Shutting down and abandoning module TextureFormatUncompressed (197)
[2025.04.02-17.04.45:629][107]LogModuleManager: Shutting down and abandoning module TextureFormatPVR (195)
[2025.04.02-17.04.45:629][107]LogModuleManager: Shutting down and abandoning module TextureFormatETC2 (193)
[2025.04.02-17.04.45:629][107]LogModuleManager: Shutting down and abandoning module TextureFormatDXT (191)
[2025.04.02-17.04.45:629][107]LogModuleManager: Shutting down and abandoning module TextureFormatIntelISPCTexComp (189)
[2025.04.02-17.04.45:629][107]LogModuleManager: Shutting down and abandoning module TextureFormatASTC (187)
[2025.04.02-17.04.45:629][107]LogModuleManager: Shutting down and abandoning module ImageWrapper (186)
[2025.04.02-17.04.45:629][107]LogModuleManager: Shutting down and abandoning module AudioFormatOpus (183)
[2025.04.02-17.04.45:629][107]LogModuleManager: Shutting down and abandoning module AudioFormatOgg (181)
[2025.04.02-17.04.45:629][107]LogModuleManager: Shutting down and abandoning module AudioFormatADPCM (179)
[2025.04.02-17.04.45:629][107]LogModuleManager: Shutting down and abandoning module WindowsServerTargetPlatform (177)
[2025.04.02-17.04.45:629][107]LogModuleManager: Shutting down and abandoning module WindowsClientTargetPlatform (175)
[2025.04.02-17.04.45:629][107]LogModuleManager: Shutting down and abandoning module WindowsTargetPlatform (173)
[2025.04.02-17.04.45:629][107]LogModuleManager: Shutting down and abandoning module WindowsNoEditorTargetPlatform (171)
[2025.04.02-17.04.45:629][107]LogModuleManager: Shutting down and abandoning module TVOSTargetPlatform (169)
[2025.04.02-17.04.45:629][107]LogModuleManager: Shutting down and abandoning module MacServerTargetPlatform (167)
[2025.04.02-17.04.45:629][107]LogModuleManager: Shutting down and abandoning module MacClientTargetPlatform (165)
[2025.04.02-17.04.45:629][107]LogModuleManager: Shutting down and abandoning module MacTargetPlatform (163)
[2025.04.02-17.04.45:629][107]LogModuleManager: Shutting down and abandoning module MacNoEditorTargetPlatform (161)
[2025.04.02-17.04.45:629][107]LogModuleManager: Shutting down and abandoning module LuminTargetPlatform (159)
[2025.04.02-17.04.45:630][107]LogModuleManager: Shutting down and abandoning module LinuxAArch64ServerTargetPlatform (157)
[2025.04.02-17.04.45:630][107]LogModuleManager: Shutting down and abandoning module LinuxAArch64ClientTargetPlatform (155)
[2025.04.02-17.04.45:630][107]LogModuleManager: Shutting down and abandoning module LinuxAArch64NoEditorTargetPlatform (153)
[2025.04.02-17.04.45:630][107]LogModuleManager: Shutting down and abandoning module LinuxServerTargetPlatform (151)
[2025.04.02-17.04.45:630][107]LogModuleManager: Shutting down and abandoning module LinuxClientTargetPlatform (149)
[2025.04.02-17.04.45:630][107]LogModuleManager: Shutting down and abandoning module LinuxNoEditorTargetPlatform (147)
[2025.04.02-17.04.45:630][107]LogModuleManager: Shutting down and abandoning module LinuxTargetPlatform (145)
[2025.04.02-17.04.45:630][107]LogModuleManager: Shutting down and abandoning module Messaging (143)
[2025.04.02-17.04.45:630][107]LogModuleManager: Shutting down and abandoning module IOSTargetPlatform (141)
[2025.04.02-17.04.45:630][107]LogModuleManager: Shutting down and abandoning module AndroidTargetPlatform (139)
[2025.04.02-17.04.45:633][107]LogModuleManager: Shutting down and abandoning module AllDesktopTargetPlatform (137)
[2025.04.02-17.04.45:633][107]LogModuleManager: Shutting down and abandoning module D3D11RHI (134)
[2025.04.02-17.04.45:633][107]LogModuleManager: Shutting down and abandoning module InputCore (132)
[2025.04.02-17.04.45:633][107]LogModuleManager: Shutting down and abandoning module Settings (130)
[2025.04.02-17.04.45:633][107]LogModuleManager: Shutting down and abandoning module DirectoryWatcher (128)
[2025.04.02-17.04.45:633][107]LogModuleManager: Shutting down and abandoning module PhysXCooking (126)
[2025.04.02-17.04.45:633][107]LogModuleManager: Shutting down and abandoning module Chaos (124)
[2025.04.02-17.04.45:633][107]LogModuleManager: Shutting down and abandoning module WindowsPlatformFeatures (122)
[2025.04.02-17.04.45:633][107]LogModuleManager: Shutting down and abandoning module GameplayMediaEncoder (121)
[2025.04.02-17.04.45:633][107]LogModuleManager: Shutting down and abandoning module AVEncoder (120)
[2025.04.02-17.04.45:633][107]LogModuleManager: Shutting down and abandoning module SteamVRInputDevice (116)
[2025.04.02-17.04.45:633][107]LogModuleManager: Shutting down and abandoning module SteamVRInput (114)
[2025.04.02-17.04.45:633][107]LogModuleManager: Shutting down and abandoning module SteamVR (112)
[2025.04.02-17.04.45:635][107]LogHMD: Freeing OpenVRDLLHandle.
[2025.04.02-17.04.45:635][107]LogModuleManager: Shutting down and abandoning module OculusHMD (110)
[2025.04.02-17.04.45:635][107]LogModuleManager: Shutting down and abandoning module OpenXREyeTracker (108)
[2025.04.02-17.04.45:635][107]LogModuleManager: Shutting down and abandoning module OpenXRHandTracking (106)
[2025.04.02-17.04.45:635][107]LogSlate: Slate User Destroyed.  User Index 0, Is Virtual User: 0
[2025.04.02-17.04.45:635][107]LogModuleManager: Shutting down and abandoning module OpenXRAR (104)
[2025.04.02-17.04.45:635][107]LogModuleManager: Shutting down and abandoning module AugmentedReality (103)
[2025.04.02-17.04.45:635][107]LogModuleManager: Shutting down and abandoning module OpenXRHMD (100)
[2025.04.02-17.04.45:635][107]LogModuleManager: Shutting down and abandoning module ExampleDeviceProfileSelector (98)
[2025.04.02-17.04.45:635][107]LogModuleManager: Shutting down and abandoning module ChunkDownloader (96)
[2025.04.02-17.04.45:635][107]LogModuleManager: Shutting down and abandoning module LauncherChunkInstaller (94)
[2025.04.02-17.04.45:635][107]LogModuleManager: Shutting down and abandoning module OnlineBlueprintSupport (92)
[2025.04.02-17.04.45:635][107]LogModuleManager: Shutting down and abandoning module OnlineSubsystem (88)
[2025.04.02-17.04.45:636][107]LogModuleManager: Shutting down and abandoning module XMPP (83)
[2025.04.02-17.04.45:636][107]LogModuleManager: Shutting down and abandoning module WebSockets (82)
[2025.04.02-17.04.45:651][107]LogModuleManager: Shutting down and abandoning module HTTP (79)
[2025.04.02-17.04.45:651][107]LogHttp: Display: Http module shutting down, but needs to wait on 1 outstanding Http requests:
[2025.04.02-17.04.45:651][107]LogHttp: Display: 	verb=[POST] url=[https://datarouter.ol.epicgames.com/datarouter/api/v1/public/data?SessionID=%7BBECDE7FC-45B6-BC9D-7698-C1A3AC2EB917%7D&AppID=UEEditor.Rocket.Release&AppVersion=4.27.2-18319896%2B%2B%2BUE4%2BRelease-4.27&UserID=2cda8d3f47f5f83d72f0359d1934bb7e%7Cc6b01806bbeb48319634bb48a78da820%7C64ee960e-b395-4526-9597-fa9cce304f49&AppEnvironment=datacollector-binary&UploadType=eteventstream] refs=[1] status=Processing
[2025.04.02-17.04.45:651][107]LogHttp: Display: cleaning up 1 outstanding Http requests.
[2025.04.02-17.04.45:673][107]LogModuleManager: Shutting down and abandoning module SSL (78)
[2025.04.02-17.04.45:673][107]LogModuleManager: Shutting down and abandoning module MLSDK (74)
[2025.04.02-17.04.45:673][107]LogModuleManager: Shutting down and abandoning module MagicLeap (72)
[2025.04.02-17.04.45:673][107]LogModuleManager: Shutting down and abandoning module WmfMedia (70)
[2025.04.02-17.04.45:675][107]LogModuleManager: Shutting down and abandoning module Media (69)
[2025.04.02-17.04.45:676][107]LogModuleManager: Shutting down and abandoning module MediaInfo (68)
[2025.04.02-17.04.45:676][107]LogModuleManager: Shutting down and abandoning module ExrReaderGpu (64)
[2025.04.02-17.04.45:676][107]LogModuleManager: Shutting down and abandoning module NiagaraVertexFactories (62)
[2025.04.02-17.04.45:676][107]LogModuleManager: Shutting down and abandoning module NiagaraShader (60)
[2025.04.02-17.04.45:676][107]LogModuleManager: Shutting down and abandoning module ChaosCloth (58)
[2025.04.02-17.04.45:676][107]LogModuleManager: Shutting down and abandoning module VariantManagerContent (56)
[2025.04.02-17.04.45:676][107]LogModuleManager: Shutting down and abandoning module DatasmithContent (54)
[2025.04.02-17.04.45:676][107]LogModuleManager: Shutting down and abandoning module PixWinPlugin (52)
[2025.04.02-17.04.45:676][107]LogModuleManager: Shutting down and abandoning module AISupportModule (50)
[2025.04.02-17.04.45:676][107]LogModuleManager: Shutting down and abandoning module DesktopPlatform (48)
[2025.04.02-17.04.45:676][107]LogModuleManager: Shutting down and abandoning module PythonScriptPluginPreload (46)
[2025.04.02-17.04.45:676][107]LogModuleManager: Shutting down and abandoning module PlatformCryptoOpenSSL (44)
[2025.04.02-17.04.45:676][107]LogModuleManager: Shutting down and abandoning module PlatformCryptoTypes (42)
[2025.04.02-17.04.45:676][107]LogModuleManager: Shutting down and abandoning module PlatformCrypto (40)
[2025.04.02-17.04.45:676][107]LogModuleManager: Shutting down and abandoning module OodleDataCompressionFormat (38)
[2025.04.02-17.04.45:676][107]LogModuleManager: Shutting down and abandoning module XGEController (36)
[2025.04.02-17.04.45:676][107]LogModuleManager: Shutting down and abandoning module AnimationModifiers (34)
[2025.04.02-17.04.45:676][107]LogModuleManager: Shutting down and abandoning module AudioEditor (32)
[2025.04.02-17.04.45:676][107]LogModuleManager: Shutting down and abandoning module PropertyEditor (31)
[2025.04.02-17.04.45:676][107]LogModuleManager: Shutting down and abandoning module TextureCompressor (28)
[2025.04.02-17.04.45:677][107]LogModuleManager: Shutting down and abandoning module RenderCore (26)
[2025.04.02-17.04.45:677][107]LogModuleManager: Shutting down and abandoning module Landscape (24)
[2025.04.02-17.04.45:677][107]LogModuleManager: Shutting down and abandoning module SlateRHIRenderer (22)
[2025.04.02-17.04.45:677][107]LogModuleManager: Shutting down and abandoning module AnimGraphRuntime (20)
[2025.04.02-17.04.45:677][107]LogModuleManager: Shutting down and abandoning module Renderer (18)
[2025.04.02-17.04.45:677][107]LogModuleManager: Shutting down and abandoning module Engine (16)
[2025.04.02-17.04.45:677][107]LogModuleManager: Shutting down and abandoning module CoreUObject (14)
[2025.04.02-17.04.45:677][107]LogModuleManager: Shutting down and abandoning module NetworkFile (12)
[2025.04.02-17.04.45:677][107]LogModuleManager: Shutting down and abandoning module CookedIterativeFile (10)
[2025.04.02-17.04.45:677][107]LogModuleManager: Shutting down and abandoning module StreamingFile (8)
[2025.04.02-17.04.45:677][107]LogModuleManager: Shutting down and abandoning module SandboxFile (6)
[2025.04.02-17.04.45:677][107]LogModuleManager: Shutting down and abandoning module PakFile (4)
[2025.04.02-17.04.45:677][107]LogModuleManager: Shutting down and abandoning module RSA (3)
[2025.04.02-17.04.45:677][107]LogContentStreaming: Display: There are 1 unreleased StreamingManagers
[2025.04.02-17.04.45:708][107]LogD3D11RHI: Shutdown
[2025.04.02-17.04.45:708][107]LogD3D11RHI: CleanupD3DDevice
[2025.04.02-17.04.45:710][107]LogExit: Exiting.
[2025.04.02-17.04.45:723][107]Log file closed, 04/02/25 19:04:45
