Log file open, 12/17/25 11:35:09
LogWindows: Failed to load 'aqProf.dll' (GetLastError=126)
LogWindows: File 'aqProf.dll' does not exist
LogWindows: Failed to load 'VtuneApi.dll' (GetLastError=126)
LogWindows: File 'VtuneApi.dll' does not exist
LogWindows: Failed to load 'VtuneApi32e.dll' (GetLastError=126)
LogWindows: File 'VtuneApi32e.dll' does not exist
LogConsoleResponse: Display: Failed to find resolution value strings in scalability ini. Falling back to default.
LogConsoleResponse: Display: Failed to find resolution value strings in scalability ini. Falling back to default.
LogInit: Display: Running engine for game: MyProject2
LogPlatformFile: Not using cached read wrapper
LogTaskGraph: Started task graph with 5 named threads and 23 total threads with 3 sets of task threads.
LogStats: Stats thread started at 1.347847
LogICUInternationalization: ICU TimeZone Detection - Raw Offset: +1:00, Platform Override: ''
LogInit: Display: Loading text-based GConfig....
LogPluginManager: Mounting plugin MeshPainting
LogPluginManager: Mounting plugin XGEController
LogPluginManager: Mounting plugin Paper2D
LogPluginManager: Mounting plugin AISupport
LogPluginManager: Mounting plugin EnvironmentQueryEditor
LogPluginManager: Mounting plugin CameraShakePreviewer
LogPluginManager: Mounting plugin LightPropagationVolume
LogPluginManager: Mounting plugin GameplayCameras
LogPluginManager: Mounting plugin LiveLink
LogPluginManager: Mounting plugin OodleData
LogPluginManager: Mounting plugin OodleNetwork
LogPluginManager: Mounting plugin LuminPlatformFeatures
LogPluginManager: Mounting plugin MagicLeap
LogPluginManager: Mounting plugin MagicLeapLightEstimation
LogPluginManager: Mounting plugin MagicLeapMedia
LogPluginManager: Mounting plugin MLSDK
LogPluginManager: Mounting plugin MagicLeapPassableWorld
LogPluginManager: Mounting plugin Niagara
LogPluginManager: Mounting plugin AnimationSharing
LogPluginManager: Mounting plugin CodeLiteSourceCodeAccess
LogPluginManager: Mounting plugin CLionSourceCodeAccess
LogPluginManager: Mounting plugin GitSourceControl
LogPluginManager: Mounting plugin NullSourceCodeAccess
LogPluginManager: Mounting plugin KDevelopSourceCodeAccess
LogPluginManager: Mounting plugin PropertyAccessNode
LogPluginManager: Mounting plugin PerforceSourceControl
LogPluginManager: Mounting plugin PlasticSourceControl
LogPluginManager: Mounting plugin PixWinPlugin
LogPluginManager: Mounting plugin RiderSourceCodeAccess
LogPluginManager: Mounting plugin PluginUtils
LogPluginManager: Mounting plugin TextureFormatOodle
LogPluginManager: Mounting plugin SubversionSourceControl
LogPluginManager: Mounting plugin UObjectPlugin
LogPluginManager: Mounting plugin VisualStudioCodeSourceCodeAccess
LogPluginManager: Mounting plugin VisualStudioSourceCodeAccess
LogPluginManager: Mounting plugin XCodeSourceCodeAccess
LogPluginManager: Mounting plugin DatasmithContent
LogPluginManager: Mounting plugin VariantManagerContent
LogPluginManager: Mounting plugin AssetManagerEditor
LogPluginManager: Mounting plugin CryptoKeys
LogPluginManager: Mounting plugin DataValidation
LogPluginManager: Mounting plugin CurveEditorTools
LogPluginManager: Mounting plugin FacialAnimation
LogPluginManager: Mounting plugin GameplayTagsEditor
LogPluginManager: Mounting plugin MacGraphicsSwitching
LogPluginManager: Mounting plugin GeometryMode
LogPluginManager: Mounting plugin MaterialAnalyzer
LogPluginManager: Mounting plugin MobileLauncherProfileWizard
LogPluginManager: Mounting plugin SpeedTreeImporter
LogPluginManager: Mounting plugin PluginBrowser
LogPluginManager: Mounting plugin TcpMessaging
LogPluginManager: Mounting plugin AvfMedia
LogPluginManager: Mounting plugin UdpMessaging
LogPluginManager: Mounting plugin AndroidMedia
LogPluginManager: Mounting plugin ImgMedia
LogPluginManager: Mounting plugin MediaCompositing
LogPluginManager: Mounting plugin MediaPlayerEditor
LogPluginManager: Mounting plugin WmfMedia
LogPluginManager: Mounting plugin WebMMedia
LogPluginManager: Mounting plugin LauncherChunkInstaller
LogPluginManager: Mounting plugin OnlineSubsystem
LogPluginManager: Mounting plugin OnlineSubsystemNull
LogPluginManager: Mounting plugin OnlineSubsystemUtils
LogPluginManager: Mounting plugin ActorSequence
LogPluginManager: Mounting plugin LevelSequenceEditor
LogPluginManager: Mounting plugin MatineeToLevelSequence
LogPluginManager: Mounting plugin AlembicImporter
LogPluginManager: Mounting plugin TemplateSequence
LogPluginManager: Mounting plugin BackChannel
LogPluginManager: Mounting plugin AutomationUtils
LogPluginManager: Mounting plugin ChaosEditor
LogPluginManager: Mounting plugin ChaosNiagara
LogPluginManager: Mounting plugin ChaosClothEditor
LogPluginManager: Mounting plugin ChaosSolverPlugin
LogPluginManager: Mounting plugin ChaosCloth
LogPluginManager: Mounting plugin CharacterAI
LogPluginManager: Mounting plugin GeometryCollectionPlugin
LogPluginManager: Mounting plugin GeometryCache
LogPluginManager: Mounting plugin GeometryProcessing
LogPluginManager: Mounting plugin MotoSynth
LogPluginManager: Mounting plugin OpenImageDenoise
LogPluginManager: Mounting plugin PlanarCut
LogPluginManager: Mounting plugin PythonScriptPlugin
LogPluginManager: Mounting plugin PlatformCrypto
LogPluginManager: Mounting plugin ProxyLODPlugin
LogPluginManager: Mounting plugin SkeletalReduction
LogPluginManager: Mounting plugin ScreenshotTools
LogPluginManager: Mounting plugin Takes
LogPluginManager: Mounting plugin ActorLayerUtilities
LogPluginManager: Mounting plugin AndroidPermission
LogPluginManager: Mounting plugin AndroidMoviePlayer
LogPluginManager: Mounting plugin AndroidDeviceProfileSelector
LogPluginManager: Mounting plugin AppleImageUtils
LogPluginManager: Mounting plugin AudioCapture
LogPluginManager: Mounting plugin AppleMoviePlayer
LogPluginManager: Mounting plugin AssetTags
LogPluginManager: Mounting plugin AudioSynesthesia
LogPluginManager: Mounting plugin ArchVisCharacter
LogPluginManager: Mounting plugin CableComponent
LogPluginManager: Mounting plugin ExampleDeviceProfileSelector
LogPluginManager: Mounting plugin ChunkDownloader
LogPluginManager: Mounting plugin CustomMeshComponent
LogPluginManager: Mounting plugin EditableMesh
LogPluginManager: Mounting plugin GoogleCloudMessaging
LogPluginManager: Mounting plugin GooglePAD
LogPluginManager: Mounting plugin IOSDeviceProfileSelector
LogPluginManager: Mounting plugin LinuxDeviceProfileSelector
LogPluginManager: Mounting plugin LocationServicesBPLibrary
LogPluginManager: Mounting plugin MobilePatchingUtils
LogPluginManager: Mounting plugin OpenXRHandTracking
LogPluginManager: Mounting plugin OpenXREyeTracker
LogPluginManager: Mounting plugin OpenXR
LogPluginManager: Mounting plugin PhysXVehicles
LogPluginManager: Mounting plugin PropertyAccessEditor
LogPluginManager: Mounting plugin PostSplashScreen
LogPluginManager: Mounting plugin ProceduralMeshComponent
LogPluginManager: Mounting plugin RuntimePhysXCooking
LogPluginManager: Mounting plugin SignificanceManager
LogPluginManager: Mounting plugin SoundFields
LogPluginManager: Mounting plugin Synthesis
LogPluginManager: Mounting plugin WebMMoviePlayer
LogPluginManager: Mounting plugin WindowsMoviePlayer
LogPluginManager: Mounting plugin ContentBrowserAssetDataSource
LogPluginManager: Mounting plugin ContentBrowserClassDataSource
LogPluginManager: Mounting plugin ContentBrowserFileDataSource
LogPluginManager: Mounting plugin OnlineSubsystemIOS
LogPluginManager: Mounting plugin OnlineSubsystemGooglePlay
LogPluginManager: Mounting plugin OculusVR
LogPluginManager: Mounting plugin SteamVR
PixWinPlugin: PIX capture plugin failed to initialize! Check that the process is launched from PIX.
LogInit: Using libcurl 7.55.1-DEV
LogInit:  - built for x86_64-pc-win32
LogInit:  - supports SSL with OpenSSL/1.1.1
LogInit:  - supports HTTP deflate (compression) using libz 1.2.8
LogInit:  - other features:
LogInit:      CURL_VERSION_SSL
LogInit:      CURL_VERSION_LIBZ
LogInit:      CURL_VERSION_IPV6
LogInit:      CURL_VERSION_ASYNCHDNS
LogInit:      CURL_VERSION_LARGEFILE
LogInit:      CURL_VERSION_IDN
LogInit:  CurlRequestOptions (configurable via config and command line):
LogInit:  - bVerifyPeer = true  - Libcurl will verify peer certificate
LogInit:  - bUseHttpProxy = false  - Libcurl will NOT use HTTP proxy
LogInit:  - bDontReuseConnections = false  - Libcurl will reuse connections
LogInit:  - MaxHostConnections = 16  - Libcurl will limit the number of connections to a host
LogInit:  - LocalHostAddr = Default
LogInit:  - BufferSize = 65536
LogOnline: OSS: Creating online subsystem instance for: NULL
LogInit: WinSock: version 1.1 (2.2), MaxSocks=32767, MaxUdp=65467
LogOnline: OSS: TryLoadSubsystemAndSetDefault: Loaded subsystem for module [NULL]
LogOculusPluginWrapper: OculusPlugin initialized successfully
LogHMD: Failed initializing OVRPlugin 1.59.0
LogInit: Build: ++UE4+Release-4.27-CL-18319896
LogInit: Engine Version: 4.27.2-18319896+++UE4+Release-4.27
LogInit: Compatible Engine Version: 4.27.0-17155196+++UE4+Release-4.27
LogInit: Net CL: 17155196
LogInit: OS: Windows 10 (Release 2009) (), CPU:           Intel(R) Xeon(R) CPU E31245 @ 3.30GHz, GPU: NVIDIA GeForce GTX 680M
LogInit: Compiled (64-bit): Nov 30 2021 07:12:08
LogInit: Compiled with Visual C++: 19.24.28315.00
LogInit: Build Configuration: Development
LogInit: Branch Name: ++UE4+Release-4.27
LogInit: Command Line: 
LogInit: Base Directory: C:/Program Files/Epic Games/UE_4.27/Engine/Binaries/Win64/
LogInit: Allocator: TBB
LogInit: Installed Engine Build: 1
LogDevObjectVersion: Number of dev versions registered: 29
LogDevObjectVersion:   Dev-Blueprints (B0D832E4-1F89-4F0D-ACCF-7EB736FD4AA2): 10
LogDevObjectVersion:   Dev-Build (E1C64328-A22C-4D53-A36C-8E866417BD8C): 0
LogDevObjectVersion:   Dev-Core (375EC13C-06E4-48FB-B500-84F0262A717E): 4
LogDevObjectVersion:   Dev-Editor (E4B068ED-F494-42E9-A231-DA0B2E46BB41): 40
LogDevObjectVersion:   Dev-Framework (CFFC743F-43B0-4480-9391-14DF171D2073): 37
LogDevObjectVersion:   Dev-Mobile (B02B49B5-BB20-44E9-A304-32B752E40360): 3
LogDevObjectVersion:   Dev-Networking (A4E4105C-59A1-49B5-A7C5-40C4547EDFEE): 0
LogDevObjectVersion:   Dev-Online (39C831C9-5AE6-47DC-9A44-9C173E1C8E7C): 0
LogDevObjectVersion:   Dev-Physics (78F01B33-EBEA-4F98-B9B4-84EACCB95AA2): 14
LogDevObjectVersion:   Dev-Platform (6631380F-2D4D-43E0-8009-CF276956A95A): 0
LogDevObjectVersion:   Dev-Rendering (12F88B9F-8875-4AFC-A67C-D90C383ABD29): 45
LogDevObjectVersion:   Dev-Sequencer (7B5AE74C-D270-4C10-A958-57980B212A5A): 13
LogDevObjectVersion:   Dev-VR (D7296918-1DD6-4BDD-9DE2-64A83CC13884): 3
LogDevObjectVersion:   Dev-LoadTimes (C2A15278-BFE7-4AFE-6C17-90FF531DF755): 1
LogDevObjectVersion:   Private-Geometry (6EACA3D4-40EC-4CC1-B786-8BED09428FC5): 3
LogDevObjectVersion:   Dev-AnimPhys (29E575DD-E0A3-4627-9D10-D276232CDCEA): 17
LogDevObjectVersion:   Dev-Anim (AF43A65D-7FD3-4947-9873-3E8ED9C1BB05): 15
LogDevObjectVersion:   Dev-ReflectionCapture (6B266CEC-1EC7-4B8F-A30B-E4D90942FC07): 1
LogDevObjectVersion:   Dev-Automation (0DF73D61-A23F-47EA-B727-89E90C41499A): 1
LogDevObjectVersion:   FortniteMain (601D1886-AC64-4F84-AA16-D3DE0DEAC7D6): 47
LogDevObjectVersion:   FortniteRelease (E7086368-6B23-4C58-8439-1B7016265E91): 1
LogDevObjectVersion:   Dev-Enterprise (9DFFBCD6-494F-0158-E221-12823C92A888): 10
LogDevObjectVersion:   Dev-Niagara (F2AED0AC-9AFE-416F-8664-AA7FFA26D6FC): 1
LogDevObjectVersion:   Dev-Destruction (174F1F0B-B4C6-45A5-B13F-2EE8D0FB917D): 10
LogDevObjectVersion:   Dev-Physics-Ext (35F94A83-E258-406C-A318-09F59610247C): 41
LogDevObjectVersion:   Dev-PhysicsMaterial-Chaos (B68FC16E-8B1B-42E2-B453-215C058844FE): 1
LogDevObjectVersion:   Dev-CineCamera (B2E18506-4273-CFC2-A54E-F4BB758BBA07): 1
LogDevObjectVersion:   Dev-VirtualProduction (64F58936-FD1B-42BA-BA96-7289D5D0FA4E): 1
LogDevObjectVersion:   Dev-MediaFramework (6F0ED827-A609-4895-9C91-998D90180EA4): 2
LogInit: Presizing for max 25165824 objects, including 0 objects not considered by GC, pre-allocating 0 bytes for permanent pool.
LogConfig: Applying CVar settings from Section [/Script/Engine.StreamingSettings] File [C:/Users/Student/Desktop/unreal projects ER/TopDown Shooter/TopDownShooter01/Saved/Config/Windows/Engine.ini]
LogConfig: Setting CVar [[s.MinBulkDataSizeForAsyncLoading:131072]]
LogConfig: Setting CVar [[s.AsyncLoadingThreadEnabled:0]]
LogConfig: Setting CVar [[s.EventDrivenLoaderEnabled:1]]
LogConfig: Setting CVar [[s.WarnIfTimeLimitExceeded:0]]
LogConfig: Setting CVar [[s.TimeLimitExceededMultiplier:1.5]]
LogConfig: Setting CVar [[s.TimeLimitExceededMinTime:0.005]]
LogConfig: Setting CVar [[s.UseBackgroundLevelStreaming:1]]
LogConfig: Setting CVar [[s.PriorityAsyncLoadingExtraTime:15.0]]
LogConfig: Setting CVar [[s.LevelStreamingActorsUpdateTimeLimit:5.0]]
LogConfig: Setting CVar [[s.PriorityLevelStreamingActorsUpdateExtraTime:5.0]]
LogConfig: Setting CVar [[s.LevelStreamingComponentsRegistrationGranularity:10]]
LogConfig: Setting CVar [[s.UnregisterComponentsTimeLimit:1.0]]
LogConfig: Setting CVar [[s.LevelStreamingComponentsUnregistrationGranularity:5]]
LogConfig: Setting CVar [[s.FlushStreamingOnExit:1]]
LogInit: Object subsystem initialized
LogConfig: Setting CVar [[con.DebugEarlyDefault:1]]
LogConfig: Setting CVar [[r.setres:1280x720]]
[2025.12.17-10.35.11:940][  0]LogConfig: Setting CVar [[r.VSync:0]]
[2025.12.17-10.35.11:940][  0]LogConfig: Setting CVar [[r.RHICmdBypass:0]]
[2025.12.17-10.35.11:941][  0]LogConfig: Applying CVar settings from Section [/Script/Engine.RendererSettings] File [C:/Users/Student/Desktop/unreal projects ER/TopDown Shooter/TopDownShooter01/Saved/Config/Windows/Engine.ini]
[2025.12.17-10.35.11:941][  0]LogConfig: Setting CVar [[r.GPUCrashDebugging:0]]
[2025.12.17-10.35.11:941][  0]LogConfig: Applying CVar settings from Section [/Script/Engine.RendererOverrideSettings] File [C:/Users/Student/Desktop/unreal projects ER/TopDown Shooter/TopDownShooter01/Saved/Config/Windows/Engine.ini]
[2025.12.17-10.35.11:941][  0]LogConfig: Applying CVar settings from Section [/Script/Engine.StreamingSettings] File [C:/Users/Student/Desktop/unreal projects ER/TopDown Shooter/TopDownShooter01/Saved/Config/Windows/Engine.ini]
[2025.12.17-10.35.11:941][  0]LogConfig: Setting CVar [[s.MinBulkDataSizeForAsyncLoading:131072]]
[2025.12.17-10.35.11:941][  0]LogConfig: Setting CVar [[s.AsyncLoadingThreadEnabled:0]]
[2025.12.17-10.35.11:941][  0]LogConfig: Setting CVar [[s.EventDrivenLoaderEnabled:1]]
[2025.12.17-10.35.11:941][  0]LogConfig: Setting CVar [[s.WarnIfTimeLimitExceeded:0]]
[2025.12.17-10.35.11:941][  0]LogConfig: Setting CVar [[s.TimeLimitExceededMultiplier:1.5]]
[2025.12.17-10.35.11:941][  0]LogConfig: Setting CVar [[s.TimeLimitExceededMinTime:0.005]]
[2025.12.17-10.35.11:941][  0]LogConfig: Setting CVar [[s.UseBackgroundLevelStreaming:1]]
[2025.12.17-10.35.11:941][  0]LogConfig: Setting CVar [[s.PriorityAsyncLoadingExtraTime:15.0]]
[2025.12.17-10.35.11:941][  0]LogConfig: Setting CVar [[s.LevelStreamingActorsUpdateTimeLimit:5.0]]
[2025.12.17-10.35.11:941][  0]LogConfig: Setting CVar [[s.PriorityLevelStreamingActorsUpdateExtraTime:5.0]]
[2025.12.17-10.35.11:941][  0]LogConfig: Setting CVar [[s.LevelStreamingComponentsRegistrationGranularity:10]]
[2025.12.17-10.35.11:941][  0]LogConfig: Setting CVar [[s.UnregisterComponentsTimeLimit:1.0]]
[2025.12.17-10.35.11:941][  0]LogConfig: Setting CVar [[s.LevelStreamingComponentsUnregistrationGranularity:5]]
[2025.12.17-10.35.11:941][  0]LogConfig: Setting CVar [[s.FlushStreamingOnExit:1]]
[2025.12.17-10.35.11:941][  0]LogConfig: Applying CVar settings from Section [/Script/Engine.GarbageCollectionSettings] File [C:/Users/Student/Desktop/unreal projects ER/TopDown Shooter/TopDownShooter01/Saved/Config/Windows/Engine.ini]
[2025.12.17-10.35.11:941][  0]LogConfig: Setting CVar [[gc.MaxObjectsNotConsideredByGC:1]]
[2025.12.17-10.35.11:941][  0]LogConfig: Setting CVar [[gc.SizeOfPermanentObjectPool:0]]
[2025.12.17-10.35.11:941][  0]LogConfig: Setting CVar [[gc.FlushStreamingOnGC:0]]
[2025.12.17-10.35.11:941][  0]LogConfig: Setting CVar [[gc.NumRetriesBeforeForcingGC:10]]
[2025.12.17-10.35.11:941][  0]LogConfig: Setting CVar [[gc.AllowParallelGC:1]]
[2025.12.17-10.35.11:941][  0]LogConfig: Setting CVar [[gc.TimeBetweenPurgingPendingKillObjects:61.1]]
[2025.12.17-10.35.11:941][  0]LogConfig: Setting CVar [[gc.MaxObjectsInEditor:25165824]]
[2025.12.17-10.35.11:941][  0]LogConfig: Setting CVar [[gc.IncrementalBeginDestroyEnabled:1]]
[2025.12.17-10.35.11:941][  0]LogConfig: Setting CVar [[gc.CreateGCClusters:1]]
[2025.12.17-10.35.11:941][  0]LogConfig: Setting CVar [[gc.MinGCClusterSize:5]]
[2025.12.17-10.35.11:941][  0]LogConfig: Setting CVar [[gc.ActorClusteringEnabled:0]]
[2025.12.17-10.35.11:941][  0]LogConfig: Setting CVar [[gc.BlueprintClusteringEnabled:0]]
[2025.12.17-10.35.11:941][  0]LogConfig: Setting CVar [[gc.UseDisregardForGCOnDedicatedServers:0]]
[2025.12.17-10.35.11:941][  0]LogConfig: Setting CVar [[gc.MultithreadedDestructionEnabled:1]]
[2025.12.17-10.35.11:941][  0]LogConfig: Applying CVar settings from Section [/Script/Engine.NetworkSettings] File [C:/Users/Student/Desktop/unreal projects ER/TopDown Shooter/TopDownShooter01/Saved/Config/Windows/Engine.ini]
[2025.12.17-10.35.11:941][  0]LogConfig: Applying CVar settings from Section [/Script/UnrealEd.CookerSettings] File [C:/Users/Student/Desktop/unreal projects ER/TopDown Shooter/TopDownShooter01/Saved/Config/Windows/Engine.ini]
[2025.12.17-10.35.11:955][  0]LogConfig: Applying CVar settings from Section [ViewDistanceQuality@3] File [C:/Users/Student/Desktop/unreal projects ER/TopDown Shooter/TopDownShooter01/Saved/Config/Windows/Scalability.ini]
[2025.12.17-10.35.11:955][  0]LogConfig: Setting CVar [[r.SkeletalMeshLODBias:0]]
[2025.12.17-10.35.11:955][  0]LogConfig: Setting CVar [[r.ViewDistanceScale:1.0]]
[2025.12.17-10.35.11:955][  0]LogConfig: Applying CVar settings from Section [AntiAliasingQuality@3] File [C:/Users/Student/Desktop/unreal projects ER/TopDown Shooter/TopDownShooter01/Saved/Config/Windows/Scalability.ini]
[2025.12.17-10.35.11:955][  0]LogConfig: Setting CVar [[r.PostProcessAAQuality:4]]
[2025.12.17-10.35.11:955][  0]LogConfig: Applying CVar settings from Section [ShadowQuality@3] File [C:/Users/Student/Desktop/unreal projects ER/TopDown Shooter/TopDownShooter01/Saved/Config/Windows/Scalability.ini]
[2025.12.17-10.35.11:955][  0]LogConfig: Setting CVar [[r.LightFunctionQuality:1]]
[2025.12.17-10.35.11:955][  0]LogConfig: Setting CVar [[r.ShadowQuality:5]]
[2025.12.17-10.35.11:955][  0]LogConfig: Setting CVar [[r.Shadow.CSM.MaxCascades:10]]
[2025.12.17-10.35.11:955][  0]LogConfig: Setting CVar [[r.Shadow.MaxResolution:2048]]
[2025.12.17-10.35.11:955][  0]LogConfig: Setting CVar [[r.Shadow.MaxCSMResolution:2048]]
[2025.12.17-10.35.11:955][  0]LogConfig: Setting CVar [[r.Shadow.RadiusThreshold:0.01]]
[2025.12.17-10.35.11:955][  0]LogConfig: Setting CVar [[r.Shadow.DistanceScale:1.0]]
[2025.12.17-10.35.11:955][  0]LogConfig: Setting CVar [[r.Shadow.CSM.TransitionScale:1.0]]
[2025.12.17-10.35.11:955][  0]LogConfig: Setting CVar [[r.Shadow.PreShadowResolutionFactor:1.0]]
[2025.12.17-10.35.11:955][  0]LogConfig: Setting CVar [[r.DistanceFieldShadowing:1]]
[2025.12.17-10.35.11:955][  0]LogConfig: Setting CVar [[r.DistanceFieldAO:1]]
[2025.12.17-10.35.11:955][  0]LogConfig: Setting CVar [[r.AOQuality:2]]
[2025.12.17-10.35.11:955][  0]LogConfig: Setting CVar [[r.VolumetricFog:1]]
[2025.12.17-10.35.11:955][  0]LogConfig: Setting CVar [[r.VolumetricFog.GridPixelSize:8]]
[2025.12.17-10.35.11:955][  0]LogConfig: Setting CVar [[r.VolumetricFog.GridSizeZ:128]]
[2025.12.17-10.35.11:955][  0]LogConfig: Setting CVar [[r.VolumetricFog.HistoryMissSupersampleCount:4]]
[2025.12.17-10.35.11:955][  0]LogConfig: Setting CVar [[r.LightMaxDrawDistanceScale:1]]
[2025.12.17-10.35.11:955][  0]LogConfig: Setting CVar [[r.CapsuleShadows:1]]
[2025.12.17-10.35.11:955][  0]LogConfig: Applying CVar settings from Section [PostProcessQuality@3] File [C:/Users/Student/Desktop/unreal projects ER/TopDown Shooter/TopDownShooter01/Saved/Config/Windows/Scalability.ini]
[2025.12.17-10.35.11:955][  0]LogConfig: Setting CVar [[r.MotionBlurQuality:4]]
[2025.12.17-10.35.11:955][  0]LogConfig: Setting CVar [[r.AmbientOcclusionMipLevelFactor:0.4]]
[2025.12.17-10.35.11:955][  0]LogConfig: Setting CVar [[r.AmbientOcclusionMaxQuality:100]]
[2025.12.17-10.35.11:955][  0]LogConfig: Setting CVar [[r.AmbientOcclusionLevels:-1]]
[2025.12.17-10.35.11:955][  0]LogConfig: Setting CVar [[r.AmbientOcclusionRadiusScale:1.0]]
[2025.12.17-10.35.11:956][  0]LogConfig: Setting CVar [[r.DepthOfFieldQuality:2]]
[2025.12.17-10.35.11:956][  0]LogConfig: Setting CVar [[r.RenderTargetPoolMin:400]]
[2025.12.17-10.35.11:956][  0]LogConfig: Setting CVar [[r.LensFlareQuality:2]]
[2025.12.17-10.35.11:956][  0]LogConfig: Setting CVar [[r.SceneColorFringeQuality:1]]
[2025.12.17-10.35.11:956][  0]LogConfig: Setting CVar [[r.EyeAdaptationQuality:2]]
[2025.12.17-10.35.11:956][  0]LogConfig: Setting CVar [[r.BloomQuality:5]]
[2025.12.17-10.35.11:956][  0]LogConfig: Setting CVar [[r.FastBlurThreshold:100]]
[2025.12.17-10.35.11:956][  0]LogConfig: Setting CVar [[r.Upscale.Quality:3]]
[2025.12.17-10.35.11:956][  0]LogConfig: Setting CVar [[r.Tonemapper.GrainQuantization:1]]
[2025.12.17-10.35.11:956][  0]LogConfig: Setting CVar [[r.LightShaftQuality:1]]
[2025.12.17-10.35.11:956][  0]LogConfig: Setting CVar [[r.Filter.SizeScale:1]]
[2025.12.17-10.35.11:956][  0]LogConfig: Setting CVar [[r.Tonemapper.Quality:5]]
[2025.12.17-10.35.11:956][  0]LogConfig: Setting CVar [[r.DOF.Gather.AccumulatorQuality:1        ; higher gathering accumulator quality]]
[2025.12.17-10.35.11:956][  0]LogConfig: Setting CVar [[r.DOF.Gather.PostfilterMethod:1          ; Median3x3 postfilering method]]
[2025.12.17-10.35.11:956][  0]LogConfig: Setting CVar [[r.DOF.Gather.EnableBokehSettings:0       ; no bokeh simulation when gathering]]
[2025.12.17-10.35.11:956][  0]LogConfig: Setting CVar [[r.DOF.Gather.RingCount:4                 ; medium number of samples when gathering]]
[2025.12.17-10.35.11:956][  0]LogConfig: Setting CVar [[r.DOF.Scatter.ForegroundCompositing:1    ; additive foreground scattering]]
[2025.12.17-10.35.11:956][  0]LogConfig: Setting CVar [[r.DOF.Scatter.BackgroundCompositing:2    ; additive background scattering]]
[2025.12.17-10.35.11:956][  0]LogConfig: Setting CVar [[r.DOF.Scatter.EnableBokehSettings:1      ; bokeh simulation when scattering]]
[2025.12.17-10.35.11:956][  0]LogConfig: Setting CVar [[r.DOF.Scatter.MaxSpriteRatio:0.1         ; only a maximum of 10% of scattered bokeh]]
[2025.12.17-10.35.11:956][  0]LogConfig: Setting CVar [[r.DOF.Recombine.Quality:1                ; cheap slight out of focus]]
[2025.12.17-10.35.11:956][  0]LogConfig: Setting CVar [[r.DOF.Recombine.EnableBokehSettings:0    ; no bokeh simulation on slight out of focus]]
[2025.12.17-10.35.11:956][  0]LogConfig: Setting CVar [[r.DOF.TemporalAAQuality:1                ; more stable temporal accumulation]]
[2025.12.17-10.35.11:956][  0]LogConfig: Setting CVar [[r.DOF.Kernel.MaxForegroundRadius:0.025]]
[2025.12.17-10.35.11:956][  0]LogConfig: Setting CVar [[r.DOF.Kernel.MaxBackgroundRadius:0.025]]
[2025.12.17-10.35.11:956][  0]LogConfig: Applying CVar settings from Section [TextureQuality@3] File [C:/Users/Student/Desktop/unreal projects ER/TopDown Shooter/TopDownShooter01/Saved/Config/Windows/Scalability.ini]
[2025.12.17-10.35.11:956][  0]LogConfig: Setting CVar [[r.Streaming.MipBias:0]]
[2025.12.17-10.35.11:956][  0]LogConfig: Setting CVar [[r.Streaming.AmortizeCPUToGPUCopy:0]]
[2025.12.17-10.35.11:956][  0]LogConfig: Setting CVar [[r.Streaming.MaxNumTexturesToStreamPerFrame:0]]
[2025.12.17-10.35.11:956][  0]LogConfig: Setting CVar [[r.Streaming.Boost:1]]
[2025.12.17-10.35.11:956][  0]LogConfig: Setting CVar [[r.MaxAnisotropy:8]]
[2025.12.17-10.35.11:956][  0]LogConfig: Setting CVar [[r.VT.MaxAnisotropy:8]]
[2025.12.17-10.35.11:956][  0]LogConfig: Setting CVar [[r.Streaming.LimitPoolSizeToVRAM:0]]
[2025.12.17-10.35.11:956][  0]LogConfig: Setting CVar [[r.Streaming.PoolSize:1000]]
[2025.12.17-10.35.11:956][  0]LogConfig: Setting CVar [[r.Streaming.MaxEffectiveScreenSize:0]]
[2025.12.17-10.35.11:956][  0]LogConfig: Applying CVar settings from Section [EffectsQuality@3] File [C:/Users/Student/Desktop/unreal projects ER/TopDown Shooter/TopDownShooter01/Saved/Config/Windows/Scalability.ini]
[2025.12.17-10.35.11:956][  0]LogConfig: Setting CVar [[r.TranslucencyLightingVolumeDim:64]]
[2025.12.17-10.35.11:956][  0]LogConfig: Setting CVar [[r.RefractionQuality:2]]
[2025.12.17-10.35.11:956][  0]LogConfig: Setting CVar [[r.SSR.Quality:3]]
[2025.12.17-10.35.11:956][  0]LogConfig: Setting CVar [[r.SSR.HalfResSceneColor:0]]
[2025.12.17-10.35.11:956][  0]LogConfig: Setting CVar [[r.SceneColorFormat:4]]
[2025.12.17-10.35.11:956][  0]LogConfig: Setting CVar [[r.DetailMode:2]]
[2025.12.17-10.35.11:956][  0]LogConfig: Setting CVar [[r.TranslucencyVolumeBlur:1]]
[2025.12.17-10.35.11:956][  0]LogConfig: Setting CVar [[r.MaterialQualityLevel:1 ; High quality]]
[2025.12.17-10.35.11:956][  0]LogConfig: Setting CVar [[r.AnisotropicMaterials:1]]
[2025.12.17-10.35.11:956][  0]LogConfig: Setting CVar [[r.SSS.Scale:1]]
[2025.12.17-10.35.11:956][  0]LogConfig: Setting CVar [[r.SSS.SampleSet:2]]
[2025.12.17-10.35.11:956][  0]LogConfig: Setting CVar [[r.SSS.Quality:1]]
[2025.12.17-10.35.11:956][  0]LogConfig: Setting CVar [[r.SSS.HalfRes:0]]
[2025.12.17-10.35.11:956][  0]LogConfig: Setting CVar [[r.SSGI.Quality:3]]
[2025.12.17-10.35.11:956][  0]LogConfig: Setting CVar [[r.EmitterSpawnRateScale:1.0]]
[2025.12.17-10.35.11:956][  0]LogConfig: Setting CVar [[r.ParticleLightQuality:2]]
[2025.12.17-10.35.11:956][  0]LogConfig: Setting CVar [[r.SkyAtmosphere.AerialPerspectiveLUT.FastApplyOnOpaque:1 ; Always have FastSkyLUT 1 in this case to avoid wrong sky]]
[2025.12.17-10.35.11:956][  0]LogConfig: Setting CVar [[r.SkyAtmosphere.AerialPerspectiveLUT.SampleCountMaxPerSlice:4]]
[2025.12.17-10.35.11:956][  0]LogConfig: Setting CVar [[r.SkyAtmosphere.AerialPerspectiveLUT.DepthResolution:16.0]]
[2025.12.17-10.35.11:956][  0]LogConfig: Setting CVar [[r.SkyAtmosphere.FastSkyLUT:1]]
[2025.12.17-10.35.11:956][  0]LogConfig: Setting CVar [[r.SkyAtmosphere.FastSkyLUT.SampleCountMin:4.0]]
[2025.12.17-10.35.11:956][  0]LogConfig: Setting CVar [[r.SkyAtmosphere.FastSkyLUT.SampleCountMax:128.0]]
[2025.12.17-10.35.11:956][  0]LogConfig: Setting CVar [[r.SkyAtmosphere.SampleCountMin:4.0]]
[2025.12.17-10.35.11:956][  0]LogConfig: Setting CVar [[r.SkyAtmosphere.SampleCountMax:128.0]]
[2025.12.17-10.35.11:956][  0]LogConfig: Setting CVar [[r.SkyAtmosphere.TransmittanceLUT.UseSmallFormat:0]]
[2025.12.17-10.35.11:957][  0]LogConfig: Setting CVar [[r.SkyAtmosphere.TransmittanceLUT.SampleCount:10.0]]
[2025.12.17-10.35.11:957][  0]LogConfig: Setting CVar [[r.SkyAtmosphere.MultiScatteringLUT.SampleCount:15.0]]
[2025.12.17-10.35.11:957][  0]LogConfig: Setting CVar [[r.SkyLight.RealTimeReflectionCapture:1]]
[2025.12.17-10.35.11:957][  0]LogConfig: Applying CVar settings from Section [FoliageQuality@3] File [C:/Users/Student/Desktop/unreal projects ER/TopDown Shooter/TopDownShooter01/Saved/Config/Windows/Scalability.ini]
[2025.12.17-10.35.11:957][  0]LogConfig: Setting CVar [[foliage.DensityScale:1.0]]
[2025.12.17-10.35.11:957][  0]LogConfig: Setting CVar [[grass.DensityScale:1.0]]
[2025.12.17-10.35.11:957][  0]LogConfig: Applying CVar settings from Section [ShadingQuality@3] File [C:/Users/Student/Desktop/unreal projects ER/TopDown Shooter/TopDownShooter01/Saved/Config/Windows/Scalability.ini]
[2025.12.17-10.35.11:957][  0]LogConfig: Setting CVar [[r.HairStrands.SkyLighting.IntegrationType:2]]
[2025.12.17-10.35.11:957][  0]LogConfig: Setting CVar [[r.HairStrands.SkyAO.SampleCount:4]]
[2025.12.17-10.35.11:957][  0]LogConfig: Setting CVar [[r.HairStrands.Visibility.MSAA.SamplePerPixel:4]]
[2025.12.17-10.35.11:957][  0]LogInit: Selected Device Profile: [Windows]
[2025.12.17-10.35.11:958][  0]LogInit: Applying CVar settings loaded from the selected device profile: [Windows]
[2025.12.17-10.35.11:959][  0]LogHAL: Display: Platform has ~ 16 GB [17100070912 / 17179869184 / 16], which maps to Larger [LargestMinGB=32, LargerMinGB=12, DefaultMinGB=8, SmallerMinGB=6, SmallestMinGB=0)
[2025.12.17-10.35.11:959][  0]LogInit: Going up to parent DeviceProfile []
[2025.12.17-10.35.11:960][  0]LogConfig: Applying CVar settings from Section [ViewDistanceQuality@3] File [C:/Users/Student/Desktop/unreal projects ER/TopDown Shooter/TopDownShooter01/Saved/Config/Windows/Scalability.ini]
[2025.12.17-10.35.11:960][  0]LogConfig: Setting CVar [[r.SkeletalMeshLODBias:0]]
[2025.12.17-10.35.11:960][  0]LogConfig: Setting CVar [[r.ViewDistanceScale:1.0]]
[2025.12.17-10.35.11:960][  0]LogConfig: Applying CVar settings from Section [AntiAliasingQuality@3] File [C:/Users/Student/Desktop/unreal projects ER/TopDown Shooter/TopDownShooter01/Saved/Config/Windows/Scalability.ini]
[2025.12.17-10.35.11:960][  0]LogConfig: Setting CVar [[r.PostProcessAAQuality:4]]
[2025.12.17-10.35.11:960][  0]LogConfig: Applying CVar settings from Section [ShadowQuality@3] File [C:/Users/Student/Desktop/unreal projects ER/TopDown Shooter/TopDownShooter01/Saved/Config/Windows/Scalability.ini]
[2025.12.17-10.35.11:960][  0]LogConfig: Setting CVar [[r.LightFunctionQuality:1]]
[2025.12.17-10.35.11:960][  0]LogConfig: Setting CVar [[r.ShadowQuality:5]]
[2025.12.17-10.35.11:960][  0]LogConfig: Setting CVar [[r.Shadow.CSM.MaxCascades:10]]
[2025.12.17-10.35.11:960][  0]LogConfig: Setting CVar [[r.Shadow.MaxResolution:2048]]
[2025.12.17-10.35.11:960][  0]LogConfig: Setting CVar [[r.Shadow.MaxCSMResolution:2048]]
[2025.12.17-10.35.11:960][  0]LogConfig: Setting CVar [[r.Shadow.RadiusThreshold:0.01]]
[2025.12.17-10.35.11:960][  0]LogConfig: Setting CVar [[r.Shadow.DistanceScale:1.0]]
[2025.12.17-10.35.11:960][  0]LogConfig: Setting CVar [[r.Shadow.CSM.TransitionScale:1.0]]
[2025.12.17-10.35.11:960][  0]LogConfig: Setting CVar [[r.Shadow.PreShadowResolutionFactor:1.0]]
[2025.12.17-10.35.11:960][  0]LogConfig: Setting CVar [[r.DistanceFieldShadowing:1]]
[2025.12.17-10.35.11:960][  0]LogConfig: Setting CVar [[r.DistanceFieldAO:1]]
[2025.12.17-10.35.11:960][  0]LogConfig: Setting CVar [[r.AOQuality:2]]
[2025.12.17-10.35.11:960][  0]LogConfig: Setting CVar [[r.VolumetricFog:1]]
[2025.12.17-10.35.11:960][  0]LogConfig: Setting CVar [[r.VolumetricFog.GridPixelSize:8]]
[2025.12.17-10.35.11:960][  0]LogConfig: Setting CVar [[r.VolumetricFog.GridSizeZ:128]]
[2025.12.17-10.35.11:960][  0]LogConfig: Setting CVar [[r.VolumetricFog.HistoryMissSupersampleCount:4]]
[2025.12.17-10.35.11:960][  0]LogConfig: Setting CVar [[r.LightMaxDrawDistanceScale:1]]
[2025.12.17-10.35.11:960][  0]LogConfig: Setting CVar [[r.CapsuleShadows:1]]
[2025.12.17-10.35.11:960][  0]LogConfig: Applying CVar settings from Section [PostProcessQuality@3] File [C:/Users/Student/Desktop/unreal projects ER/TopDown Shooter/TopDownShooter01/Saved/Config/Windows/Scalability.ini]
[2025.12.17-10.35.11:960][  0]LogConfig: Setting CVar [[r.MotionBlurQuality:4]]
[2025.12.17-10.35.11:960][  0]LogConfig: Setting CVar [[r.AmbientOcclusionMipLevelFactor:0.4]]
[2025.12.17-10.35.11:960][  0]LogConfig: Setting CVar [[r.AmbientOcclusionMaxQuality:100]]
[2025.12.17-10.35.11:960][  0]LogConfig: Setting CVar [[r.AmbientOcclusionLevels:-1]]
[2025.12.17-10.35.11:960][  0]LogConfig: Setting CVar [[r.AmbientOcclusionRadiusScale:1.0]]
[2025.12.17-10.35.11:960][  0]LogConfig: Setting CVar [[r.DepthOfFieldQuality:2]]
[2025.12.17-10.35.11:960][  0]LogConfig: Setting CVar [[r.RenderTargetPoolMin:400]]
[2025.12.17-10.35.11:960][  0]LogConfig: Setting CVar [[r.LensFlareQuality:2]]
[2025.12.17-10.35.11:960][  0]LogConfig: Setting CVar [[r.SceneColorFringeQuality:1]]
[2025.12.17-10.35.11:960][  0]LogConfig: Setting CVar [[r.EyeAdaptationQuality:2]]
[2025.12.17-10.35.11:960][  0]LogConfig: Setting CVar [[r.BloomQuality:5]]
[2025.12.17-10.35.11:960][  0]LogConfig: Setting CVar [[r.FastBlurThreshold:100]]
[2025.12.17-10.35.11:960][  0]LogConfig: Setting CVar [[r.Upscale.Quality:3]]
[2025.12.17-10.35.11:960][  0]LogConfig: Setting CVar [[r.Tonemapper.GrainQuantization:1]]
[2025.12.17-10.35.11:960][  0]LogConfig: Setting CVar [[r.LightShaftQuality:1]]
[2025.12.17-10.35.11:960][  0]LogConfig: Setting CVar [[r.Filter.SizeScale:1]]
[2025.12.17-10.35.11:960][  0]LogConfig: Setting CVar [[r.Tonemapper.Quality:5]]
[2025.12.17-10.35.11:960][  0]LogConfig: Setting CVar [[r.DOF.Gather.AccumulatorQuality:1        ; higher gathering accumulator quality]]
[2025.12.17-10.35.11:960][  0]LogConfig: Setting CVar [[r.DOF.Gather.PostfilterMethod:1          ; Median3x3 postfilering method]]
[2025.12.17-10.35.11:961][  0]LogConfig: Setting CVar [[r.DOF.Gather.EnableBokehSettings:0       ; no bokeh simulation when gathering]]
[2025.12.17-10.35.11:961][  0]LogConfig: Setting CVar [[r.DOF.Gather.RingCount:4                 ; medium number of samples when gathering]]
[2025.12.17-10.35.11:961][  0]LogConfig: Setting CVar [[r.DOF.Scatter.ForegroundCompositing:1    ; additive foreground scattering]]
[2025.12.17-10.35.11:961][  0]LogConfig: Setting CVar [[r.DOF.Scatter.BackgroundCompositing:2    ; additive background scattering]]
[2025.12.17-10.35.11:961][  0]LogConfig: Setting CVar [[r.DOF.Scatter.EnableBokehSettings:1      ; bokeh simulation when scattering]]
[2025.12.17-10.35.11:961][  0]LogConfig: Setting CVar [[r.DOF.Scatter.MaxSpriteRatio:0.1         ; only a maximum of 10% of scattered bokeh]]
[2025.12.17-10.35.11:961][  0]LogConfig: Setting CVar [[r.DOF.Recombine.Quality:1                ; cheap slight out of focus]]
[2025.12.17-10.35.11:961][  0]LogConfig: Setting CVar [[r.DOF.Recombine.EnableBokehSettings:0    ; no bokeh simulation on slight out of focus]]
[2025.12.17-10.35.11:961][  0]LogConfig: Setting CVar [[r.DOF.TemporalAAQuality:1                ; more stable temporal accumulation]]
[2025.12.17-10.35.11:961][  0]LogConfig: Setting CVar [[r.DOF.Kernel.MaxForegroundRadius:0.025]]
[2025.12.17-10.35.11:961][  0]LogConfig: Setting CVar [[r.DOF.Kernel.MaxBackgroundRadius:0.025]]
[2025.12.17-10.35.11:961][  0]LogConfig: Applying CVar settings from Section [TextureQuality@3] File [C:/Users/Student/Desktop/unreal projects ER/TopDown Shooter/TopDownShooter01/Saved/Config/Windows/Scalability.ini]
[2025.12.17-10.35.11:961][  0]LogConfig: Setting CVar [[r.Streaming.MipBias:0]]
[2025.12.17-10.35.11:961][  0]LogConfig: Setting CVar [[r.Streaming.AmortizeCPUToGPUCopy:0]]
[2025.12.17-10.35.11:961][  0]LogConfig: Setting CVar [[r.Streaming.MaxNumTexturesToStreamPerFrame:0]]
[2025.12.17-10.35.11:961][  0]LogConfig: Setting CVar [[r.Streaming.Boost:1]]
[2025.12.17-10.35.11:961][  0]LogConfig: Setting CVar [[r.MaxAnisotropy:8]]
[2025.12.17-10.35.11:961][  0]LogConfig: Setting CVar [[r.VT.MaxAnisotropy:8]]
[2025.12.17-10.35.11:961][  0]LogConfig: Setting CVar [[r.Streaming.LimitPoolSizeToVRAM:0]]
[2025.12.17-10.35.11:961][  0]LogConfig: Setting CVar [[r.Streaming.PoolSize:1000]]
[2025.12.17-10.35.11:961][  0]LogConfig: Setting CVar [[r.Streaming.MaxEffectiveScreenSize:0]]
[2025.12.17-10.35.11:961][  0]LogConfig: Applying CVar settings from Section [EffectsQuality@3] File [C:/Users/Student/Desktop/unreal projects ER/TopDown Shooter/TopDownShooter01/Saved/Config/Windows/Scalability.ini]
[2025.12.17-10.35.11:961][  0]LogConfig: Setting CVar [[r.TranslucencyLightingVolumeDim:64]]
[2025.12.17-10.35.11:961][  0]LogConfig: Setting CVar [[r.RefractionQuality:2]]
[2025.12.17-10.35.11:961][  0]LogConfig: Setting CVar [[r.SSR.Quality:3]]
[2025.12.17-10.35.11:961][  0]LogConfig: Setting CVar [[r.SSR.HalfResSceneColor:0]]
[2025.12.17-10.35.11:961][  0]LogConfig: Setting CVar [[r.SceneColorFormat:4]]
[2025.12.17-10.35.11:961][  0]LogConfig: Setting CVar [[r.DetailMode:2]]
[2025.12.17-10.35.11:961][  0]LogConfig: Setting CVar [[r.TranslucencyVolumeBlur:1]]
[2025.12.17-10.35.11:961][  0]LogConfig: Setting CVar [[r.MaterialQualityLevel:1 ; High quality]]
[2025.12.17-10.35.11:961][  0]LogConfig: Setting CVar [[r.AnisotropicMaterials:1]]
[2025.12.17-10.35.11:961][  0]LogConfig: Setting CVar [[r.SSS.Scale:1]]
[2025.12.17-10.35.11:961][  0]LogConfig: Setting CVar [[r.SSS.SampleSet:2]]
[2025.12.17-10.35.11:961][  0]LogConfig: Setting CVar [[r.SSS.Quality:1]]
[2025.12.17-10.35.11:961][  0]LogConfig: Setting CVar [[r.SSS.HalfRes:0]]
[2025.12.17-10.35.11:961][  0]LogConfig: Setting CVar [[r.SSGI.Quality:3]]
[2025.12.17-10.35.11:961][  0]LogConfig: Setting CVar [[r.EmitterSpawnRateScale:1.0]]
[2025.12.17-10.35.11:961][  0]LogConfig: Setting CVar [[r.ParticleLightQuality:2]]
[2025.12.17-10.35.11:961][  0]LogConfig: Setting CVar [[r.SkyAtmosphere.AerialPerspectiveLUT.FastApplyOnOpaque:1 ; Always have FastSkyLUT 1 in this case to avoid wrong sky]]
[2025.12.17-10.35.11:961][  0]LogConfig: Setting CVar [[r.SkyAtmosphere.AerialPerspectiveLUT.SampleCountMaxPerSlice:4]]
[2025.12.17-10.35.11:961][  0]LogConfig: Setting CVar [[r.SkyAtmosphere.AerialPerspectiveLUT.DepthResolution:16.0]]
[2025.12.17-10.35.11:961][  0]LogConfig: Setting CVar [[r.SkyAtmosphere.FastSkyLUT:1]]
[2025.12.17-10.35.11:961][  0]LogConfig: Setting CVar [[r.SkyAtmosphere.FastSkyLUT.SampleCountMin:4.0]]
[2025.12.17-10.35.11:961][  0]LogConfig: Setting CVar [[r.SkyAtmosphere.FastSkyLUT.SampleCountMax:128.0]]
[2025.12.17-10.35.11:961][  0]LogConfig: Setting CVar [[r.SkyAtmosphere.SampleCountMin:4.0]]
[2025.12.17-10.35.11:961][  0]LogConfig: Setting CVar [[r.SkyAtmosphere.SampleCountMax:128.0]]
[2025.12.17-10.35.11:961][  0]LogConfig: Setting CVar [[r.SkyAtmosphere.TransmittanceLUT.UseSmallFormat:0]]
[2025.12.17-10.35.11:962][  0]LogConfig: Setting CVar [[r.SkyAtmosphere.TransmittanceLUT.SampleCount:10.0]]
[2025.12.17-10.35.11:962][  0]LogConfig: Setting CVar [[r.SkyAtmosphere.MultiScatteringLUT.SampleCount:15.0]]
[2025.12.17-10.35.11:962][  0]LogConfig: Setting CVar [[r.SkyLight.RealTimeReflectionCapture:1]]
[2025.12.17-10.35.11:962][  0]LogConfig: Applying CVar settings from Section [FoliageQuality@3] File [C:/Users/Student/Desktop/unreal projects ER/TopDown Shooter/TopDownShooter01/Saved/Config/Windows/Scalability.ini]
[2025.12.17-10.35.11:962][  0]LogConfig: Setting CVar [[foliage.DensityScale:1.0]]
[2025.12.17-10.35.11:962][  0]LogConfig: Setting CVar [[grass.DensityScale:1.0]]
[2025.12.17-10.35.11:962][  0]LogConfig: Applying CVar settings from Section [ShadingQuality@3] File [C:/Users/Student/Desktop/unreal projects ER/TopDown Shooter/TopDownShooter01/Saved/Config/Windows/Scalability.ini]
[2025.12.17-10.35.11:962][  0]LogConfig: Setting CVar [[r.HairStrands.SkyLighting.IntegrationType:2]]
[2025.12.17-10.35.11:962][  0]LogConfig: Setting CVar [[r.HairStrands.SkyAO.SampleCount:4]]
[2025.12.17-10.35.11:962][  0]LogConfig: Setting CVar [[r.HairStrands.Visibility.MSAA.SamplePerPixel:4]]
[2025.12.17-10.35.11:962][  0]LogConfig: Applying CVar settings from Section [Startup] File [../../../Engine/Config/ConsoleVariables.ini]
[2025.12.17-10.35.11:974][  0]LogConfig: Setting CVar [[net.UseAdaptiveNetUpdateFrequency:0]]
[2025.12.17-10.35.11:974][  0]LogConfig: Setting CVar [[p.chaos.AllowCreatePhysxBodies:1]]
[2025.12.17-10.35.11:974][  0]LogConfig: Setting CVar [[fx.SkipVectorVMBackendOptimizations:1]]
[2025.12.17-10.35.11:974][  0]LogConfig: Applying CVar settings from Section [ConsoleVariables] File [C:/Users/Student/Desktop/unreal projects ER/TopDown Shooter/TopDownShooter01/Saved/Config/Windows/Engine.ini]
[2025.12.17-10.35.11:974][  0]LogConfig: Applying CVar settings from Section [ConsoleVariables] File [C:/Users/Student/Desktop/unreal projects ER/TopDown Shooter/TopDownShooter01/Saved/Config/Windows/Editor.ini]
[2025.12.17-10.35.11:975][  0]LogInit: Computer: F11-11
[2025.12.17-10.35.11:976][  0]LogInit: User: Student
[2025.12.17-10.35.11:976][  0]LogInit: CPU Page size=4096, Cores=4
[2025.12.17-10.35.11:976][  0]LogInit: High frequency timer resolution =10.000000 MHz
[2025.12.17-10.35.11:976][  0]LogMemory: Memory total: Physical=15.9GB (16GB approx)
[2025.12.17-10.35.11:976][  0]LogMemory: Platform Memory Stats for Windows
[2025.12.17-10.35.11:976][  0]LogMemory: Process Physical Memory: 143.67 MB used, 143.68 MB peak
[2025.12.17-10.35.11:976][  0]LogMemory: Process Virtual Memory: 130.12 MB used, 130.12 MB peak
[2025.12.17-10.35.11:976][  0]LogMemory: Physical Memory: 5926.93 MB used,  10380.97 MB free, 16307.90 MB total
[2025.12.17-10.35.11:976][  0]LogMemory: Virtual Memory: 134205872.00 MB used,  11852.54 MB free, 134217728.00 MB total
[2025.12.17-10.35.11:984][  0]LogWindows: WindowsPlatformFeatures enabled
[2025.12.17-10.35.12:418][  0]LogInit: Physics initialised using underlying interface: PhysX
[2025.12.17-10.35.12:422][  0]LogInit: Using OS detected language (pl-PL).
[2025.12.17-10.35.12:422][  0]LogInit: Using OS detected locale (pl-PL).
[2025.12.17-10.35.12:454][  0]LogTextLocalizationManager: No specific localization for 'pl-PL' exists, so the 'pl' localization will be used.
[2025.12.17-10.35.12:454][  0]LogTextLocalizationResource: LocRes '../../../Engine/Content/Localization/Editor/pl/Editor.locres' could not be opened for reading!
[2025.12.17-10.35.12:454][  0]LogTextLocalizationResource: LocRes '../../../Engine/Content/Localization/EditorTutorials/pl/EditorTutorials.locres' could not be opened for reading!
[2025.12.17-10.35.12:454][  0]LogTextLocalizationResource: LocRes '../../../Engine/Content/Localization/Keywords/pl/Keywords.locres' could not be opened for reading!
[2025.12.17-10.35.12:455][  0]LogTextLocalizationResource: LocRes '../../../Engine/Content/Localization/Category/pl/Category.locres' could not be opened for reading!
[2025.12.17-10.35.12:455][  0]LogTextLocalizationResource: LocRes '../../../Engine/Content/Localization/ToolTips/pl/ToolTips.locres' could not be opened for reading!
[2025.12.17-10.35.12:456][  0]LogTextLocalizationResource: LocRes '../../../Engine/Content/Localization/PropertyNames/pl/PropertyNames.locres' could not be opened for reading!
[2025.12.17-10.35.12:456][  0]LogTextLocalizationResource: LocRes '../../../Engine/Content/Localization/Engine/pl/Engine.locres' could not be opened for reading!
[2025.12.17-10.35.12:506][  0]LogInit: Setting process to per monitor DPI aware
[2025.12.17-10.35.12:560][  0]LogWindowsTextInputMethodSystem: Display: IME system deactivated.
[2025.12.17-10.35.12:666][  0]LogSlate: New Slate User Created.  User Index 0, Is Virtual User: 0
[2025.12.17-10.35.12:666][  0]LogSlate: Slate User Registered.  User Index 0, Is Virtual User: 0
[2025.12.17-10.35.19:182][  0]LogD3D11RHI: Loaded GFSDK_Aftermath_Lib.x64.dll
[2025.12.17-10.35.19:187][  0]LogHMD: Failed to initialize OpenVR with code 110
[2025.12.17-10.35.19:187][  0]LogD3D11RHI: D3D11 min allowed feature level: 11_0
[2025.12.17-10.35.19:187][  0]LogD3D11RHI: D3D11 max allowed feature level: 11_0
[2025.12.17-10.35.19:187][  0]LogD3D11RHI: D3D11 adapters:
[2025.12.17-10.35.19:285][  0]LogD3D11RHI:    0. 'NVIDIA GeForce GTX 680M' (Feature Level 11_0)
[2025.12.17-10.35.19:285][  0]LogD3D11RHI:       4052/0/8153 MB DedicatedVideo/DedicatedSystem/SharedSystem, Outputs:1, VendorId:0x10de
[2025.12.17-10.35.19:288][  0]LogD3D11RHI:    1. 'Microsoft Basic Render Driver' (Feature Level 11_0)
[2025.12.17-10.35.19:288][  0]LogD3D11RHI:       0/0/8153 MB DedicatedVideo/DedicatedSystem/SharedSystem, Outputs:0, VendorId:0x1414
[2025.12.17-10.35.19:288][  0]LogD3D11RHI: Chosen D3D11 Adapter:
[2025.12.17-10.35.19:288][  0]LogD3D11RHI:     Description : NVIDIA GeForce GTX 680M
[2025.12.17-10.35.19:288][  0]LogD3D11RHI:     VendorId    : 10de
[2025.12.17-10.35.19:288][  0]LogD3D11RHI:     DeviceId    : 11a0
[2025.12.17-10.35.19:288][  0]LogD3D11RHI:     SubSysId    : 10bc1462
[2025.12.17-10.35.19:288][  0]LogD3D11RHI:     Revision    : 00a1
[2025.12.17-10.35.19:288][  0]LogD3D11RHI:     DedicatedVideoMemory : 4249157632 bytes
[2025.12.17-10.35.19:288][  0]LogD3D11RHI:     DedicatedSystemMemory : 0 bytes
[2025.12.17-10.35.19:288][  0]LogD3D11RHI:     SharedSystemMemory : 8550035456 bytes
[2025.12.17-10.35.19:288][  0]LogD3D11RHI:     AdapterLuid : 0 41655
[2025.12.17-10.35.19:297][  0]LogD3D11RHI: Creating new Direct3DDevice
[2025.12.17-10.35.19:297][  0]LogD3D11RHI:     GPU DeviceId: 0x11a0 (for the marketing name, search the web for "GPU Device Id")
[2025.12.17-10.35.19:297][  0]LogWindows: EnumDisplayDevices:
[2025.12.17-10.35.19:297][  0]LogWindows:    0. 'NVIDIA GeForce GTX 680M' (P:1 D:1)
[2025.12.17-10.35.19:298][  0]LogWindows:    1. 'NVIDIA GeForce GTX 680M' (P:0 D:0)
[2025.12.17-10.35.19:298][  0]LogWindows:    2. 'NVIDIA GeForce GTX 680M' (P:0 D:0)
[2025.12.17-10.35.19:298][  0]LogWindows:    3. 'NVIDIA GeForce GTX 680M' (P:0 D:0)
[2025.12.17-10.35.19:298][  0]LogWindows: DebugString: FoundDriverCount:4 
[2025.12.17-10.35.19:298][  0]LogD3D11RHI:     Adapter Name: NVIDIA GeForce GTX 680M
[2025.12.17-10.35.19:299][  0]LogD3D11RHI:   Driver Version: 425.31 (internal:25.21.14.2531, unified:425.31)
[2025.12.17-10.35.19:299][  0]LogD3D11RHI:      Driver Date: 4-9-2019
[2025.12.17-10.35.19:300][  0]LogRHI: Texture pool is 2836 MB (70% of 4052 MB)
[2025.12.17-10.35.19:300][  0]LogD3D11RHI: Creating D3DDevice using adapter:
[2025.12.17-10.35.19:300][  0]LogD3D11RHI:     Description : NVIDIA GeForce GTX 680M
[2025.12.17-10.35.19:300][  0]LogD3D11RHI:     VendorId    : 10de
[2025.12.17-10.35.19:300][  0]LogD3D11RHI:     DeviceId    : 11a0
[2025.12.17-10.35.19:300][  0]LogD3D11RHI:     SubSysId    : 10bc1462
[2025.12.17-10.35.19:300][  0]LogD3D11RHI:     Revision    : 00a1
[2025.12.17-10.35.19:300][  0]LogD3D11RHI:     DedicatedVideoMemory : 4249157632 bytes
[2025.12.17-10.35.19:300][  0]LogD3D11RHI:     DedicatedSystemMemory : 0 bytes
[2025.12.17-10.35.19:300][  0]LogD3D11RHI:     SharedSystemMemory : 8550035456 bytes
[2025.12.17-10.35.19:300][  0]LogD3D11RHI:     AdapterLuid : 0 41655
[2025.12.17-10.35.19:362][  0]LogD3D11RHI: RHI does not have support for 64 bit atomics
[2025.12.17-10.35.19:363][  0]LogD3D11RHI: Async texture creation enabled
[2025.12.17-10.35.19:463][  0]LogD3D11RHI: GPU Timing Frequency: 1000.000000 (Debug: 2 2)
[2025.12.17-10.35.19:535][  0]LogRHI: GeForceNow SDK initialized: 1
[2025.12.17-10.35.20:528][  0]LogTargetPlatformManager: Display: Loaded TargetPlatform 'AllDesktop'
[2025.12.17-10.35.20:559][  0]LogTargetPlatformManager: Display: Loaded TargetPlatform 'Android'
[2025.12.17-10.35.20:559][  0]LogTargetPlatformManager: Display: Loaded TargetPlatform 'Android_ASTC'
[2025.12.17-10.35.20:559][  0]LogTargetPlatformManager: Display: Loaded TargetPlatform 'Android_DXT'
[2025.12.17-10.35.20:559][  0]LogTargetPlatformManager: Display: Loaded TargetPlatform 'Android_ETC2'
[2025.12.17-10.35.20:559][  0]LogTargetPlatformManager: Display: Loaded TargetPlatform 'AndroidClient'
[2025.12.17-10.35.20:559][  0]LogTargetPlatformManager: Display: Loaded TargetPlatform 'Android_ASTCClient'
[2025.12.17-10.35.20:559][  0]LogTargetPlatformManager: Display: Loaded TargetPlatform 'Android_DXTClient'
[2025.12.17-10.35.20:559][  0]LogTargetPlatformManager: Display: Loaded TargetPlatform 'Android_ETC2Client'
[2025.12.17-10.35.20:559][  0]LogTargetPlatformManager: Display: Loaded TargetPlatform 'Android_Multi'
[2025.12.17-10.35.20:559][  0]LogTargetPlatformManager: Display: Loaded TargetPlatform 'Android_MultiClient'
[2025.12.17-10.35.20:591][  0]LogTargetPlatformManager: Display: Loaded TargetPlatform 'IOSClient'
[2025.12.17-10.35.20:591][  0]LogTargetPlatformManager: Display: Loaded TargetPlatform 'IOS'
[2025.12.17-10.35.20:624][  0]LogTargetPlatformManager: Display: Loaded TargetPlatform 'Linux'
[2025.12.17-10.35.20:632][  0]LogTargetPlatformManager: Display: Loaded TargetPlatform 'LinuxNoEditor'
[2025.12.17-10.35.20:640][  0]LogTargetPlatformManager: Display: Loaded TargetPlatform 'LinuxClient'
[2025.12.17-10.35.20:647][  0]LogTargetPlatformManager: Display: Loaded TargetPlatform 'LinuxServer'
[2025.12.17-10.35.20:672][  0]LogTargetPlatformManager: Display: Loaded TargetPlatform 'LinuxAArch64NoEditor'
[2025.12.17-10.35.20:678][  0]LogTargetPlatformManager: Display: Loaded TargetPlatform 'LinuxAArch64Client'
[2025.12.17-10.35.20:686][  0]LogTargetPlatformManager: Display: Loaded TargetPlatform 'LinuxAArch64Server'
[2025.12.17-10.35.20:729][  0]LogTargetPlatformManager: Display: Loaded TargetPlatform 'Lumin'
[2025.12.17-10.35.20:729][  0]LogTargetPlatformManager: Display: Loaded TargetPlatform 'LuminClient'
[2025.12.17-10.35.20:761][  0]LogTargetPlatformManager: Display: Loaded TargetPlatform 'MacNoEditor'
[2025.12.17-10.35.20:768][  0]LogTargetPlatformManager: Display: Loaded TargetPlatform 'Mac'
[2025.12.17-10.35.20:775][  0]LogTargetPlatformManager: Display: Loaded TargetPlatform 'MacClient'
[2025.12.17-10.35.20:781][  0]LogTargetPlatformManager: Display: Loaded TargetPlatform 'MacServer'
[2025.12.17-10.35.20:795][  0]LogTargetPlatformManager: Display: Loaded TargetPlatform 'TVOSClient'
[2025.12.17-10.35.20:795][  0]LogTargetPlatformManager: Display: Loaded TargetPlatform 'TVOS'
[2025.12.17-10.35.20:810][  0]LogTargetPlatformManager: Display: Loaded TargetPlatform 'WindowsNoEditor'
[2025.12.17-10.35.20:817][  0]LogTargetPlatformManager: Display: Loaded TargetPlatform 'Windows'
[2025.12.17-10.35.20:826][  0]LogTargetPlatformManager: Display: Loaded TargetPlatform 'WindowsClient'
[2025.12.17-10.35.20:834][  0]LogTargetPlatformManager: Display: Loaded TargetPlatform 'WindowsServer'
[2025.12.17-10.35.20:834][  0]LogTargetPlatformManager: Display: Building Assets For Windows
[2025.12.17-10.35.20:937][  0]LogAudioDebug: Display: Lib vorbis DLL was dynamically loaded.
[2025.12.17-10.35.21:083][  0]LogTextureFormatOodle: Display: Oodle Texture 2.9.0 init RDO Off
[2025.12.17-10.35.21:323][  0]LogRendererCore: Ray tracing is disabled. Reason: r.RayTracing=0.
[2025.12.17-10.35.21:325][  0]LogShaderCompilers: Guid format shader working directory is -43 characters bigger than the processId version (../../../../../../Users/Student/Desktop/unreal projects ER/TopDown Shooter/TopDownShooter01/Intermediate/Shaders/WorkingDirectory/9608/).
[2025.12.17-10.35.21:325][  0]LogShaderCompilers: Cleaned the shader compiler working directory 'C:/Users/Student/AppData/Local/Temp/UnrealShaderWorkingDir/DF306AB643A6F6630DDC789295BE65AC/'.
[2025.12.17-10.35.21:327][  0]LogXGEController: Cannot use XGE Controller as Incredibuild is not installed on this machine.
[2025.12.17-10.35.21:327][  0]LogShaderCompilers: Cannot use XGE Shader Compiler as Incredibuild is not installed on this machine.
[2025.12.17-10.35.21:327][  0]LogShaderCompilers: Display: Using Local Shader Compiler.
[2025.12.17-10.35.28:925][  0]LogDerivedDataCache: Display: Max Cache Size: 512 MB
[2025.12.17-10.35.29:223][  0]LogDerivedDataCache: Loaded boot cache 0.30s 94MB C:/Users/Student/AppData/Local/UnrealEngine/4.27/DerivedDataCache/Boot.ddc.
[2025.12.17-10.35.29:223][  0]LogDerivedDataCache: Display: Loaded Boot cache: C:/Users/Student/AppData/Local/UnrealEngine/4.27/DerivedDataCache/Boot.ddc
[2025.12.17-10.35.29:223][  0]LogDerivedDataCache: FDerivedDataBackendGraph:  Pak pak cache file ../../../../../../Users/Student/Desktop/unreal projects ER/TopDown Shooter/TopDownShooter01/DerivedDataCache/DDC.ddp not found, will not use a pak cache.
[2025.12.17-10.35.29:223][  0]LogDerivedDataCache: Unable to find inner node Pak for hierarchical cache Hierarchy.
[2025.12.17-10.35.29:223][  0]LogDerivedDataCache: FDerivedDataBackendGraph:  CompressedPak pak cache file ../../../../../../Users/Student/Desktop/unreal projects ER/TopDown Shooter/TopDownShooter01/DerivedDataCache/Compressed.ddp not found, will not use a pak cache.
[2025.12.17-10.35.29:223][  0]LogDerivedDataCache: Unable to find inner node CompressedPak for hierarchical cache Hierarchy.
[2025.12.17-10.35.29:271][  0]LogDerivedDataCache: Display: Pak cache opened for reading ../../../Engine/DerivedDataCache/Compressed.ddp.
[2025.12.17-10.35.29:271][  0]LogDerivedDataCache: FDerivedDataBackendGraph:  EnterprisePak pak cache file ../../../Enterprise/DerivedDataCache/Compressed.ddp not found, will not use a pak cache.
[2025.12.17-10.35.29:271][  0]LogDerivedDataCache: Unable to find inner node EnterprisePak for hierarchical cache Hierarchy.
[2025.12.17-10.35.29:384][  0]LogDerivedDataCache: Speed tests for C:/Users/Student/AppData/Local/UnrealEngine/Common/DerivedDataCache took 0.11 seconds
[2025.12.17-10.35.29:384][  0]LogDerivedDataCache: Display: Performance to C:/Users/Student/AppData/Local/UnrealEngine/Common/DerivedDataCache: Latency=0.50ms. RandomReadSpeed=9.44MBs, RandomWriteSpeed=119.18MBs. Assigned SpeedClass 'Local'
[2025.12.17-10.35.29:385][  0]LogDerivedDataCache: Using Local data cache path C:/Users/Student/AppData/Local/UnrealEngine/Common/DerivedDataCache: Writable
[2025.12.17-10.35.29:385][  0]LogDerivedDataCache: Shared data cache path not found in *engine.ini, will not use an Shared cache.
[2025.12.17-10.35.29:385][  0]LogDerivedDataCache: Unable to find inner node Shared for hierarchical cache Hierarchy.
[2025.12.17-10.35.29:480][  0]LogSlate: Using FreeType 2.10.0
[2025.12.17-10.35.29:501][  0]LogSlate: SlateFontServices - WITH_FREETYPE: 1, WITH_HARFBUZZ: 1
[2025.12.17-10.35.29:573][  0]LogAssetRegistry: FAssetRegistry took 0.0075 seconds to start up
[2025.12.17-10.35.30:073][  0]LogInit: Selected Device Profile: [Windows]
[2025.12.17-10.35.30:073][  0]LogInit: Active device profile: [000001429980FD00][000001429862E0C0 49] Windows
[2025.12.17-10.35.30:073][  0]LogInit: Profiles: [000001429980FD00][000001429862E0C0 49] Windows, [00000142997D8400][0000014298636380 49] WindowsNoEditor, [000001429980C400][000001429863A640 49] WindowsServer, [00000142997DB700][000001429863E900 49] WindowsClient, [000001429980F600][0000014298632B80 49] IOS, [00000142997D8C00][0000014298642E00 49] iPadAir, [000001429980CC00][000001429864B0C0 49] iPadAir2, [0000014299798700][000001429A871600 49] IPadPro, [0000014299798800][000001429864F640 49] iPadAir3, [000001429980F100][0000014298657900 49] iPadAir4, [000001429979BC00][0000014298653BC0 49] iPadMini2, [000001429980D000][000001429865A300 49] iPadMini3, [0000014299799600][000001429A8745C0 49] iPadMini4, [000001429980E900][000001429A878880 49] iPadMini5, [000001429978BF00][000001429A888D80 49] iPhone6, [000001429978BE00][000001429A87CDC0 49] iPodTouch6, [00000142997DAF00][000001429A8952C0 49] iPhone7, [000001429979B700][0000014298647300 49] iPodTouch7, [0000014299788700][000001429A88D5C0 49] iPhone5S, [000001429979B100][000001429A881880 49] iPhone6Plus, [000001429978B200][000001429A891B40 49] iPhone6S, [0000014299798E00][000001429A898280 49] iPhone6SPlus, [0000014299788F00][000001429A89C540 49] iPhone7Plus, [0000014299798600][000001429A8A0800 49] iPhoneSE, [000001429978AB00][000001429A8A4AC0 49] iPhone8, [0000014299799800][000001429A8A8D80 49] iPhone8Plus, [0000014299789600][000001429A885000 49] iPhoneX, [0000014299799200][000001429A8AD280 49] iPhoneXS, [000001429978A400][000001429A8B5540 49] iPhoneXSMax, [0000014299799F00][000001429A8B9800 49] iPhoneXR, [0000014299789D00][000001429A8BDAC0 49] iPhone11, [000001429979B400][000001429A8C0200 49] iPhone11Pro, [000001429978B400][000001429A8C44C0 49] iPhone11ProMax, [000001429979B800][000001429A8C8780 49] iPhoneSE2, [0000014299788B00][000001429A8CCA40 49] iPhone12Mini, [000001429979AF00][000001429A8D0D00 49] iPhone12, [000001429978AC00][000001429A8D4FC0 49] iPhone12Pro, [0000014299798200][000001429A8B1240 49] iPhone12ProMax, [000001429978AA00][000001429A8D94C0 49] iPadPro105, [0000014299799A00][000001429A8E1780 49] iPadPro129, [0000014299789800][000001429A8E5A40 49] iPadPro97, [000001429979B300][000001429A8E8180 49] iPadPro2_129, [0000014299788C00][000001429A8EC440 49] iPad5, [0000014299798300][000001429A8F0700 49] iPad6, [000001429978A900][000001429A8F49C0 49] iPad7, [000001429979BD00][000001429A8F8C80 49] iPad8, [000001429978AF00][000001429A8FCF40 49] iPadPro11, [0000014299799B00][000001429A901200 49] iPadPro2_11, [000001429978B500][000001429A8DD480 49] iPadPro3_129, [000001429979B200][000001429A905700 49] iPadPro4_129, [000001429978AD00][000001429A90D9C0 49] AppleTV, [000001429979B900][000001429A910100 49] AppleTV4K, [000001429978A300][000001429A9143C0 49] TVOS, [0000014299798B00][000001429A918680 49] Mac, [0000014299788A00][000001429A91C940 49] MacClient, [0000014299798500][000001429A920C00 49] MacNoEditor, [0000014299789300][000001429A924EC0 49] MacServer, [000001429979A200][000001429A929180 49] Linux, [000001429978B800][000001429A92D440 49] LinuxAArch64, [000001429979AC00][000001429A9096C0 49] LinuxNoEditor, [0000014299789000][000001429A931940 49] LinuxAArch64NoEditor, [000001429979B600][000001429A939C00 49] LinuxClient, [0000014299788800][000001429A93C340 49] LinuxAArch64Client, [000001429979BF00][000001429A940600 49] LinuxServer, [000001429978B600][000001429A9448C0 49] LinuxAArch64Server, [0000014299799400][000001429A948B80 49] Android, [0000014299788400][000001429A94CE40 49] Android_Low, [0000014299799D00][000001429A951100 49] Android_Mid, [0000014299789500][000001429A9553C0 49] Android_High, [00000142999C0400][000001429A959680 49] Android_Default, [00000142997D8500][000001429A935900 49] Android_Adreno4xx, [00000142999C0900][000001429A95DB80 49] Android_Adreno5xx_Low, [00000142997DA700][000001429A9642C0 49] Android_Adreno5xx, [00000142999C2E00][000001429A968580 49] Android_Adreno6xx, [00000142997D9000][000001429A96C840 49] Android_Adreno6xx_Vulkan, [00000142999C2600][000001429A970B00 49] Android_Mali_T6xx, [00000142997DA100][000001429A974DC0 49] Android_Mali_T7xx, [00000142999C1400][000001429A979080 49] Android_Mali_T8xx, [00000142997D9900][000001429A97D340 49] Android_Mali_G71, [00000142999C0F00][000001429A981600 49] Android_Mali_G72, [00000142997DB500][000001429A9858C0 49] Android_Mali_G72_Vulkan, [00000142999C0E00][000001429A961B40 49] Android_Mali_G76, [00000142997D8900][000001429A988240 49] Android_Mali_G76_Vulkan, [00000142999C0600][000001429A990500 49] Android_Mali_G77, [00000142997DAE00][000001429A9947C0 49] Android_Mali_G77_Vulkan, [00000142999C1E00][000001429A998A80 49] Android_Mali_G78, [00000142997DB400][000001429A99CD40 49] Android_Mali_G78_Vulkan, [00000142999C0C00][000001429A9A1000 49] Android_Mali_G710, [00000142997D9E00][000001429A9A52C0 49] Android_Mali_G710_Vulkan, [00000142999C1700][000001429A9A9580 49] Android_Vulkan_SM5, [00000142997DAC00][000001429A9AD840 49] Android_PowerVR_G6xxx, [00000142999C1200][000001429A9B1B00 49] Android_PowerVR_GT7xxx, [00000142997D8700][000001429A98C200 49] Android_PowerVR_GE8xxx, [000001429978B100][000001429A9B84C0 49] Android_PowerVR_GM9xxx, [0000014299798100][000001429A9BC780 49] Android_PowerVR_GM9xxx_Vulkan, [00000142997D8D00][000001429A9C0A40 49] Android_TegraK1, [0000014299799900][000001429A9C4D00 49] Android_Unknown_Vulkan, [0000014299789900][000001429A9C8FC0 49] Lumin, [00000142999C1C00][000001429A9CD280 49] Lumin_Desktop, [0000014299788600][000001429A9D1540 49] HoloLens, 
[2025.12.17-10.35.30:529][  0]LogMeshReduction: Using QuadricMeshReduction for automatic static mesh reduction
[2025.12.17-10.35.30:529][  0]LogMeshReduction: Using SimplygonMeshReduction for automatic skeletal mesh reduction
[2025.12.17-10.35.30:529][  0]LogMeshReduction: Using ProxyLODMeshReduction for automatic mesh merging
[2025.12.17-10.35.30:529][  0]LogMeshReduction: No distributed automatic mesh merging module available
[2025.12.17-10.35.30:530][  0]LogMeshMerging: No distributed automatic mesh merging module available
[2025.12.17-10.35.30:651][  0]LogNetVersion: MyProject2 1.0.0, NetCL: 17155196, EngineNetVer: 17, GameNetVer: 0 (Checksum: 1659861177)
[2025.12.17-10.35.32:874][  0]LogTexture: Default maximum texture size for cubemaps generated from long-lat sources has been changed from 512 to unlimited. In order to preserve old behaiour for '/Engine/MapTemplates/Sky/DaylightAmbientCubemap.DaylightAmbientCubemap', its maximum texture size has been explicitly set to 512.
[2025.12.17-10.35.33:102][  0]LogHMD: PokeAHoleMaterial loaded successfully
[2025.12.17-10.35.33:110][  0]LogUObjectArray: 17178 objects as part of root set at end of initial load.
[2025.12.17-10.35.33:111][  0]LogUObjectAllocator: 4302048 out of 0 bytes used by permanent object pool.
[2025.12.17-10.35.33:111][  0]LogUObjectArray: CloseDisregardForGC: 0/0 objects in disregard for GC pool
[2025.12.17-10.35.34:180][  0]LogNiagaraDebuggerClient: Niagara Debugger Client Initialized | Session: 50E967EE4382673A5DEF8E8769912F7E | Instance: B54D2A304429A26A2AA662BE605A3DE1 (F11-11-9608).
[2025.12.17-10.35.35:147][  0]LogTcpMessaging: Initializing TcpMessaging bridge
[2025.12.17-10.35.35:159][  0]LogUdpMessaging: Initializing bridge on interface 0.0.0.0:0 to multicast group 230.0.0.1:6666.
[2025.12.17-10.35.35:210][  0]LogPython: Using Python 3.7.7
[2025.12.17-10.35.37:112][  0]SourceControl: Source control is disabled
[2025.12.17-10.35.37:112][  0]SourceControl: Source control is disabled
[2025.12.17-10.35.37:131][  0]SourceControl: Source control is disabled
[2025.12.17-10.35.37:140][  0]SourceControl: Source control is disabled
[2025.12.17-10.35.37:175][  0]SourceControl: Source control is disabled
[2025.12.17-10.35.37:190][  0]LogUProjectInfo: Found projects:
[2025.12.17-10.35.37:201][  0]LogVSAccessor: Display: Unable to create Visual Studio setup instance: 80040154
[2025.12.17-10.35.37:202][  0]LogVSAccessor: Display: Unable to create Visual Studio setup instance: 80040154
[2025.12.17-10.35.37:202][  0]LogVSAccessor: Display: Unable to create Visual Studio setup instance: 80040154
[2025.12.17-10.35.37:977][  0]LogOpenImageDenoise: OIDN starting up
[2025.12.17-10.35.38:011][  0]LogAndroidPermission: UAndroidPermissionCallbackProxy::GetInstance
[2025.12.17-10.35.38:040][  0]LogAudioCaptureCore: Display: No Audio Capture implementations found. Audio input will be silent.
[2025.12.17-10.35.38:040][  0]LogAudioCaptureCore: Display: No Audio Capture implementations found. Audio input will be silent.
[2025.12.17-10.35.38:851][  0]LogCollectionManager: Loaded 0 collections in 0.002836 seconds
[2025.12.17-10.35.38:937][  0]LogFileCache: Scanning file cache for directory 'C:/Users/Student/Desktop/unreal projects ER/TopDown Shooter/TopDownShooter01/Saved/Collections/' took 0.00s
[2025.12.17-10.35.38:937][  0]LogFileCache: Scanning file cache for directory 'C:/Users/Student/Desktop/unreal projects ER/TopDown Shooter/TopDownShooter01/Content/Developers/Student/Collections/' took 0.00s
[2025.12.17-10.35.38:937][  0]LogFileCache: Scanning file cache for directory 'C:/Users/Student/Desktop/unreal projects ER/TopDown Shooter/TopDownShooter01/Content/Collections/' took 0.00s
[2025.12.17-10.35.38:937][  0]LogOcInput: OculusInput pre-init called
[2025.12.17-10.35.39:523][  0]LogEngine: Initializing Engine...
[2025.12.17-10.35.39:629][  0]LogHMD: Failed to enumerate extensions. Please check that you have a valid OpenXR runtime installed.
[2025.12.17-10.35.39:630][  0]LogHMD: Failed to initialize OpenVR with code 110
[2025.12.17-10.35.39:631][  0]LogMagicLeap: Warning: VR disabled because ZI is not enabled.  To enable, in the editor, Edit -> Project Settings -> Plugins -> Magic Leap Plugin -> Enable Zero Iteration
[2025.12.17-10.35.39:635][  0]LogStats: UGameplayTagsManager::InitializeManager -  0.001 s
[2025.12.17-10.35.40:282][  0]LogInit: Initializing FReadOnlyCVARCache
[2025.12.17-10.35.40:335][  0]LogAIModule: Creating AISystem for world Untitled
[2025.12.17-10.35.40:343][  0]LogAudio: Display: Initializing Audio Device Manager...
[2025.12.17-10.35.40:350][  0]LogAudio: Display: Loading Default Audio Settings Objects...
[2025.12.17-10.35.40:361][  0]LogAudio: Display: No default SoundConcurrencyObject specified (or failed to load).
[2025.12.17-10.35.40:363][  0]LogAudio: Display: Audio Device Manager Initialized
[2025.12.17-10.35.40:363][  0]LogAudio: Display: Creating Audio Device:                 Id: 1, Scope: Shared, Realtime: True
[2025.12.17-10.35.40:364][  0]LogAudioMixer: Display: Audio Mixer Platform Settings:
[2025.12.17-10.35.40:364][  0]LogAudioMixer: Display: 	Sample Rate:						  48000
[2025.12.17-10.35.40:364][  0]LogAudioMixer: Display: 	Callback Buffer Frame Size Requested: 1024
[2025.12.17-10.35.40:364][  0]LogAudioMixer: Display: 	Callback Buffer Frame Size To Use:	  1024
[2025.12.17-10.35.40:364][  0]LogAudioMixer: Display: 	Number of buffers to queue:			  2
[2025.12.17-10.35.40:364][  0]LogAudioMixer: Display: 	Max Channels (voices):				  32
[2025.12.17-10.35.40:364][  0]LogAudioMixer: Display: 	Number of Async Source Workers:		  0
[2025.12.17-10.35.40:364][  0]LogAudio: Display: AudioDevice MaxSources: 32
[2025.12.17-10.35.40:366][  0]LogAudio: Display: Audio Spatialization Plugin: None (built-in).
[2025.12.17-10.35.40:366][  0]LogAudio: Display: Audio Reverb Plugin: None (built-in).
[2025.12.17-10.35.40:366][  0]LogAudio: Display: Audio Occlusion Plugin: None (built-in).
[2025.12.17-10.35.40:366][  0]LogAudioMixer: Display: Initializing audio mixer.
[2025.12.17-10.35.40:399][  0]LogAudioMixer: Display: 0: FrontLeft
[2025.12.17-10.35.40:399][  0]LogAudioMixer: Display: 1: FrontRight
[2025.12.17-10.35.40:437][  0]LogAudioMixer: Display: Using Audio Device Głośniki (4 — High Definition Audio Device)
[2025.12.17-10.35.40:438][  0]LogAudioMixer: Display: Initializing Sound Submixes...
[2025.12.17-10.35.40:490][  0]LogAudioMixer: Display: Creating Master Submix 'MasterSubmixDefault'
[2025.12.17-10.35.40:491][  0]LogAudioMixer: Display: Creating Master Submix 'MasterReverbSubmixDefault'
[2025.12.17-10.35.40:494][  0]LogAudioMixer: Display: Creating Master Submix 'MasterEQSubmixDefault'
[2025.12.17-10.35.40:494][  0]LogAudioMixer: FMixerPlatformXAudio2::StartAudioStream() called
[2025.12.17-10.35.40:494][  0]LogAudioMixer: Display: Output buffers initialized: Frames=1024, Channels=2, Samples=2048
[2025.12.17-10.35.40:496][  0]LogAudioMixer: Display: Starting AudioMixerPlatformInterface::RunInternal()
[2025.12.17-10.35.40:496][  0]LogAudioMixer: Display: FMixerPlatformXAudio2::SubmitBuffer() called for the first time
[2025.12.17-10.35.40:496][  0]LogInit: FAudioDevice initialized.
[2025.12.17-10.35.40:497][  0]LogAudio: Display: Audio Device (ID: 1) registered with world 'Untitled'.
[2025.12.17-10.35.40:497][  0]LogNetVersion: Set ProjectVersion to 1.0.0.0. Version Checksum will be recalculated on next use.
[2025.12.17-10.35.40:586][  0]LogDerivedDataCache: Saved boot cache 0.09s 94MB C:/Users/Student/AppData/Local/UnrealEngine/4.27/DerivedDataCache/Boot.ddc.
[2025.12.17-10.35.40:586][  0]LogInit: Texture streaming: Enabled
[2025.12.17-10.35.40:611][  0]LogAnalytics: Display: [UEEditor.Rocket.Release] APIServer = https://datarouter.ol.epicgames.com/. AppVersion = 4.27.2-18319896+++UE4+Release-4.27
[2025.12.17-10.35.40:617][  0]LogEngineSessionManager: EngineSessionManager initialized
[2025.12.17-10.35.40:617][  0]LogEditorSessionSummary: Verbose: Initializing EditorSessionSummaryWriter for editor session tracking
[2025.12.17-10.35.40:621][  0]LogEditorSessionSummary: EditorSessionSummaryWriter initialized
[2025.12.17-10.35.40:982][  0]LogInit: Transaction tracking system initialized
[2025.12.17-10.35.41:319][  0]BlueprintLog: New page: Editor Load
[2025.12.17-10.35.41:590][  0]LocalizationService: Localization service is disabled
[2025.12.17-10.35.41:687][  0]TimingProfiler: Initialize
[2025.12.17-10.35.41:690][  0]TimingProfiler: OnSessionChanged
[2025.12.17-10.35.41:690][  0]LoadingProfiler: Initialize
[2025.12.17-10.35.41:691][  0]LoadingProfiler: OnSessionChanged
[2025.12.17-10.35.41:691][  0]NetworkingProfiler: Initialize
[2025.12.17-10.35.41:692][  0]NetworkingProfiler: OnSessionChanged
[2025.12.17-10.35.41:692][  0]MemoryProfiler: Initialize
[2025.12.17-10.35.41:692][  0]MemoryProfiler: OnSessionChanged
[2025.12.17-10.35.41:881][  0]LogVSAccessor: Display: Unable to create Visual Studio setup instance: 80040154
[2025.12.17-10.35.41:882][  0]LogVSAccessor: Display: Unable to create Visual Studio setup instance: 80040154
[2025.12.17-10.35.41:883][  0]LogVSAccessor: Display: Unable to create Visual Studio setup instance: 80040154
[2025.12.17-10.35.42:640][  0]LogCook: Display: CookSettings for Memory: MemoryMaxUsedVirtual 0MiB, MemoryMaxUsedPhysical 16384MiB, MemoryMinFreeVirtual 0MiB, MemoryMinFreePhysical 1024MiB
[2025.12.17-10.35.42:641][  0]LogCook: Display: Mobile HDR setting 1
[2025.12.17-10.35.43:076][  0]LogFileCache: Scanning file cache for directory 'C:/Users/Student/Desktop/unreal projects ER/TopDown Shooter/TopDownShooter01/Content/' took 0.02s
[2025.12.17-10.35.43:566][  0]LogInit: Display: Engine is initialized. Leaving FEngineLoop::Init()
[2025.12.17-10.35.43:579][  0]SourceControl: Source control is disabled
[2025.12.17-10.35.43:582][  0]LogUnrealEdMisc: Loading editor; pre map load, took 38.986
[2025.12.17-10.35.43:585][  0]Cmd: MAP LOAD FILE="../../../../../../Users/Student/Desktop/unreal projects ER/TopDown Shooter/TopDownShooter01/Content/StarterContent/Maps/Minimal_Default.umap" TEMPLATE=0 SHOWPROGRESS=1 FEATURELEVEL=3
[2025.12.17-10.35.43:597][  0]LightingResults: New page: Lighting Build
[2025.12.17-10.35.43:605][  0]LogWorld: UWorld::CleanupWorld for Untitled, bSessionEnded=true, bCleanupResources=true
[2025.12.17-10.35.43:607][  0]LogSlate: InvalidateAllWidgets triggered.  All widgets were invalidated
[2025.12.17-10.35.43:608][  0]MapCheck: New page: Map Check
[2025.12.17-10.35.43:608][  0]LightingResults: New page: Lighting Build
[2025.12.17-10.35.43:620][  0]LogAudio: Display: Audio Device unregistered from world 'None'.
[2025.12.17-10.35.43:629][  0]LogUObjectHash: Compacting FUObjectHashTables data took   1.70ms
[2025.12.17-10.35.44:429][  0]LogTexture: Display: Building textures: DeprecatedTextureD6C57B644F03DADF4F2699848FAEA3C3 (BGRA8, 128X128)
[2025.12.17-10.35.44:439][  0]LogTexture: Display: Building textures: DeprecatedTexture8D91C9AE4C6B8D628CDA3C848426284A (BGRA8, 128X128)
[2025.12.17-10.35.44:517][  0]LogAudio: Display: Audio Device (ID: 1) registered with world 'Minimal_Default'.
[2025.12.17-10.35.44:519][  0]LogAIModule: Creating AISystem for world Minimal_Default
[2025.12.17-10.35.44:573][  0]LogEditorServer: Finished looking for orphan Actors (0.000 secs)
[2025.12.17-10.35.44:594][  0]LogUObjectHash: Compacting FUObjectHashTables data took   1.40ms
[2025.12.17-10.35.44:596][  0]Cmd: MAP CHECKDEP NOCLEARLOG
[2025.12.17-10.35.44:597][  0]MapCheck: Map check complete: 0 Error(s), 0 Warning(s), took 0,596ms to complete.
[2025.12.17-10.35.44:597][  0]LogFileHelpers: Loading map 'Minimal_Default' took 1.012
[2025.12.17-10.35.44:643][  0]LogUnrealEdMisc: Total Editor Startup Time, took 40.047
[2025.12.17-10.35.44:891][  0]LogSlate: Updating window title bar state: overlay mode, drag disabled, window buttons hidden, title bar hidden
[2025.12.17-10.35.44:903][  0]LogSlate: Updating window title bar state: overlay mode, drag disabled, window buttons hidden, title bar hidden
[2025.12.17-10.35.44:914][  0]LogSlate: Updating window title bar state: overlay mode, drag disabled, window buttons hidden, title bar hidden
[2025.12.17-10.35.44:924][  0]LogSlate: Updating window title bar state: overlay mode, drag disabled, window buttons hidden, title bar hidden
[2025.12.17-10.35.45:001][  0]LogNativeClassHierarchy: Verbose: Native class hierarchy populated in 0.0127 seconds. Added 3822 classes and 928 folders.
[2025.12.17-10.35.45:012][  0]LogNativeClassHierarchy: Verbose: Native class hierarchy updated for 'WidgetCarousel' in 0.0004 seconds. Added 0 classes and 0 folders.
[2025.12.17-10.35.45:041][  0]LogPakFile: PakFile PrimaryIndexSize=187
[2025.12.17-10.35.45:041][  0]LogPakFile: PakFile PathHashIndexSize=101
[2025.12.17-10.35.45:041][  0]LogPakFile: PakFile FullDirectoryIndexSize=148
[2025.12.17-10.35.45:041][  0]LogShaderLibrary: Display: ShaderCodeLibraryPakFileMountedCallback: PakFile 'C:/Program Files/Epic Games/UE_4.27/FeaturePacks/FP_FirstPerson.upack' (chunk index -1, root 'root:/') mounted
[2025.12.17-10.35.45:041][  0]LogShaderLibrary: Display: ShaderCodeLibraryPakFileMountedCallback: pending pak file info (ChunkID:-1 Root:root:/ File:C:/Program Files/Epic Games/UE_4.27/FeaturePacks/FP_FirstPerson.upack)
[2025.12.17-10.35.45:041][  0]LogPakFile: OnPakFileMounted2Time == 0.000143
[2025.12.17-10.35.45:069][  0]LogPakFile: PakFile PrimaryIndexSize=189
[2025.12.17-10.35.45:069][  0]LogPakFile: PakFile PathHashIndexSize=101
[2025.12.17-10.35.45:069][  0]LogPakFile: PakFile FullDirectoryIndexSize=152
[2025.12.17-10.35.45:069][  0]LogShaderLibrary: Display: ShaderCodeLibraryPakFileMountedCallback: PakFile 'C:/Program Files/Epic Games/UE_4.27/FeaturePacks/FP_FirstPersonBP.upack' (chunk index -1, root 'root:/') mounted
[2025.12.17-10.35.45:070][  0]LogShaderLibrary: Display: ShaderCodeLibraryPakFileMountedCallback: pending pak file info (ChunkID:-1 Root:root:/ File:C:/Program Files/Epic Games/UE_4.27/FeaturePacks/FP_FirstPersonBP.upack)
[2025.12.17-10.35.45:070][  0]LogPakFile: OnPakFileMounted2Time == 0.000128
[2025.12.17-10.35.45:089][  0]LogPakFile: PakFile PrimaryIndexSize=191
[2025.12.17-10.35.45:089][  0]LogPakFile: PakFile PathHashIndexSize=101
[2025.12.17-10.35.45:089][  0]LogPakFile: PakFile FullDirectoryIndexSize=160
[2025.12.17-10.35.45:089][  0]LogShaderLibrary: Display: ShaderCodeLibraryPakFileMountedCallback: PakFile 'C:/Program Files/Epic Games/UE_4.27/FeaturePacks/MobileStarterContent.upack' (chunk index -1, root 'root:/') mounted
[2025.12.17-10.35.45:089][  0]LogShaderLibrary: Display: ShaderCodeLibraryPakFileMountedCallback: pending pak file info (ChunkID:-1 Root:root:/ File:C:/Program Files/Epic Games/UE_4.27/FeaturePacks/MobileStarterContent.upack)
[2025.12.17-10.35.45:089][  0]LogPakFile: OnPakFileMounted2Time == 0.000095
[2025.12.17-10.35.45:110][  0]LogPakFile: PakFile PrimaryIndexSize=185
[2025.12.17-10.35.45:110][  0]LogPakFile: PakFile PathHashIndexSize=101
[2025.12.17-10.35.45:110][  0]LogPakFile: PakFile FullDirectoryIndexSize=148
[2025.12.17-10.35.45:110][  0]LogShaderLibrary: Display: ShaderCodeLibraryPakFileMountedCallback: PakFile 'C:/Program Files/Epic Games/UE_4.27/FeaturePacks/StarterContent.upack' (chunk index -1, root 'root:/') mounted
[2025.12.17-10.35.45:110][  0]LogShaderLibrary: Display: ShaderCodeLibraryPakFileMountedCallback: pending pak file info (ChunkID:-1 Root:root:/ File:C:/Program Files/Epic Games/UE_4.27/FeaturePacks/StarterContent.upack)
[2025.12.17-10.35.45:110][  0]LogPakFile: OnPakFileMounted2Time == 0.000118
[2025.12.17-10.35.45:129][  0]LogPakFile: PakFile PrimaryIndexSize=190
[2025.12.17-10.35.45:129][  0]LogPakFile: PakFile PathHashIndexSize=101
[2025.12.17-10.35.45:129][  0]LogPakFile: PakFile FullDirectoryIndexSize=154
[2025.12.17-10.35.45:129][  0]LogShaderLibrary: Display: ShaderCodeLibraryPakFileMountedCallback: PakFile 'C:/Program Files/Epic Games/UE_4.27/FeaturePacks/TP_2DSideScroller.upack' (chunk index -1, root 'root:/') mounted
[2025.12.17-10.35.45:129][  0]LogShaderLibrary: Display: ShaderCodeLibraryPakFileMountedCallback: pending pak file info (ChunkID:-1 Root:root:/ File:C:/Program Files/Epic Games/UE_4.27/FeaturePacks/TP_2DSideScroller.upack)
[2025.12.17-10.35.45:129][  0]LogPakFile: OnPakFileMounted2Time == 0.000065
[2025.12.17-10.35.45:144][  0]LogPakFile: PakFile PrimaryIndexSize=192
[2025.12.17-10.35.45:144][  0]LogPakFile: PakFile PathHashIndexSize=101
[2025.12.17-10.35.45:144][  0]LogPakFile: PakFile FullDirectoryIndexSize=158
[2025.12.17-10.35.45:144][  0]LogShaderLibrary: Display: ShaderCodeLibraryPakFileMountedCallback: PakFile 'C:/Program Files/Epic Games/UE_4.27/FeaturePacks/TP_2DSideScrollerBP.upack' (chunk index -1, root 'root:/') mounted
[2025.12.17-10.35.45:144][  0]LogShaderLibrary: Display: ShaderCodeLibraryPakFileMountedCallback: pending pak file info (ChunkID:-1 Root:root:/ File:C:/Program Files/Epic Games/UE_4.27/FeaturePacks/TP_2DSideScrollerBP.upack)
[2025.12.17-10.35.45:144][  0]LogPakFile: OnPakFileMounted2Time == 0.000076
[2025.12.17-10.35.45:157][  0]LogPakFile: PakFile PrimaryIndexSize=182
[2025.12.17-10.35.45:157][  0]LogPakFile: PakFile PathHashIndexSize=101
[2025.12.17-10.35.45:157][  0]LogPakFile: PakFile FullDirectoryIndexSize=138
[2025.12.17-10.35.45:157][  0]LogShaderLibrary: Display: ShaderCodeLibraryPakFileMountedCallback: PakFile 'C:/Program Files/Epic Games/UE_4.27/FeaturePacks/TP_Flying.upack' (chunk index -1, root 'root:/') mounted
[2025.12.17-10.35.45:157][  0]LogShaderLibrary: Display: ShaderCodeLibraryPakFileMountedCallback: pending pak file info (ChunkID:-1 Root:root:/ File:C:/Program Files/Epic Games/UE_4.27/FeaturePacks/TP_Flying.upack)
[2025.12.17-10.35.45:157][  0]LogPakFile: OnPakFileMounted2Time == 0.000060
[2025.12.17-10.35.45:173][  0]LogPakFile: PakFile PrimaryIndexSize=184
[2025.12.17-10.35.45:173][  0]LogPakFile: PakFile PathHashIndexSize=101
[2025.12.17-10.35.45:173][  0]LogPakFile: PakFile FullDirectoryIndexSize=142
[2025.12.17-10.35.45:174][  0]LogShaderLibrary: Display: ShaderCodeLibraryPakFileMountedCallback: PakFile 'C:/Program Files/Epic Games/UE_4.27/FeaturePacks/TP_FlyingBP.upack' (chunk index -1, root 'root:/') mounted
[2025.12.17-10.35.45:174][  0]LogShaderLibrary: Display: ShaderCodeLibraryPakFileMountedCallback: pending pak file info (ChunkID:-1 Root:root:/ File:C:/Program Files/Epic Games/UE_4.27/FeaturePacks/TP_FlyingBP.upack)
[2025.12.17-10.35.45:174][  0]LogPakFile: OnPakFileMounted2Time == 0.000076
[2025.12.17-10.35.45:193][  0]LogPakFile: PakFile PrimaryIndexSize=188
[2025.12.17-10.35.45:193][  0]LogPakFile: PakFile PathHashIndexSize=101
[2025.12.17-10.35.45:193][  0]LogPakFile: PakFile FullDirectoryIndexSize=150
[2025.12.17-10.35.45:193][  0]LogShaderLibrary: Display: ShaderCodeLibraryPakFileMountedCallback: PakFile 'C:/Program Files/Epic Games/UE_4.27/FeaturePacks/TP_HandheldARBP.upack' (chunk index -1, root 'root:/') mounted
[2025.12.17-10.35.45:193][  0]LogShaderLibrary: Display: ShaderCodeLibraryPakFileMountedCallback: pending pak file info (ChunkID:-1 Root:root:/ File:C:/Program Files/Epic Games/UE_4.27/FeaturePacks/TP_HandheldARBP.upack)
[2025.12.17-10.35.45:193][  0]LogPakFile: OnPakFileMounted2Time == 0.000082
[2025.12.17-10.35.45:215][  0]LogPakFile: PakFile PrimaryIndexSize=182
[2025.12.17-10.35.45:215][  0]LogPakFile: PakFile PathHashIndexSize=101
[2025.12.17-10.35.45:215][  0]LogPakFile: PakFile FullDirectoryIndexSize=138
[2025.12.17-10.35.45:215][  0]LogShaderLibrary: Display: ShaderCodeLibraryPakFileMountedCallback: PakFile 'C:/Program Files/Epic Games/UE_4.27/FeaturePacks/TP_Puzzle.upack' (chunk index -1, root 'root:/') mounted
[2025.12.17-10.35.45:215][  0]LogShaderLibrary: Display: ShaderCodeLibraryPakFileMountedCallback: pending pak file info (ChunkID:-1 Root:root:/ File:C:/Program Files/Epic Games/UE_4.27/FeaturePacks/TP_Puzzle.upack)
[2025.12.17-10.35.45:215][  0]LogPakFile: OnPakFileMounted2Time == 0.000061
[2025.12.17-10.35.45:229][  0]LogPakFile: PakFile PrimaryIndexSize=184
[2025.12.17-10.35.45:229][  0]LogPakFile: PakFile PathHashIndexSize=101
[2025.12.17-10.35.45:229][  0]LogPakFile: PakFile FullDirectoryIndexSize=142
[2025.12.17-10.35.45:229][  0]LogShaderLibrary: Display: ShaderCodeLibraryPakFileMountedCallback: PakFile 'C:/Program Files/Epic Games/UE_4.27/FeaturePacks/TP_PuzzleBP.upack' (chunk index -1, root 'root:/') mounted
[2025.12.17-10.35.45:229][  0]LogShaderLibrary: Display: ShaderCodeLibraryPakFileMountedCallback: pending pak file info (ChunkID:-1 Root:root:/ File:C:/Program Files/Epic Games/UE_4.27/FeaturePacks/TP_PuzzleBP.upack)
[2025.12.17-10.35.45:229][  0]LogPakFile: OnPakFileMounted2Time == 0.000060
[2025.12.17-10.35.45:243][  0]LogPakFile: PakFile PrimaryIndexSize=183
[2025.12.17-10.35.45:243][  0]LogPakFile: PakFile PathHashIndexSize=101
[2025.12.17-10.35.45:243][  0]LogPakFile: PakFile FullDirectoryIndexSize=140
[2025.12.17-10.35.45:243][  0]LogShaderLibrary: Display: ShaderCodeLibraryPakFileMountedCallback: PakFile 'C:/Program Files/Epic Games/UE_4.27/FeaturePacks/TP_Rolling.upack' (chunk index -1, root 'root:/') mounted
[2025.12.17-10.35.45:244][  0]LogShaderLibrary: Display: ShaderCodeLibraryPakFileMountedCallback: pending pak file info (ChunkID:-1 Root:root:/ File:C:/Program Files/Epic Games/UE_4.27/FeaturePacks/TP_Rolling.upack)
[2025.12.17-10.35.45:244][  0]LogPakFile: OnPakFileMounted2Time == 0.000065
[2025.12.17-10.35.45:258][  0]LogPakFile: PakFile PrimaryIndexSize=185
[2025.12.17-10.35.45:258][  0]LogPakFile: PakFile PathHashIndexSize=101
[2025.12.17-10.35.45:258][  0]LogPakFile: PakFile FullDirectoryIndexSize=144
[2025.12.17-10.35.45:258][  0]LogShaderLibrary: Display: ShaderCodeLibraryPakFileMountedCallback: PakFile 'C:/Program Files/Epic Games/UE_4.27/FeaturePacks/TP_RollingBP.upack' (chunk index -1, root 'root:/') mounted
[2025.12.17-10.35.45:258][  0]LogShaderLibrary: Display: ShaderCodeLibraryPakFileMountedCallback: pending pak file info (ChunkID:-1 Root:root:/ File:C:/Program Files/Epic Games/UE_4.27/FeaturePacks/TP_RollingBP.upack)
[2025.12.17-10.35.45:258][  0]LogPakFile: OnPakFileMounted2Time == 0.000060
[2025.12.17-10.35.45:271][  0]LogPakFile: PakFile PrimaryIndexSize=188
[2025.12.17-10.35.45:271][  0]LogPakFile: PakFile PathHashIndexSize=101
[2025.12.17-10.35.45:271][  0]LogPakFile: PakFile FullDirectoryIndexSize=150
[2025.12.17-10.35.45:271][  0]LogShaderLibrary: Display: ShaderCodeLibraryPakFileMountedCallback: PakFile 'C:/Program Files/Epic Games/UE_4.27/FeaturePacks/TP_SideScroller.upack' (chunk index -1, root 'root:/') mounted
[2025.12.17-10.35.45:271][  0]LogShaderLibrary: Display: ShaderCodeLibraryPakFileMountedCallback: pending pak file info (ChunkID:-1 Root:root:/ File:C:/Program Files/Epic Games/UE_4.27/FeaturePacks/TP_SideScroller.upack)
[2025.12.17-10.35.45:271][  0]LogPakFile: OnPakFileMounted2Time == 0.000059
[2025.12.17-10.35.45:283][  0]LogPakFile: PakFile PrimaryIndexSize=190
[2025.12.17-10.35.45:283][  0]LogPakFile: PakFile PathHashIndexSize=101
[2025.12.17-10.35.45:283][  0]LogPakFile: PakFile FullDirectoryIndexSize=154
[2025.12.17-10.35.45:283][  0]LogShaderLibrary: Display: ShaderCodeLibraryPakFileMountedCallback: PakFile 'C:/Program Files/Epic Games/UE_4.27/FeaturePacks/TP_SideScrollerBP.upack' (chunk index -1, root 'root:/') mounted
[2025.12.17-10.35.45:283][  0]LogShaderLibrary: Display: ShaderCodeLibraryPakFileMountedCallback: pending pak file info (ChunkID:-1 Root:root:/ File:C:/Program Files/Epic Games/UE_4.27/FeaturePacks/TP_SideScrollerBP.upack)
[2025.12.17-10.35.45:283][  0]LogPakFile: OnPakFileMounted2Time == 0.000074
[2025.12.17-10.35.45:296][  0]LogPakFile: PakFile PrimaryIndexSize=187
[2025.12.17-10.35.45:296][  0]LogPakFile: PakFile PathHashIndexSize=101
[2025.12.17-10.35.45:296][  0]LogPakFile: PakFile FullDirectoryIndexSize=148
[2025.12.17-10.35.45:296][  0]LogShaderLibrary: Display: ShaderCodeLibraryPakFileMountedCallback: PakFile 'C:/Program Files/Epic Games/UE_4.27/FeaturePacks/TP_ThirdPerson.upack' (chunk index -1, root 'root:/') mounted
[2025.12.17-10.35.45:296][  0]LogShaderLibrary: Display: ShaderCodeLibraryPakFileMountedCallback: pending pak file info (ChunkID:-1 Root:root:/ File:C:/Program Files/Epic Games/UE_4.27/FeaturePacks/TP_ThirdPerson.upack)
[2025.12.17-10.35.45:296][  0]LogPakFile: OnPakFileMounted2Time == 0.000083
[2025.12.17-10.35.45:313][  0]LogPakFile: PakFile PrimaryIndexSize=189
[2025.12.17-10.35.45:313][  0]LogPakFile: PakFile PathHashIndexSize=101
[2025.12.17-10.35.45:313][  0]LogPakFile: PakFile FullDirectoryIndexSize=152
[2025.12.17-10.35.45:313][  0]LogShaderLibrary: Display: ShaderCodeLibraryPakFileMountedCallback: PakFile 'C:/Program Files/Epic Games/UE_4.27/FeaturePacks/TP_ThirdPersonBP.upack' (chunk index -1, root 'root:/') mounted
[2025.12.17-10.35.45:313][  0]LogShaderLibrary: Display: ShaderCodeLibraryPakFileMountedCallback: pending pak file info (ChunkID:-1 Root:root:/ File:C:/Program Files/Epic Games/UE_4.27/FeaturePacks/TP_ThirdPersonBP.upack)
[2025.12.17-10.35.45:313][  0]LogPakFile: OnPakFileMounted2Time == 0.000060
[2025.12.17-10.35.45:326][  0]LogPakFile: PakFile PrimaryIndexSize=183
[2025.12.17-10.35.45:327][  0]LogPakFile: PakFile PathHashIndexSize=101
[2025.12.17-10.35.45:327][  0]LogPakFile: PakFile FullDirectoryIndexSize=140
[2025.12.17-10.35.45:327][  0]LogShaderLibrary: Display: ShaderCodeLibraryPakFileMountedCallback: PakFile 'C:/Program Files/Epic Games/UE_4.27/FeaturePacks/TP_TopDown.upack' (chunk index -1, root 'root:/') mounted
[2025.12.17-10.35.45:327][  0]LogShaderLibrary: Display: ShaderCodeLibraryPakFileMountedCallback: pending pak file info (ChunkID:-1 Root:root:/ File:C:/Program Files/Epic Games/UE_4.27/FeaturePacks/TP_TopDown.upack)
[2025.12.17-10.35.45:327][  0]LogPakFile: OnPakFileMounted2Time == 0.000073
[2025.12.17-10.35.45:340][  0]LogPakFile: PakFile PrimaryIndexSize=185
[2025.12.17-10.35.45:340][  0]LogPakFile: PakFile PathHashIndexSize=101
[2025.12.17-10.35.45:340][  0]LogPakFile: PakFile FullDirectoryIndexSize=144
[2025.12.17-10.35.45:340][  0]LogShaderLibrary: Display: ShaderCodeLibraryPakFileMountedCallback: PakFile 'C:/Program Files/Epic Games/UE_4.27/FeaturePacks/TP_TopDownBP.upack' (chunk index -1, root 'root:/') mounted
[2025.12.17-10.35.45:340][  0]LogShaderLibrary: Display: ShaderCodeLibraryPakFileMountedCallback: pending pak file info (ChunkID:-1 Root:root:/ File:C:/Program Files/Epic Games/UE_4.27/FeaturePacks/TP_TopDownBP.upack)
[2025.12.17-10.35.45:340][  0]LogPakFile: OnPakFileMounted2Time == 0.000068
[2025.12.17-10.35.45:357][  0]LogPakFile: PakFile PrimaryIndexSize=185
[2025.12.17-10.35.45:357][  0]LogPakFile: PakFile PathHashIndexSize=101
[2025.12.17-10.35.45:357][  0]LogPakFile: PakFile FullDirectoryIndexSize=144
[2025.12.17-10.35.45:357][  0]LogShaderLibrary: Display: ShaderCodeLibraryPakFileMountedCallback: PakFile 'C:/Program Files/Epic Games/UE_4.27/FeaturePacks/TP_TwinStick.upack' (chunk index -1, root 'root:/') mounted
[2025.12.17-10.35.45:357][  0]LogShaderLibrary: Display: ShaderCodeLibraryPakFileMountedCallback: pending pak file info (ChunkID:-1 Root:root:/ File:C:/Program Files/Epic Games/UE_4.27/FeaturePacks/TP_TwinStick.upack)
[2025.12.17-10.35.45:357][  0]LogPakFile: OnPakFileMounted2Time == 0.000085
[2025.12.17-10.35.45:370][  0]LogPakFile: PakFile PrimaryIndexSize=187
[2025.12.17-10.35.45:370][  0]LogPakFile: PakFile PathHashIndexSize=101
[2025.12.17-10.35.45:370][  0]LogPakFile: PakFile FullDirectoryIndexSize=148
[2025.12.17-10.35.45:370][  0]LogShaderLibrary: Display: ShaderCodeLibraryPakFileMountedCallback: PakFile 'C:/Program Files/Epic Games/UE_4.27/FeaturePacks/TP_TwinStickBP.upack' (chunk index -1, root 'root:/') mounted
[2025.12.17-10.35.45:370][  0]LogShaderLibrary: Display: ShaderCodeLibraryPakFileMountedCallback: pending pak file info (ChunkID:-1 Root:root:/ File:C:/Program Files/Epic Games/UE_4.27/FeaturePacks/TP_TwinStickBP.upack)
[2025.12.17-10.35.45:370][  0]LogPakFile: OnPakFileMounted2Time == 0.000061
[2025.12.17-10.35.45:383][  0]LogPakFile: PakFile PrimaryIndexSize=183
[2025.12.17-10.35.45:383][  0]LogPakFile: PakFile PathHashIndexSize=101
[2025.12.17-10.35.45:384][  0]LogPakFile: PakFile FullDirectoryIndexSize=140
[2025.12.17-10.35.45:384][  0]LogShaderLibrary: Display: ShaderCodeLibraryPakFileMountedCallback: PakFile 'C:/Program Files/Epic Games/UE_4.27/FeaturePacks/TP_Vehicle.upack' (chunk index -1, root 'root:/') mounted
[2025.12.17-10.35.45:384][  0]LogShaderLibrary: Display: ShaderCodeLibraryPakFileMountedCallback: pending pak file info (ChunkID:-1 Root:root:/ File:C:/Program Files/Epic Games/UE_4.27/FeaturePacks/TP_Vehicle.upack)
[2025.12.17-10.35.45:384][  0]LogPakFile: OnPakFileMounted2Time == 0.000062
[2025.12.17-10.35.45:397][  0]LogPakFile: PakFile PrimaryIndexSize=186
[2025.12.17-10.35.45:397][  0]LogPakFile: PakFile PathHashIndexSize=101
[2025.12.17-10.35.45:397][  0]LogPakFile: PakFile FullDirectoryIndexSize=146
[2025.12.17-10.35.45:397][  0]LogShaderLibrary: Display: ShaderCodeLibraryPakFileMountedCallback: PakFile 'C:/Program Files/Epic Games/UE_4.27/FeaturePacks/TP_VehicleAdv.upack' (chunk index -1, root 'root:/') mounted
[2025.12.17-10.35.45:397][  0]LogShaderLibrary: Display: ShaderCodeLibraryPakFileMountedCallback: pending pak file info (ChunkID:-1 Root:root:/ File:C:/Program Files/Epic Games/UE_4.27/FeaturePacks/TP_VehicleAdv.upack)
[2025.12.17-10.35.45:397][  0]LogPakFile: OnPakFileMounted2Time == 0.000068
[2025.12.17-10.35.45:411][  0]LogPakFile: PakFile PrimaryIndexSize=188
[2025.12.17-10.35.45:411][  0]LogPakFile: PakFile PathHashIndexSize=101
[2025.12.17-10.35.45:411][  0]LogPakFile: PakFile FullDirectoryIndexSize=150
[2025.12.17-10.35.45:411][  0]LogShaderLibrary: Display: ShaderCodeLibraryPakFileMountedCallback: PakFile 'C:/Program Files/Epic Games/UE_4.27/FeaturePacks/TP_VehicleAdvBP.upack' (chunk index -1, root 'root:/') mounted
[2025.12.17-10.35.45:411][  0]LogShaderLibrary: Display: ShaderCodeLibraryPakFileMountedCallback: pending pak file info (ChunkID:-1 Root:root:/ File:C:/Program Files/Epic Games/UE_4.27/FeaturePacks/TP_VehicleAdvBP.upack)
[2025.12.17-10.35.45:411][  0]LogPakFile: OnPakFileMounted2Time == 0.000103
[2025.12.17-10.35.45:426][  0]LogPakFile: PakFile PrimaryIndexSize=185
[2025.12.17-10.35.45:426][  0]LogPakFile: PakFile PathHashIndexSize=101
[2025.12.17-10.35.45:426][  0]LogPakFile: PakFile FullDirectoryIndexSize=144
[2025.12.17-10.35.45:426][  0]LogShaderLibrary: Display: ShaderCodeLibraryPakFileMountedCallback: PakFile 'C:/Program Files/Epic Games/UE_4.27/FeaturePacks/TP_VehicleBP.upack' (chunk index -1, root 'root:/') mounted
[2025.12.17-10.35.45:426][  0]LogShaderLibrary: Display: ShaderCodeLibraryPakFileMountedCallback: pending pak file info (ChunkID:-1 Root:root:/ File:C:/Program Files/Epic Games/UE_4.27/FeaturePacks/TP_VehicleBP.upack)
[2025.12.17-10.35.45:426][  0]LogPakFile: OnPakFileMounted2Time == 0.000059
[2025.12.17-10.35.45:439][  0]LogPakFile: PakFile PrimaryIndexSize=192
[2025.12.17-10.35.45:439][  0]LogPakFile: PakFile PathHashIndexSize=101
[2025.12.17-10.35.45:439][  0]LogPakFile: PakFile FullDirectoryIndexSize=158
[2025.12.17-10.35.45:439][  0]LogShaderLibrary: Display: ShaderCodeLibraryPakFileMountedCallback: PakFile 'C:/Program Files/Epic Games/UE_4.27/FeaturePacks/TP_VirtualRealityBP.upack' (chunk index -1, root 'root:/') mounted
[2025.12.17-10.35.45:439][  0]LogShaderLibrary: Display: ShaderCodeLibraryPakFileMountedCallback: pending pak file info (ChunkID:-1 Root:root:/ File:C:/Program Files/Epic Games/UE_4.27/FeaturePacks/TP_VirtualRealityBP.upack)
[2025.12.17-10.35.45:439][  0]LogPakFile: OnPakFileMounted2Time == 0.000102
[2025.12.17-10.35.45:947][  0]LogNativeClassHierarchy: Verbose: Native class hierarchy updated for 'AddContentDialog' in 0.0005 seconds. Added 0 classes and 0 folders.
[2025.12.17-10.35.45:955][  0]LogNativeClassHierarchy: Verbose: Native class hierarchy updated for 'SceneOutliner' in 0.0004 seconds. Added 2 classes and 0 folders.
[2025.12.17-10.35.46:071][  0]LogSlate: Took 0.014539 seconds to synchronously load lazily loaded font '../../../Engine/Content/Slate/Fonts/Roboto-Regular.ttf' (155K)
[2025.12.17-10.35.46:086][  0]LogSlate: Took 0.012803 seconds to synchronously load lazily loaded font '../../../Engine/Content/Editor/Slate/Fonts/FontAwesome.ttf' (139K)
[2025.12.17-10.35.46:102][  0]LogSlate: Took 0.013980 seconds to synchronously load lazily loaded font '../../../Engine/Content/Slate/Fonts/Roboto-Bold.ttf' (160K)
[2025.12.17-10.35.46:417][  0]LogRenderer: Reallocating scene render targets to support 1616x808 Format 10 NumSamples 1 (Frame:1).
[2025.12.17-10.35.46:639][  0]LogNativeClassHierarchy: Verbose: Native class hierarchy updated for 'HierarchicalLODOutliner' in 0.0005 seconds. Added 0 classes and 0 folders.
[2025.12.17-10.35.46:640][  0]LogLoad: (Engine Initialization) Total time: 42.04 seconds
[2025.12.17-10.35.46:640][  0]LogLoad: (Engine Initialization) Total Blueprint compile time: 0.00 seconds
[2025.12.17-10.35.46:711][  0]LogContentStreaming: Texture pool size now 1000 MB
[2025.12.17-10.35.46:829][  1]LogAssetRegistry: Asset discovery search completed in 17.2572 seconds
[2025.12.17-10.35.46:900][  1]LogCollectionManager: Fixed up redirectors for 0 collections in 0.000007 seconds (updated 0 objects)
[2025.12.17-10.35.54:036][515]LogUObjectHash: Compacting FUObjectHashTables data took   1.28ms
[2025.12.17-10.35.54:059][515]LogSlate: Took 0.015858 seconds to synchronously load lazily loaded font '../../../Engine/Content/Slate/Fonts/Roboto-Light.ttf' (167K)
[2025.12.17-10.35.56:060][515]LogSkeletalMesh: Display: [AssetLog] C:\Users\Student\Desktop\unreal projects ER\TopDown Shooter\TopDownShooter01\Content\Weapons\Rifle.uasset: Find and fix some bad tangent! please re-import this skeletal mesh asset to fix the issue. The shading of the skeletal mesh will be bad and faceted.
[2025.12.17-10.35.56:621][515]LogAssetEditorSubsystem: Opening Asset editor for World /Game/shooter.shooter
[2025.12.17-10.35.56:623][515]Cmd: MAP LOAD FILE="../../../../../../Users/Student/Desktop/unreal projects ER/TopDown Shooter/TopDownShooter01/Content/shooter.umap" TEMPLATE=0 SHOWPROGRESS=1 FEATURELEVEL=3
[2025.12.17-10.35.56:623][515]LightingResults: New page: Lighting Build
[2025.12.17-10.35.56:623][515]LoadErrors: New page: Loading map: shooter.umap
[2025.12.17-10.35.56:652][515]LogWorld: UWorld::CleanupWorld for Minimal_Default, bSessionEnded=true, bCleanupResources=true
[2025.12.17-10.35.56:652][515]LogSlate: InvalidateAllWidgets triggered.  All widgets were invalidated
[2025.12.17-10.35.56:652][515]MapCheck: New page: Map Check
[2025.12.17-10.35.56:652][515]LightingResults: New page: Lighting Build
[2025.12.17-10.35.56:660][515]LogAudio: Display: Audio Device unregistered from world 'None'.
[2025.12.17-10.35.56:669][515]LogUObjectHash: Compacting FUObjectHashTables data took   1.99ms
[2025.12.17-10.35.56:671][515]LogAudio: Display: Audio Device (ID: 1) registered with world 'shooter'.
[2025.12.17-10.35.56:691][515]LogEditorServer: Finished looking for orphan Actors (0.000 secs)
[2025.12.17-10.35.56:691][515]LogAIModule: Creating AISystem for world shooter
[2025.12.17-10.35.56:705][515]LogUObjectHash: Compacting FUObjectHashTables data took   1.06ms
[2025.12.17-10.35.56:723][515]Cmd: MAP CHECKDEP NOCLEARLOG
[2025.12.17-10.35.56:724][515]MapCheck: Map check complete: 0 Error(s), 0 Warning(s), took 0,22ms to complete.
[2025.12.17-10.35.56:724][515]LogFileHelpers: Loading map 'shooter' took 0.101
[2025.12.17-10.36.11:615][369]LogTemp: Repeating last play command: Selected Viewport
[2025.12.17-10.36.11:628][369]LogPlayLevel: PlayLevel: No blueprints needed recompiling
[2025.12.17-10.36.11:629][369]PIE: New page: PIE session: shooter (17 gru 2025, 12:36:11)
[2025.12.17-10.36.11:632][369]LogOnline: OSS: Creating online subsystem instance for: NULL
[2025.12.17-10.36.11:634][369]LogOnline: OSS: TryLoadSubsystemAndSetDefault: Loaded subsystem for module [NULL]
[2025.12.17-10.36.11:634][369]LogPlayLevel: Creating play world package: /Game/UEDPIE_0_shooter
[2025.12.17-10.36.11:641][369]LogPlayLevel: PIE: StaticDuplicateObject took: (0.006675s)
[2025.12.17-10.36.11:643][369]LogAIModule: Creating AISystem for world shooter
[2025.12.17-10.36.11:644][369]LogPlayLevel: PIE: World Init took: (0.001959s)
[2025.12.17-10.36.11:644][369]LogPlayLevel: PIE: Created PIE world by copying editor world from /Game/shooter.shooter to /Game/UEDPIE_0_shooter.shooter (0.009169s)
[2025.12.17-10.36.11:652][369]LogUObjectHash: Compacting FUObjectHashTables data took   1.06ms
[2025.12.17-10.36.11:653][369]LogAudio: Display: Creating Audio Device:                 Id: 2, Scope: Unique, Realtime: True
[2025.12.17-10.36.11:653][369]LogAudioMixer: Display: Audio Mixer Platform Settings:
[2025.12.17-10.36.11:653][369]LogAudioMixer: Display: 	Sample Rate:						  48000
[2025.12.17-10.36.11:653][369]LogAudioMixer: Display: 	Callback Buffer Frame Size Requested: 1024
[2025.12.17-10.36.11:653][369]LogAudioMixer: Display: 	Callback Buffer Frame Size To Use:	  1024
[2025.12.17-10.36.11:653][369]LogAudioMixer: Display: 	Number of buffers to queue:			  2
[2025.12.17-10.36.11:653][369]LogAudioMixer: Display: 	Max Channels (voices):				  32
[2025.12.17-10.36.11:653][369]LogAudioMixer: Display: 	Number of Async Source Workers:		  0
[2025.12.17-10.36.11:653][369]LogAudio: Display: AudioDevice MaxSources: 32
[2025.12.17-10.36.11:654][369]LogAudio: Display: Audio Spatialization Plugin: None (built-in).
[2025.12.17-10.36.11:654][369]LogAudio: Display: Audio Reverb Plugin: None (built-in).
[2025.12.17-10.36.11:654][369]LogAudio: Display: Audio Occlusion Plugin: None (built-in).
[2025.12.17-10.36.11:654][369]LogAudioMixer: Display: Initializing audio mixer.
[2025.12.17-10.36.11:658][369]LogAudioMixer: Display: 0: FrontLeft
[2025.12.17-10.36.11:658][369]LogAudioMixer: Display: 1: FrontRight
[2025.12.17-10.36.11:671][369]LogAudioMixer: Display: Using Audio Device Głośniki (4 — High Definition Audio Device)
[2025.12.17-10.36.11:672][369]LogAudioMixer: Display: Initializing Sound Submixes...
[2025.12.17-10.36.11:672][369]LogAudioMixer: Display: Creating Master Submix 'MasterSubmixDefault'
[2025.12.17-10.36.11:672][369]LogAudioMixer: Display: Creating Master Submix 'MasterReverbSubmixDefault'
[2025.12.17-10.36.11:673][369]LogAudioMixer: Display: Creating Master Submix 'MasterEQSubmixDefault'
[2025.12.17-10.36.11:673][369]LogAudioMixer: FMixerPlatformXAudio2::StartAudioStream() called
[2025.12.17-10.36.11:673][369]LogAudioMixer: Display: Output buffers initialized: Frames=1024, Channels=2, Samples=2048
[2025.12.17-10.36.11:674][369]LogAudioMixer: Display: Starting AudioMixerPlatformInterface::RunInternal()
[2025.12.17-10.36.11:674][369]LogAudioMixer: Display: FMixerPlatformXAudio2::SubmitBuffer() called for the first time
[2025.12.17-10.36.11:674][369]LogInit: FAudioDevice initialized.
[2025.12.17-10.36.11:674][369]LogAudio: Display: Audio Device (ID: 2) registered with world 'shooter'.
[2025.12.17-10.36.11:690][369]LogLoad: Game class is 'gamemode_C'
[2025.12.17-10.36.11:693][369]LogWorld: Bringing World /Game/UEDPIE_0_shooter.shooter up for play (max tick rate 0) at 2025.12.17-11.36.11
[2025.12.17-10.36.11:698][369]LogWorld: Bringing up level for play took: 0.005601
[2025.12.17-10.36.11:698][369]LogOnline: OSS: Creating online subsystem instance for: :Context_1
[2025.12.17-10.36.11:705][369]LogNativeClassHierarchy: Verbose: Native class hierarchy updated for 'MovieSceneCapture' in 0.0004 seconds. Added 20 classes and 0 folders.
[2025.12.17-10.36.11:713][369]PIE: Server logged in
[2025.12.17-10.36.11:714][369]PIE: Play in editor total start time 0,089 seconds.
[2025.12.17-10.36.28:778][263]LogSlate: Updating window title bar state: overlay mode, drag disabled, window buttons hidden, title bar hidden
[2025.12.17-10.36.28:778][263]LogWorld: BeginTearingDown for /Game/UEDPIE_0_shooter
[2025.12.17-10.36.28:779][263]LogWorld: UWorld::CleanupWorld for shooter, bSessionEnded=true, bCleanupResources=true
[2025.12.17-10.36.28:780][263]LogSlate: InvalidateAllWidgets triggered.  All widgets were invalidated
[2025.12.17-10.36.28:799][263]LogPlayLevel: Display: Shutting down PIE online subsystems
[2025.12.17-10.36.28:802][263]LogSlate: InvalidateAllWidgets triggered.  All widgets were invalidated
[2025.12.17-10.36.28:810][263]LogAudio: Display: Audio Device unregistered from world 'None'.
[2025.12.17-10.36.28:811][263]LogAudioMixer: FMixerPlatformXAudio2::StopAudioStream() called
[2025.12.17-10.36.28:812][263]LogAudioMixer: FMixerPlatformXAudio2::StopAudioStream() called
[2025.12.17-10.36.28:815][263]LogSlate: Updating window title bar state: overlay mode, drag disabled, window buttons hidden, title bar hidden
[2025.12.17-10.36.28:820][263]LogUObjectHash: Compacting FUObjectHashTables data took   1.11ms
[2025.12.17-10.36.28:857][264]LogPlayLevel: Display: Destroying online subsystem :Context_1
[2025.12.17-10.38.56:691][811]LogUObjectHash: Compacting FUObjectHashTables data took   1.08ms
[2025.12.17-10.38.56:761][811]LogSlate: Window 'MyProject2 - Unreal Editor' being destroyed
[2025.12.17-10.38.56:878][812]Cmd: QUIT_EDITOR
[2025.12.17-10.38.56:878][812]LogCore: Engine exit requested (reason: UUnrealEdEngine::CloseEditor())
[2025.12.17-10.38.56:882][812]LogCore: Engine exit requested (reason: EngineExit() was called; note: exit was already requested)
[2025.12.17-10.38.57:836][812]LogAudio: Display: Beginning Audio Device Manager Shutdown (Module: AudioMixerXAudio2)...
[2025.12.17-10.38.57:836][812]LogAudio: Display: Destroying 1 Remaining Audio Device(s)...
[2025.12.17-10.38.57:836][812]LogAudio: Display: Audio Device unregistered from world 'shooter'.
[2025.12.17-10.38.57:836][812]LogAudioMixer: FMixerPlatformXAudio2::StopAudioStream() called
[2025.12.17-10.38.57:837][812]LogAudioMixer: FMixerPlatformXAudio2::StopAudioStream() called
[2025.12.17-10.38.57:846][812]LogAudio: Display: Audio Device Manager Shutdown
[2025.12.17-10.38.57:846][812]LogWindowsTextInputMethodSystem: Display: IME system deactivated.
[2025.12.17-10.38.57:851][812]LogExit: Preparing to exit.
[2025.12.17-10.38.57:867][812]LogUObjectHash: Compacting FUObjectHashTables data took   1.53ms
[2025.12.17-10.38.58:475][812]LogDemo: Cleaned up 0 splitscreen connections with owner deletion
[2025.12.17-10.38.58:486][812]LogWorld: UWorld::CleanupWorld for None, bSessionEnded=true, bCleanupResources=true
[2025.12.17-10.38.58:487][812]LogExit: Editor shut down
[2025.12.17-10.38.58:488][812]LogExit: Transaction tracking system shut down
[2025.12.17-10.38.58:831][812]LogExit: Object subsystem successfully closed.
[2025.12.17-10.38.58:847][812]LogShaderCompilers: Display: === FShaderJobCache stats ===
[2025.12.17-10.38.58:847][812]LogShaderCompilers: Display: Total job queries 0, among them cache hits 0 (0.00%)
[2025.12.17-10.38.58:847][812]LogShaderCompilers: Display: Tracking 0 distinct input hashes that result in 0 distinct outputs (0.00%)
[2025.12.17-10.38.58:847][812]LogShaderCompilers: Display: RAM used: 0.00 MB (0.00 GB) of 819.20 MB (0.80 GB) budget. Usage: 0.00%
[2025.12.17-10.38.58:847][812]LogShaderCompilers: Display: ================================================
[2025.12.17-10.38.58:857][812]LogShaderCompilers: Display: Shaders left to compile 0
[2025.12.17-10.38.58:919][812]LogModuleManager: Shutting down and abandoning module MovieSceneCapture (874)
[2025.12.17-10.38.58:919][812]LogModuleManager: Shutting down and abandoning module Voice (872)
[2025.12.17-10.38.58:919][812]LogModuleManager: Shutting down and abandoning module HierarchicalLODOutliner (870)
[2025.12.17-10.38.58:919][812]LogModuleManager: Shutting down and abandoning module SceneOutliner (868)
[2025.12.17-10.38.58:919][812]LogModuleManager: Shutting down and abandoning module AddContentDialog (866)
[2025.12.17-10.38.58:919][812]LogModuleManager: Shutting down and abandoning module WidgetCarousel (865)
[2025.12.17-10.38.58:919][812]LogModuleManager: Shutting down and abandoning module EditorWidgets (862)
[2025.12.17-10.38.58:919][812]LogModuleManager: Shutting down and abandoning module StatsViewer (860)
[2025.12.17-10.38.58:920][812]LogModuleManager: Shutting down and abandoning module PIEPreviewDeviceProfileSelector (858)
[2025.12.17-10.38.58:920][812]LogModuleManager: Shutting down and abandoning module SequenceRecorderSections (856)
[2025.12.17-10.38.58:920][812]LogModuleManager: Shutting down and abandoning module AutomationWorker (854)
[2025.12.17-10.38.58:920][812]LogModuleManager: Shutting down and abandoning module SteamVREditor (852)
[2025.12.17-10.38.58:920][812]LogModuleManager: Shutting down and abandoning module OculusMR (850)
[2025.12.17-10.38.58:920][812]LogModuleManager: Shutting down and abandoning module OpenXRInput (848)
[2025.12.17-10.38.58:920][812]LogModuleManager: Shutting down and abandoning module GooglePADEditor (846)
[2025.12.17-10.38.58:920][812]LogModuleManager: Shutting down and abandoning module AudioCaptureEditor (844)
[2025.12.17-10.38.58:920][812]LogModuleManager: Shutting down and abandoning module TakeRecorderSources (842)
[2025.12.17-10.38.58:922][812]LogModuleManager: Shutting down and abandoning module TakeRecorder (841)
[2025.12.17-10.38.58:922][812]LogModuleManager: Shutting down and abandoning module TakeTrackRecorders (838)
[2025.12.17-10.38.58:923][812]LogModuleManager: Shutting down and abandoning module TakesCore (836)
[2025.12.17-10.38.58:923][812]LogModuleManager: Shutting down and abandoning module PlanarCut (834)
[2025.12.17-10.38.58:924][812]LogModuleManager: Shutting down and abandoning module CharacterAI (832)
[2025.12.17-10.38.58:924][812]LogModuleManager: Shutting down and abandoning module TemplateSequenceEditor (830)
[2025.12.17-10.38.58:924][812]LogModuleManager: Shutting down and abandoning module MatineeToLevelSequence (828)
[2025.12.17-10.38.58:924][812]LogModuleManager: Shutting down and abandoning module LevelSequenceEditor (826)
[2025.12.17-10.38.58:925][812]LogModuleManager: Shutting down and abandoning module ActorSequenceEditor (824)
[2025.12.17-10.38.58:925][812]LogModuleManager: Shutting down and abandoning module WebMMediaFactory (822)
[2025.12.17-10.38.58:925][812]LogModuleManager: Shutting down and abandoning module WebMMediaEditor (820)
[2025.12.17-10.38.58:925][812]LogModuleManager: Shutting down and abandoning module WebMMedia (818)
[2025.12.17-10.38.58:925][812]LogModuleManager: Shutting down and abandoning module WmfMediaFactory (816)
[2025.12.17-10.38.58:925][812]LogModuleManager: Shutting down and abandoning module WmfMediaEditor (814)
[2025.12.17-10.38.58:925][812]LogModuleManager: Shutting down and abandoning module MediaPlayerEditor (812)
[2025.12.17-10.38.58:925][812]LogModuleManager: Shutting down and abandoning module MediaCompositingEditor (810)
[2025.12.17-10.38.58:925][812]LogModuleManager: Shutting down and abandoning module SequenceRecorder (809)
[2025.12.17-10.38.58:925][812]LogModuleManager: Shutting down and abandoning module OpenExrWrapper (806)
[2025.12.17-10.38.58:925][812]LogModuleManager: Shutting down and abandoning module ImgMediaFactory (804)
[2025.12.17-10.38.58:925][812]LogModuleManager: Shutting down and abandoning module ImgMediaEditor (802)
[2025.12.17-10.38.58:925][812]LogModuleManager: Shutting down and abandoning module AndroidMediaFactory (800)
[2025.12.17-10.38.58:925][812]LogModuleManager: Shutting down and abandoning module AndroidMediaEditor (798)
[2025.12.17-10.38.58:925][812]LogModuleManager: Shutting down and abandoning module AvfMediaFactory (796)
[2025.12.17-10.38.58:925][812]LogModuleManager: Shutting down and abandoning module AvfMediaEditor (794)
[2025.12.17-10.38.58:925][812]LogModuleManager: Shutting down and abandoning module TextureAlignMode (792)
[2025.12.17-10.38.58:925][812]LogModuleManager: Shutting down and abandoning module BspMode (790)
[2025.12.17-10.38.58:925][812]LogModuleManager: Shutting down and abandoning module GeometryMode (788)
[2025.12.17-10.38.58:925][812]LogModuleManager: Shutting down and abandoning module MagicLeapMediaCodecFactory (786)
[2025.12.17-10.38.58:925][812]LogModuleManager: Shutting down and abandoning module MagicLeapMediaFactory (784)
[2025.12.17-10.38.58:925][812]LogModuleManager: Shutting down and abandoning module MagicLeapMediaEditor (782)
[2025.12.17-10.38.58:925][812]LogModuleManager: Shutting down and abandoning module CameraShakePreviewer (780)
[2025.12.17-10.38.58:926][812]LogModuleManager: Shutting down and abandoning module SmartSnapping (778)
[2025.12.17-10.38.58:926][812]LogModuleManager: Shutting down and abandoning module SessionServices (776)
[2025.12.17-10.38.58:926][812]LogModuleManager: Shutting down and abandoning module MeshPaint (774)
[2025.12.17-10.38.58:926][812]LogModuleManager: Shutting down and abandoning module VirtualTexturingEditor (772)
[2025.12.17-10.38.58:926][812]LogModuleManager: Shutting down and abandoning module FoliageEdit (770)
[2025.12.17-10.38.58:926][812]LogModuleManager: Shutting down and abandoning module LandscapeEditor (768)
[2025.12.17-10.38.58:927][812]LogModuleManager: Shutting down and abandoning module MeshPaintMode (766)
[2025.12.17-10.38.58:927][812]LogModuleManager: Shutting down and abandoning module SceneDepthPickerMode (764)
[2025.12.17-10.38.58:927][812]LogModuleManager: Shutting down and abandoning module ActorPickerMode (762)
[2025.12.17-10.38.58:927][812]LogModuleManager: Shutting down and abandoning module PlacementMode (760)
[2025.12.17-10.38.58:927][812]LogModuleManager: Shutting down and abandoning module ViewportSnapping (758)
[2025.12.17-10.38.58:927][812]LogModuleManager: Shutting down and abandoning module ViewportInteraction (756)
[2025.12.17-10.38.58:927][812]LogModuleManager: Shutting down and abandoning module ClothPainter (754)
[2025.12.17-10.38.58:928][812]LogModuleManager: Shutting down and abandoning module SkeletalMeshEditor (753)
[2025.12.17-10.38.58:931][812]LogModuleManager: Shutting down and abandoning module LogVisualizer (750)
[2025.12.17-10.38.58:931][812]LogModuleManager: Shutting down and abandoning module IntroTutorials (748)
[2025.12.17-10.38.58:931][812]LogModuleManager: Shutting down and abandoning module GameProjectGeneration (747)
[2025.12.17-10.38.58:931][812]LogModuleManager: Shutting down and abandoning module LuminPlatformEditor (744)
[2025.12.17-10.38.58:931][812]LogModuleManager: Shutting down and abandoning module IOSPlatformEditor (742)
[2025.12.17-10.38.58:931][812]LogModuleManager: Shutting down and abandoning module AndroidPlatformEditor (740)
[2025.12.17-10.38.58:931][812]LogModuleManager: Shutting down and abandoning module AndroidDeviceDetection (739)
[2025.12.17-10.38.59:886][812]LogModuleManager: Shutting down and abandoning module WindowsPlatformEditor (736)
[2025.12.17-10.38.59:886][812]LogModuleManager: Shutting down and abandoning module LuminRuntimeSettings (734)
[2025.12.17-10.38.59:886][812]LogModuleManager: Shutting down and abandoning module IOSRuntimeSettings (732)
[2025.12.17-10.38.59:886][812]LogModuleManager: Shutting down and abandoning module AndroidRuntimeSettings (730)
[2025.12.17-10.38.59:886][812]LogModuleManager: Shutting down and abandoning module TraceInsights (728)
[2025.12.17-10.38.59:887][812]MemoryProfiler: Shutdown
[2025.12.17-10.38.59:887][812]NetworkingProfiler: Shutdown
[2025.12.17-10.38.59:887][812]LoadingProfiler: Shutdown
[2025.12.17-10.38.59:887][812]TimingProfiler: Shutdown
[2025.12.17-10.38.59:889][812]LogModuleManager: Shutting down and abandoning module TraceServices (727)
[2025.12.17-10.38.59:890][812]LogModuleManager: Shutting down and abandoning module EditorInteractiveToolsFramework (724)
[2025.12.17-10.38.59:890][812]LogModuleManager: Shutting down and abandoning module TimeManagementEditor (722)
[2025.12.17-10.38.59:890][812]LogModuleManager: Shutting down and abandoning module InputBindingEditor (720)
[2025.12.17-10.38.59:890][812]LogModuleManager: Shutting down and abandoning module MergeActors (718)
[2025.12.17-10.38.59:891][812]LogModuleManager: Shutting down and abandoning module LocalizationDashboard (716)
[2025.12.17-10.38.59:891][812]LogModuleManager: Shutting down and abandoning module LocalizationService (715)
[2025.12.17-10.38.59:891][812]LogModuleManager: Shutting down and abandoning module HardwareTargeting (712)
[2025.12.17-10.38.59:891][812]LogModuleManager: Shutting down and abandoning module DeviceProfileEditor (710)
[2025.12.17-10.38.59:891][812]LogModuleManager: Shutting down and abandoning module UndoHistory (708)
[2025.12.17-10.38.59:891][812]LogModuleManager: Shutting down and abandoning module XmlParser (706)
[2025.12.17-10.38.59:891][812]LogModuleManager: Shutting down and abandoning module Blutility (704)
[2025.12.17-10.38.59:891][812]LogModuleManager: Shutting down and abandoning module ProjectSettingsViewer (702)
[2025.12.17-10.38.59:891][812]LogModuleManager: Shutting down and abandoning module ProjectTargetPlatformEditor (701)
[2025.12.17-10.38.59:891][812]LogModuleManager: Shutting down and abandoning module EditorSettingsViewer (698)
[2025.12.17-10.38.59:891][812]LogModuleManager: Shutting down and abandoning module InternationalizationSettings (697)
[2025.12.17-10.38.59:891][812]LogModuleManager: Shutting down and abandoning module SettingsEditor (694)
[2025.12.17-10.38.59:891][812]LogModuleManager: Shutting down and abandoning module ProjectLauncher (692)
[2025.12.17-10.38.59:891][812]LogModuleManager: Shutting down and abandoning module SessionFrontend (690)
[2025.12.17-10.38.59:891][812]LogModuleManager: Shutting down and abandoning module ProfilerClient (688)
[2025.12.17-10.38.59:891][812]LogModuleManager: Shutting down and abandoning module DeviceManager (686)
[2025.12.17-10.38.59:892][812]LogModuleManager: Shutting down and abandoning module TargetDeviceServices (685)
[2025.12.17-10.38.59:925][812]LogModuleManager: Shutting down and abandoning module AutomationController (682)
[2025.12.17-10.38.59:925][812]LogModuleManager: Shutting down and abandoning module AutomationWindow (680)
[2025.12.17-10.38.59:926][812]LogModuleManager: Shutting down and abandoning module Layers (678)
[2025.12.17-10.38.59:928][812]LogModuleManager: Shutting down and abandoning module ComponentVisualizers (676)
[2025.12.17-10.38.59:928][812]LogModuleManager: Shutting down and abandoning module DetailCustomizations (674)
[2025.12.17-10.38.59:928][812]LogModuleManager: Shutting down and abandoning module PackagesDialog (672)
[2025.12.17-10.38.59:928][812]LogModuleManager: Shutting down and abandoning module AnimationBlueprintEditor (670)
[2025.12.17-10.38.59:930][812]LogModuleManager: Shutting down and abandoning module Persona (668)
[2025.12.17-10.38.59:930][812]LogModuleManager: Shutting down and abandoning module AdvancedPreviewScene (667)
[2025.12.17-10.38.59:930][812]LogModuleManager: Shutting down and abandoning module AnimGraph (665)
[2025.12.17-10.38.59:930][812]LogModuleManager: Shutting down and abandoning module Kismet (662)
[2025.12.17-10.38.59:931][812]LogModuleManager: Shutting down and abandoning module KismetWidgets (661)
[2025.12.17-10.38.59:931][812]LogModuleManager: Shutting down and abandoning module GraphEditor (658)
[2025.12.17-10.38.59:933][812]LogModuleManager: Shutting down and abandoning module StructViewer (656)
[2025.12.17-10.38.59:933][812]LogModuleManager: Shutting down and abandoning module ClassViewer (654)
[2025.12.17-10.38.59:933][812]LogModuleManager: Shutting down and abandoning module Toolbox (652)
[2025.12.17-10.38.59:933][812]LogModuleManager: Shutting down and abandoning module ModuleUI (650)
[2025.12.17-10.38.59:934][812]LogModuleManager: Shutting down and abandoning module OutputLog (648)
[2025.12.17-10.38.59:935][812]LogModuleManager: Shutting down and abandoning module GammaUI (646)
[2025.12.17-10.38.59:935][812]LogModuleManager: Shutting down and abandoning module Documentation (644)
[2025.12.17-10.38.59:935][812]LogModuleManager: Shutting down and abandoning module LiveCoding (642)
[2025.12.17-10.38.59:935][812]LogModuleManager: Shutting down and abandoning module LevelSequence (640)
[2025.12.17-10.38.59:935][812]LogModuleManager: Shutting down and abandoning module MovieSceneTracks (638)
[2025.12.17-10.38.59:935][812]LogModuleManager: Shutting down and abandoning module MovieScene (636)
[2025.12.17-10.38.59:935][812]LogModuleManager: Shutting down and abandoning module StreamingPauseRendering (634)
[2025.12.17-10.38.59:935][812]LogModuleManager: Shutting down and abandoning module LauncherPlatform (632)
[2025.12.17-10.38.59:935][812]LogModuleManager: Shutting down and abandoning module AnalyticsET (630)
[2025.12.17-10.38.59:935][812]LogModuleManager: Shutting down and abandoning module PortalServices (628)
[2025.12.17-10.38.59:935][812]LogModuleManager: Shutting down and abandoning module PortalRpc (626)
[2025.12.17-10.38.59:935][812]LogModuleManager: Shutting down and abandoning module MessagingRpc (624)
[2025.12.17-10.38.59:935][812]LogModuleManager: Shutting down and abandoning module AudioMixerXAudio2 (622)
[2025.12.17-10.38.59:935][812]LogModuleManager: Shutting down and abandoning module AudioMixerCore (621)
[2025.12.17-10.38.59:935][812]LogModuleManager: Shutting down and abandoning module AIModule (618)
[2025.12.17-10.38.59:935][812]LogModuleManager: Shutting down and abandoning module GameplayDebugger (617)
[2025.12.17-10.38.59:935][812]LogModuleManager: Shutting down and abandoning module AITestSuite (615)
[2025.12.17-10.38.59:935][812]LogModuleManager: Shutting down and abandoning module NavigationSystem (613)
[2025.12.17-10.38.59:935][812]LogModuleManager: Shutting down and abandoning module ImageWriteQueue (610)
[2025.12.17-10.38.59:935][812]LogModuleManager: Shutting down and abandoning module ProfilerService (608)
[2025.12.17-10.38.59:966][812]LogModuleManager: Shutting down and abandoning module TaskGraph (606)
[2025.12.17-10.38.59:966][812]LogModuleManager: Shutting down and abandoning module AudioSynesthesiaEditor (604)
[2025.12.17-10.38.59:966][812]LogModuleManager: Shutting down and abandoning module OculusEditor (602)
[2025.12.17-10.38.59:967][812]LogModuleManager: Shutting down and abandoning module OculusInput (600)
[2025.12.17-10.38.59:967][812]LogModuleManager: Shutting down and abandoning module ContentBrowserFileDataSource (598)
[2025.12.17-10.38.59:967][812]LogModuleManager: Shutting down and abandoning module ContentBrowserClassDataSource (596)
[2025.12.17-10.38.59:967][812]LogModuleManager: Shutting down and abandoning module ContentBrowserAssetDataSource (594)
[2025.12.17-10.38.59:967][812]LogModuleManager: Shutting down and abandoning module CollectionManager (593)
[2025.12.17-10.38.59:968][812]LogModuleManager: Shutting down and abandoning module SynthesisEditor (590)
[2025.12.17-10.38.59:968][812]LogModuleManager: Shutting down and abandoning module Synthesis (588)
[2025.12.17-10.38.59:968][812]LogModuleManager: Shutting down and abandoning module ProceduralMeshComponentEditor (586)
[2025.12.17-10.38.59:968][812]LogModuleManager: Shutting down and abandoning module ProceduralMeshComponent (584)
[2025.12.17-10.38.59:968][812]LogModuleManager: Shutting down and abandoning module OpenXREditor (582)
[2025.12.17-10.38.59:968][812]LogModuleManager: Shutting down and abandoning module MobilePatchingUtils (580)
[2025.12.17-10.38.59:968][812]LogModuleManager: Shutting down and abandoning module GooglePAD (578)
[2025.12.17-10.38.59:968][812]LogModuleManager: Shutting down and abandoning module EditableMesh (576)
[2025.12.17-10.38.59:969][812]LogModuleManager: Shutting down and abandoning module CustomMeshComponent (574)
[2025.12.17-10.38.59:969][812]LogModuleManager: Shutting down and abandoning module CableComponent (572)
[2025.12.17-10.38.59:969][812]LogModuleManager: Shutting down and abandoning module ArchVisCharacter (570)
[2025.12.17-10.38.59:969][812]LogModuleManager: Shutting down and abandoning module AssetTags (568)
[2025.12.17-10.38.59:969][812]LogModuleManager: Shutting down and abandoning module AudioCapture (566)
[2025.12.17-10.38.59:969][812]LogModuleManager: Shutting down and abandoning module AudioCaptureRtAudio (565)
[2025.12.17-10.38.59:969][812]LogModuleManager: Shutting down and abandoning module AppleImageUtilsBlueprintSupport (562)
[2025.12.17-10.38.59:969][812]LogModuleManager: Shutting down and abandoning module AppleImageUtils (560)
[2025.12.17-10.38.59:969][812]LogModuleManager: Shutting down and abandoning module AndroidPermission (558)
[2025.12.17-10.38.59:969][812]LogModuleManager: Shutting down and abandoning module ActorLayerUtilitiesEditor (556)
[2025.12.17-10.38.59:969][812]LogModuleManager: Shutting down and abandoning module ActorLayerUtilities (554)
[2025.12.17-10.38.59:969][812]LogModuleManager: Shutting down and abandoning module TakeSequencer (552)
[2025.12.17-10.38.59:969][812]LogModuleManager: Shutting down and abandoning module TakeMovieScene (550)
[2025.12.17-10.38.59:969][812]LogModuleManager: Shutting down and abandoning module ScreenshotTools (548)
[2025.12.17-10.38.59:969][812]LogModuleManager: Shutting down and abandoning module OpenImageDenoise (546)
[2025.12.17-10.38.59:969][812]LogOpenImageDenoise: OIDN shutting down
[2025.12.17-10.38.59:969][812]LogModuleManager: Shutting down and abandoning module MotoSynthEditor (544)
[2025.12.17-10.38.59:969][812]LogModuleManager: Shutting down and abandoning module MotoSynth (542)
[2025.12.17-10.38.59:969][812]LogModuleManager: Shutting down and abandoning module MeshConversion (540)
[2025.12.17-10.38.59:969][812]LogModuleManager: Shutting down and abandoning module DynamicMesh (538)
[2025.12.17-10.38.59:970][812]LogModuleManager: Shutting down and abandoning module GeometryAlgorithms (536)
[2025.12.17-10.38.59:971][812]LogModuleManager: Shutting down and abandoning module GeometricObjects (534)
[2025.12.17-10.38.59:971][812]LogModuleManager: Shutting down and abandoning module GeometryCacheTracks (532)
[2025.12.17-10.38.59:972][812]LogModuleManager: Shutting down and abandoning module GeometryCacheStreamer (530)
[2025.12.17-10.38.59:972][812]LogModuleManager: Shutting down and abandoning module GeometryCacheSequencer (528)
[2025.12.17-10.38.59:972][812]LogModuleManager: Shutting down and abandoning module GeometryCollectionTracks (526)
[2025.12.17-10.38.59:972][812]LogModuleManager: Shutting down and abandoning module GeometryCollectionSequencer (525)
[2025.12.17-10.38.59:972][812]LogModuleManager: Shutting down and abandoning module GeometryCollectionEditor (522)
[2025.12.17-10.38.59:972][812]LogModuleManager: Shutting down and abandoning module ChaosSolverEditor (520)
[2025.12.17-10.38.59:972][812]LogModuleManager: Shutting down and abandoning module ChaosClothEditor (518)
[2025.12.17-10.38.59:972][812]LogModuleManager: Shutting down and abandoning module ChaosNiagara (516)
[2025.12.17-10.38.59:972][812]LogModuleManager: Shutting down and abandoning module FractureEditor (514)
[2025.12.17-10.38.59:973][812]LogModuleManager: Shutting down and abandoning module FieldSystemEngine (513)
[2025.12.17-10.38.59:973][812]LogModuleManager: Shutting down and abandoning module AutomationUtilsEditor (510)
[2025.12.17-10.38.59:973][812]LogModuleManager: Shutting down and abandoning module AutomationUtils (508)
[2025.12.17-10.38.59:973][812]LogModuleManager: Shutting down and abandoning module BackChannel (506)
[2025.12.17-10.38.59:973][812]LogModuleManager: Shutting down and abandoning module TemplateSequence (504)
[2025.12.17-10.38.59:973][812]LogModuleManager: Shutting down and abandoning module AlembicImporter (502)
[2025.12.17-10.38.59:973][812]LogModuleManager: Shutting down and abandoning module AlembicLibrary (501)
[2025.12.17-10.38.59:973][812]LogModuleManager: Shutting down and abandoning module GeometryCache (500)
[2025.12.17-10.38.59:973][812]LogModuleManager: Shutting down and abandoning module GeometryCacheEd (499)
[2025.12.17-10.38.59:973][812]LogModuleManager: Shutting down and abandoning module MediaCompositing (494)
[2025.12.17-10.38.59:973][812]LogModuleManager: Shutting down and abandoning module ImgMedia (492)
[2025.12.17-10.38.59:973][812]LogModuleManager: Shutting down and abandoning module PluginBrowser (490)
[2025.12.17-10.38.59:973][812]LogModuleManager: Shutting down and abandoning module SpeedTreeImporter (488)
[2025.12.17-10.38.59:973][812]LogModuleManager: Shutting down and abandoning module MobileLauncherProfileWizard (486)
[2025.12.17-10.38.59:974][812]LogModuleManager: Shutting down and abandoning module MaterialAnalyzer (484)
[2025.12.17-10.38.59:974][812]LogModuleManager: Shutting down and abandoning module CurveEditorTools (482)
[2025.12.17-10.38.59:974][812]LogModuleManager: Shutting down and abandoning module CryptoKeysOpenSSL (480)
[2025.12.17-10.38.59:974][812]LogModuleManager: Shutting down and abandoning module CryptoKeys (478)
[2025.12.17-10.38.59:974][812]LogModuleManager: Shutting down and abandoning module VariantManagerContentEditor (476)
[2025.12.17-10.38.59:974][812]LogModuleManager: Shutting down and abandoning module DatasmithContentEditor (474)
[2025.12.17-10.38.59:974][812]LogModuleManager: Shutting down and abandoning module VisualStudioSourceCodeAccess (472)
[2025.12.17-10.38.59:974][812]LogModuleManager: Shutting down and abandoning module VisualStudioCodeSourceCodeAccess (470)
[2025.12.17-10.38.59:974][812]LogModuleManager: Shutting down and abandoning module UObjectPlugin (468)
[2025.12.17-10.38.59:974][812]LogModuleManager: Shutting down and abandoning module SubversionSourceControl (466)
[2025.12.17-10.38.59:974][812]LogModuleManager: Shutting down and abandoning module PluginUtils (464)
[2025.12.17-10.38.59:974][812]LogModuleManager: Shutting down and abandoning module RiderSourceCodeAccess (462)
[2025.12.17-10.38.59:974][812]LogModuleManager: Shutting down and abandoning module PlasticSourceControl (460)
[2025.12.17-10.38.59:975][812]LogModuleManager: Shutting down and abandoning module PerforceSourceControl (458)
[2025.12.17-10.38.59:975][812]LogModuleManager: Shutting down and abandoning module GitSourceControl (456)
[2025.12.17-10.38.59:975][812]LogModuleManager: Shutting down and abandoning module SourceControl (455)
[2025.12.17-10.38.59:975][812]LogModuleManager: Shutting down and abandoning module CLionSourceCodeAccess (452)
[2025.12.17-10.38.59:975][812]LogModuleManager: Shutting down and abandoning module AnimationSharingEd (450)
[2025.12.17-10.38.59:975][812]LogModuleManager: Shutting down and abandoning module NiagaraEditorWidgets (448)
[2025.12.17-10.38.59:976][812]LogModuleManager: Shutting down and abandoning module MagicLeapSharedWorld (446)
[2025.12.17-10.38.59:976][812]LogModuleManager: Shutting down and abandoning module MagicLeapLightEstimation (444)
[2025.12.17-10.38.59:976][812]LogModuleManager: Shutting down and abandoning module MagicLeapHelperVulkan (442)
[2025.12.17-10.38.59:977][812]LogModuleManager: Shutting down and abandoning module MagicLeapHelperOpenGL (440)
[2025.12.17-10.38.59:977][812]LogModuleManager: Shutting down and abandoning module MagicLeapAudio (438)
[2025.12.17-10.38.59:977][812]LogModuleManager: Shutting down and abandoning module OodleNetworkHandlerComponent (436)
[2025.12.17-10.38.59:977][812]LogModuleManager: Shutting down and abandoning module LiveLinkSequencer (434)
[2025.12.17-10.38.59:977][812]LogModuleManager: Shutting down and abandoning module LiveLinkMovieScene (432)
[2025.12.17-10.38.59:977][812]LogModuleManager: Shutting down and abandoning module LiveLinkGraphNode (430)
[2025.12.17-10.38.59:977][812]LogModuleManager: Shutting down and abandoning module LiveLinkEditor (428)
[2025.12.17-10.38.59:977][812]LogModuleManager: Shutting down and abandoning module LiveLinkComponents (426)
[2025.12.17-10.38.59:977][812]LogModuleManager: Shutting down and abandoning module LiveLink (424)
[2025.12.17-10.39.00:965][812]LogModuleManager: Shutting down and abandoning module LightPropagationVolumeEditor (422)
[2025.12.17-10.39.00:965][812]LogModuleManager: Shutting down and abandoning module PaperTiledImporter (420)
[2025.12.17-10.39.00:965][812]LogModuleManager: Shutting down and abandoning module PaperSpriteSheetImporter (418)
[2025.12.17-10.39.00:965][812]LogModuleManager: Shutting down and abandoning module Paper2DEditor (416)
[2025.12.17-10.39.00:967][812]LogModuleManager: Shutting down and abandoning module MeshPaintingToolset (414)
[2025.12.17-10.39.00:967][812]LogModuleManager: Shutting down and abandoning module MeshPaintEditorMode (412)
[2025.12.17-10.39.00:967][812]LogModuleManager: Shutting down and abandoning module SoundFields (410)
[2025.12.17-10.39.00:967][812]LogModuleManager: Shutting down and abandoning module SignificanceManager (408)
[2025.12.17-10.39.00:967][812]LogModuleManager: Shutting down and abandoning module RuntimePhysXCooking (406)
[2025.12.17-10.39.00:967][812]LogModuleManager: Shutting down and abandoning module PropertyAccessEditor (404)
[2025.12.17-10.39.00:967][812]LogModuleManager: Shutting down and abandoning module PhysXVehiclesEditor (402)
[2025.12.17-10.39.00:967][812]LogModuleManager: Shutting down and abandoning module LocationServicesBPLibrary (398)
[2025.12.17-10.39.00:967][812]LogModuleManager: Shutting down and abandoning module AudioSynesthesia (396)
[2025.12.17-10.39.00:967][812]LogModuleManager: Shutting down and abandoning module AudioSynesthesiaCore (394)
[2025.12.17-10.39.00:967][812]LogModuleManager: Shutting down and abandoning module PythonScriptPlugin (392)
[2025.12.17-10.39.00:967][812]LogModuleManager: Shutting down and abandoning module ActorSequence (390)
[2025.12.17-10.39.00:967][812]LogModuleManager: Shutting down and abandoning module ImgMediaEngine (388)
[2025.12.17-10.39.00:967][812]LogModuleManager: Shutting down and abandoning module UdpMessaging (386)
[2025.12.17-10.39.01:068][812]LogModuleManager: Shutting down and abandoning module TcpMessaging (384)
[2025.12.17-10.39.01:169][812]LogModuleManager: Shutting down and abandoning module GameplayTagsEditor (382)
[2025.12.17-10.39.01:169][812]LogModuleManager: Shutting down and abandoning module FacialAnimationEditor (380)
[2025.12.17-10.39.01:169][812]LogModuleManager: Shutting down and abandoning module FacialAnimation (378)
[2025.12.17-10.39.01:169][812]LogModuleManager: Shutting down and abandoning module DataValidation (376)
[2025.12.17-10.39.01:169][812]LogModuleManager: Shutting down and abandoning module AssetManagerEditor (374)
[2025.12.17-10.39.01:169][812]LogModuleManager: Shutting down and abandoning module LevelEditor (373)
[2025.12.17-10.39.01:170][812]LogModuleManager: Shutting down and abandoning module PixelInspectorModule (372)
[2025.12.17-10.39.01:170][812]LogModuleManager: Shutting down and abandoning module CommonMenuExtensions (370)
[2025.12.17-10.39.01:170][812]LogModuleManager: Shutting down and abandoning module MainFrame (368)
[2025.12.17-10.39.01:170][812]LogModuleManager: Shutting down and abandoning module HotReload (367)
[2025.12.17-10.39.01:171][812]LogModuleManager: Shutting down and abandoning module ToolMenus (363)
[2025.12.17-10.39.01:171][812]LogModuleManager: Shutting down and abandoning module TreeMap (361)
[2025.12.17-10.39.01:172][812]LogModuleManager: Shutting down and abandoning module PropertyAccessNode (358)
[2025.12.17-10.39.01:173][812]LogModuleManager: Shutting down and abandoning module AnimationSharing (356)
[2025.12.17-10.39.01:173][812]LogModuleManager: Shutting down and abandoning module NiagaraAnimNotifies (354)
[2025.12.17-10.39.01:173][812]LogModuleManager: Shutting down and abandoning module Niagara (352)
[2025.12.17-10.39.01:173][812]LogModuleManager: Shutting down and abandoning module SignalProcessing (351)
[2025.12.17-10.39.01:173][812]LogModuleManager: Shutting down and abandoning module NiagaraEditor (349)
[2025.12.17-10.39.01:173][812]LogModuleManager: Shutting down and abandoning module ContentBrowser (348)
[2025.12.17-10.39.01:173][812]LogModuleManager: Shutting down and abandoning module ContentBrowserData (347)
[2025.12.17-10.39.01:173][812]LogModuleManager: Shutting down and abandoning module NiagaraCore (342)
[2025.12.17-10.39.01:173][812]LogModuleManager: Shutting down and abandoning module MagicLeapARPin (340)
[2025.12.17-10.39.01:173][812]LogModuleManager: Shutting down and abandoning module MagicLeapHandMeshing (338)
[2025.12.17-10.39.01:173][812]LogModuleManager: Shutting down and abandoning module MagicLeapSecureStorage (336)
[2025.12.17-10.39.01:174][812]LogModuleManager: Shutting down and abandoning module MagicLeapPrivileges (334)
[2025.12.17-10.39.01:174][812]LogModuleManager: Shutting down and abandoning module MagicLeapPlanes (332)
[2025.12.17-10.39.01:174][812]LogMagicLeapPlanes: Planes tracker already destroyed.
[2025.12.17-10.39.01:174][812]LogModuleManager: Shutting down and abandoning module MagicLeapImageTracker (330)
[2025.12.17-10.39.01:174][812]LogModuleManager: Shutting down and abandoning module MagicLeapIdentity (328)
[2025.12.17-10.39.01:174][812]LogModuleManager: Shutting down and abandoning module MagicLeapHandTracking (326)
[2025.12.17-10.39.01:174][812]LogModuleManager: Shutting down and abandoning module MagicLeapEyeTracker (324)
[2025.12.17-10.39.01:174][812]LogModuleManager: Shutting down and abandoning module MagicLeapController (322)
[2025.12.17-10.39.01:174][812]LogModuleManager: Shutting down and abandoning module MagicLeapARPinImpl (320)
[2025.12.17-10.39.01:174][812]LogModuleManager: Shutting down and abandoning module MagicLeapAR (318)
[2025.12.17-10.39.01:174][812]LogModuleManager: Shutting down and abandoning module GameplayCameras (316)
[2025.12.17-10.39.01:174][812]LogModuleManager: Shutting down and abandoning module LightPropagationVolumeRuntime (314)
[2025.12.17-10.39.01:174][812]LogModuleManager: Shutting down and abandoning module EnvironmentQueryEditor (312)
[2025.12.17-10.39.01:174][812]LogModuleManager: Shutting down and abandoning module Paper2D (310)
[2025.12.17-10.39.01:174][812]LogModuleManager: Shutting down and abandoning module WindowsMoviePlayer (308)
[2025.12.17-10.39.01:176][812]LogModuleManager: Shutting down and abandoning module WebMMoviePlayer (306)
[2025.12.17-10.39.01:176][812]LogModuleManager: Shutting down and abandoning module NetworkReplayStreaming (304)
[2025.12.17-10.39.01:176][812]LogModuleManager: Shutting down and abandoning module PacketHandler (302)
[2025.12.17-10.39.01:176][812]LogModuleManager: Shutting down and abandoning module ClothingSystemEditor (300)
[2025.12.17-10.39.01:176][812]LogModuleManager: Shutting down and abandoning module ClothingSystemRuntimeNv (298)
[2025.12.17-10.39.01:177][812]LogModuleManager: Shutting down and abandoning module MediaAssets (296)
[2025.12.17-10.39.01:177][812]LogModuleManager: Shutting down and abandoning module Overlay (294)
[2025.12.17-10.39.01:177][812]LogModuleManager: Shutting down and abandoning module OverlayEditor (293)
[2025.12.17-10.39.01:177][812]LogModuleManager: Shutting down and abandoning module VREditor (290)
[2025.12.17-10.39.01:177][812]LogModuleManager: Shutting down and abandoning module StringTableEditor (288)
[2025.12.17-10.39.01:178][812]LogModuleManager: Shutting down and abandoning module GameplayTasksEditor (286)
[2025.12.17-10.39.01:178][812]LogModuleManager: Shutting down and abandoning module BehaviorTreeEditor (284)
[2025.12.17-10.39.01:179][812]LogModuleManager: Shutting down and abandoning module FunctionalTesting (282)
[2025.12.17-10.39.01:179][812]LogModuleManager: Shutting down and abandoning module CollisionAnalyzer (280)
[2025.12.17-10.39.01:179][812]LogModuleManager: Shutting down and abandoning module WorkspaceMenuStructure (279)
[2025.12.17-10.39.01:179][812]LogModuleManager: Shutting down and abandoning module UMG (276)
[2025.12.17-10.39.01:179][812]LogModuleManager: Shutting down and abandoning module UMGEditor (275)
[2025.12.17-10.39.01:179][812]LogModuleManager: Shutting down and abandoning module MessageLog (273)
[2025.12.17-10.39.01:179][812]LogModuleManager: Shutting down and abandoning module SlateReflector (268)
[2025.12.17-10.39.01:181][812]LogModuleManager: Shutting down and abandoning module Slate (266)
[2025.12.17-10.39.01:181][812]LogModuleManager: Shutting down and abandoning module SlateCore (264)
[2025.12.17-10.39.01:182][812]LogModuleManager: Shutting down and abandoning module LandscapeEditorUtilities (262)
[2025.12.17-10.39.01:182][812]LogModuleManager: Shutting down and abandoning module UnrealEd (260)
[2025.12.17-10.39.01:182][812]LogModuleManager: Shutting down and abandoning module MRMesh (258)
[2025.12.17-10.39.01:182][812]LogModuleManager: Shutting down and abandoning module SourceCodeAccess (256)
[2025.12.17-10.39.01:183][812]LogModuleManager: Shutting down and abandoning module HeadMountedDisplay (254)
[2025.12.17-10.39.01:183][812]LogModuleManager: Shutting down and abandoning module XAudio2 (252)
[2025.12.17-10.39.01:183][812]LogModuleManager: Shutting down and abandoning module Networking (250)
[2025.12.17-10.39.01:183][812]LogModuleManager: Shutting down and abandoning module Core (248)
[2025.12.17-10.39.01:183][812]LogModuleManager: Shutting down and abandoning module MaterialEditor (246)
[2025.12.17-10.39.01:183][812]LogModuleManager: Shutting down and abandoning module MovieSceneTools (244)
[2025.12.17-10.39.01:183][812]LogModuleManager: Shutting down and abandoning module CurveEditor (243)
[2025.12.17-10.39.01:184][812]LogModuleManager: Shutting down and abandoning module Sequencer (241)
[2025.12.17-10.39.01:185][812]LogModuleManager: Shutting down and abandoning module EditorStyle (240)
[2025.12.17-10.39.01:186][812]LogModuleManager: Shutting down and abandoning module KismetCompiler (236)
[2025.12.17-10.39.01:186][812]LogModuleManager: Shutting down and abandoning module MeshBuilder (234)
[2025.12.17-10.39.01:186][812]LogModuleManager: Shutting down and abandoning module MeshUtilities (232)
[2025.12.17-10.39.01:186][812]LogModuleManager: Shutting down and abandoning module MeshMergeUtilities (231)
[2025.12.17-10.39.01:186][812]LogModuleManager: Shutting down and abandoning module MeshReductionInterface (230)
[2025.12.17-10.39.01:186][812]LogModuleManager: Shutting down and abandoning module MeshBoneReduction (229)
[2025.12.17-10.39.01:186][812]LogModuleManager: Shutting down and abandoning module SkeletalMeshReduction (227)
[2025.12.17-10.39.01:187][812]LogModuleManager: Shutting down and abandoning module ProxyLODMeshReduction (225)
[2025.12.17-10.39.01:187][812]LogModuleManager: Shutting down and abandoning module QuadricMeshReduction (223)
[2025.12.17-10.39.01:187][812]LogModuleManager: Shutting down and abandoning module MaterialBaking (219)
[2025.12.17-10.39.01:187][812]LogModuleManager: Shutting down and abandoning module NullInstallBundleManager (214)
[2025.12.17-10.39.01:187][812]LogModuleManager: Shutting down and abandoning module DerivedDataCache (212)
[2025.12.17-10.39.01:187][812]LogModuleManager: Shutting down and abandoning module TargetPlatform (210)
[2025.12.17-10.39.01:187][812]LogModuleManager: Shutting down and abandoning module VulkanShaderFormat (209)
[2025.12.17-10.39.01:187][812]LogModuleManager: Shutting down and abandoning module ShaderFormatVectorVM (207)
[2025.12.17-10.39.01:188][812]LogModuleManager: Shutting down and abandoning module ShaderFormatOpenGL (205)
[2025.12.17-10.39.01:189][812]LogModuleManager: Shutting down and abandoning module ShaderFormatD3D (203)
[2025.12.17-10.39.01:189][812]LogModuleManager: Shutting down and abandoning module MetalShaderFormat (201)
[2025.12.17-10.39.01:189][812]LogModuleManager: Shutting down and abandoning module TextureFormatOodle (199)
[2025.12.17-10.39.01:189][812]LogModuleManager: Shutting down and abandoning module TextureFormatUncompressed (197)
[2025.12.17-10.39.01:189][812]LogModuleManager: Shutting down and abandoning module TextureFormatPVR (195)
[2025.12.17-10.39.01:189][812]LogModuleManager: Shutting down and abandoning module TextureFormatETC2 (193)
[2025.12.17-10.39.01:189][812]LogModuleManager: Shutting down and abandoning module TextureFormatDXT (191)
[2025.12.17-10.39.01:189][812]LogModuleManager: Shutting down and abandoning module TextureFormatIntelISPCTexComp (189)
[2025.12.17-10.39.01:189][812]LogModuleManager: Shutting down and abandoning module TextureFormatASTC (187)
[2025.12.17-10.39.01:189][812]LogModuleManager: Shutting down and abandoning module ImageWrapper (186)
[2025.12.17-10.39.01:189][812]LogModuleManager: Shutting down and abandoning module AudioFormatOpus (183)
[2025.12.17-10.39.01:189][812]LogModuleManager: Shutting down and abandoning module AudioFormatOgg (181)
[2025.12.17-10.39.01:189][812]LogModuleManager: Shutting down and abandoning module AudioFormatADPCM (179)
[2025.12.17-10.39.01:189][812]LogModuleManager: Shutting down and abandoning module WindowsServerTargetPlatform (177)
[2025.12.17-10.39.01:189][812]LogModuleManager: Shutting down and abandoning module WindowsClientTargetPlatform (175)
[2025.12.17-10.39.01:189][812]LogModuleManager: Shutting down and abandoning module WindowsTargetPlatform (173)
[2025.12.17-10.39.01:189][812]LogModuleManager: Shutting down and abandoning module WindowsNoEditorTargetPlatform (171)
[2025.12.17-10.39.01:189][812]LogModuleManager: Shutting down and abandoning module TVOSTargetPlatform (169)
[2025.12.17-10.39.01:190][812]LogModuleManager: Shutting down and abandoning module MacServerTargetPlatform (167)
[2025.12.17-10.39.01:190][812]LogModuleManager: Shutting down and abandoning module MacClientTargetPlatform (165)
[2025.12.17-10.39.01:190][812]LogModuleManager: Shutting down and abandoning module MacTargetPlatform (163)
[2025.12.17-10.39.01:190][812]LogModuleManager: Shutting down and abandoning module MacNoEditorTargetPlatform (161)
[2025.12.17-10.39.01:190][812]LogModuleManager: Shutting down and abandoning module LuminTargetPlatform (159)
[2025.12.17-10.39.01:191][812]LogModuleManager: Shutting down and abandoning module LinuxAArch64ServerTargetPlatform (157)
[2025.12.17-10.39.01:191][812]LogModuleManager: Shutting down and abandoning module LinuxAArch64ClientTargetPlatform (155)
[2025.12.17-10.39.01:191][812]LogModuleManager: Shutting down and abandoning module LinuxAArch64NoEditorTargetPlatform (153)
[2025.12.17-10.39.01:191][812]LogModuleManager: Shutting down and abandoning module LinuxServerTargetPlatform (151)
[2025.12.17-10.39.01:191][812]LogModuleManager: Shutting down and abandoning module LinuxClientTargetPlatform (149)
[2025.12.17-10.39.01:191][812]LogModuleManager: Shutting down and abandoning module LinuxNoEditorTargetPlatform (147)
[2025.12.17-10.39.01:191][812]LogModuleManager: Shutting down and abandoning module LinuxTargetPlatform (145)
[2025.12.17-10.39.01:191][812]LogModuleManager: Shutting down and abandoning module Messaging (143)
[2025.12.17-10.39.01:191][812]LogModuleManager: Shutting down and abandoning module IOSTargetPlatform (141)
[2025.12.17-10.39.01:192][812]LogModuleManager: Shutting down and abandoning module AndroidTargetPlatform (139)
[2025.12.17-10.39.01:198][812]LogModuleManager: Shutting down and abandoning module AllDesktopTargetPlatform (137)
[2025.12.17-10.39.01:198][812]LogModuleManager: Shutting down and abandoning module D3D11RHI (134)
[2025.12.17-10.39.01:198][812]LogModuleManager: Shutting down and abandoning module InputCore (132)
[2025.12.17-10.39.01:198][812]LogModuleManager: Shutting down and abandoning module Settings (130)
[2025.12.17-10.39.01:198][812]LogModuleManager: Shutting down and abandoning module DirectoryWatcher (128)
[2025.12.17-10.39.01:198][812]LogModuleManager: Shutting down and abandoning module PhysXCooking (126)
[2025.12.17-10.39.01:198][812]LogModuleManager: Shutting down and abandoning module Chaos (124)
[2025.12.17-10.39.01:199][812]LogModuleManager: Shutting down and abandoning module WindowsPlatformFeatures (122)
[2025.12.17-10.39.01:199][812]LogModuleManager: Shutting down and abandoning module GameplayMediaEncoder (121)
[2025.12.17-10.39.01:199][812]LogModuleManager: Shutting down and abandoning module AVEncoder (120)
[2025.12.17-10.39.01:199][812]LogModuleManager: Shutting down and abandoning module SteamVRInputDevice (116)
[2025.12.17-10.39.01:199][812]LogModuleManager: Shutting down and abandoning module SteamVRInput (114)
[2025.12.17-10.39.01:199][812]LogModuleManager: Shutting down and abandoning module SteamVR (112)
[2025.12.17-10.39.01:199][812]LogHMD: Freeing OpenVRDLLHandle.
[2025.12.17-10.39.01:199][812]LogModuleManager: Shutting down and abandoning module OculusHMD (110)
[2025.12.17-10.39.01:199][812]LogModuleManager: Shutting down and abandoning module OpenXRAR (108)
[2025.12.17-10.39.01:199][812]LogModuleManager: Shutting down and abandoning module AugmentedReality (107)
[2025.12.17-10.39.01:199][812]LogModuleManager: Shutting down and abandoning module OpenXREyeTracker (104)
[2025.12.17-10.39.01:199][812]LogModuleManager: Shutting down and abandoning module OpenXRHandTracking (102)
[2025.12.17-10.39.01:199][812]LogSlate: Slate User Destroyed.  User Index 0, Is Virtual User: 0
[2025.12.17-10.39.01:199][812]LogModuleManager: Shutting down and abandoning module OpenXRHMD (101)
[2025.12.17-10.39.01:199][812]LogModuleManager: Shutting down and abandoning module ChunkDownloader (98)
[2025.12.17-10.39.01:200][812]LogModuleManager: Shutting down and abandoning module ExampleDeviceProfileSelector (96)
[2025.12.17-10.39.01:200][812]LogModuleManager: Shutting down and abandoning module ChaosCloth (94)
[2025.12.17-10.39.01:200][812]LogModuleManager: Shutting down and abandoning module OnlineBlueprintSupport (92)
[2025.12.17-10.39.01:200][812]LogModuleManager: Shutting down and abandoning module OnlineSubsystem (88)
[2025.12.17-10.39.01:201][812]LogModuleManager: Shutting down and abandoning module XMPP (83)
[2025.12.17-10.39.01:202][812]LogModuleManager: Shutting down and abandoning module WebSockets (82)
[2025.12.17-10.39.01:216][812]LogModuleManager: Shutting down and abandoning module HTTP (79)
[2025.12.17-10.39.01:216][812]LogHttp: Display: Http module shutting down, but needs to wait on 1 outstanding Http requests:
[2025.12.17-10.39.01:216][812]LogHttp: Display: 	verb=[POST] url=[https://datarouter.ol.epicgames.com/datarouter/api/v1/public/data?SessionID=%7B1C6B378D-4FD1-9EBB-63D6-DFA5698BA2DF%7D&AppID=UEEditor.Rocket.Release&AppVersion=4.27.2-18319896%2B%2B%2BUE4%2BRelease-4.27&UserID=88fdb5624556aa45f582ecac4056409a%7C5d8fd890af69450590b7e49b39047813%7C25b48479-0d97-4b07-8537-a161293b2319&AppEnvironment=datacollector-binary&UploadType=eteventstream] refs=[1] status=Processing
[2025.12.17-10.39.01:216][812]LogHttp: Display: cleaning up 1 outstanding Http requests.
[2025.12.17-10.39.01:246][812]LogModuleManager: Shutting down and abandoning module SSL (78)
[2025.12.17-10.39.01:247][812]LogModuleManager: Shutting down and abandoning module LauncherChunkInstaller (74)
[2025.12.17-10.39.01:247][812]LogModuleManager: Shutting down and abandoning module WmfMedia (72)
[2025.12.17-10.39.01:250][812]LogModuleManager: Shutting down and abandoning module Media (71)
[2025.12.17-10.39.01:250][812]LogModuleManager: Shutting down and abandoning module MediaInfo (70)
[2025.12.17-10.39.01:250][812]LogModuleManager: Shutting down and abandoning module ExrReaderGpu (66)
[2025.12.17-10.39.01:250][812]LogModuleManager: Shutting down and abandoning module VariantManagerContent (64)
[2025.12.17-10.39.01:250][812]LogModuleManager: Shutting down and abandoning module DatasmithContent (62)
[2025.12.17-10.39.01:251][812]LogModuleManager: Shutting down and abandoning module PixWinPlugin (60)
[2025.12.17-10.39.01:251][812]LogModuleManager: Shutting down and abandoning module NiagaraVertexFactories (58)
[2025.12.17-10.39.01:251][812]LogModuleManager: Shutting down and abandoning module NiagaraShader (56)
[2025.12.17-10.39.01:251][812]LogModuleManager: Shutting down and abandoning module MLSDK (54)
[2025.12.17-10.39.01:251][812]LogModuleManager: Shutting down and abandoning module MagicLeap (52)
[2025.12.17-10.39.01:251][812]LogModuleManager: Shutting down and abandoning module AISupportModule (50)
[2025.12.17-10.39.01:251][812]LogModuleManager: Shutting down and abandoning module DesktopPlatform (48)
[2025.12.17-10.39.01:251][812]LogModuleManager: Shutting down and abandoning module PlatformCryptoOpenSSL (46)
[2025.12.17-10.39.01:251][812]LogModuleManager: Shutting down and abandoning module PlatformCryptoTypes (44)
[2025.12.17-10.39.01:251][812]LogModuleManager: Shutting down and abandoning module PlatformCrypto (42)
[2025.12.17-10.39.01:251][812]LogModuleManager: Shutting down and abandoning module PythonScriptPluginPreload (40)
[2025.12.17-10.39.01:251][812]LogModuleManager: Shutting down and abandoning module OodleDataCompressionFormat (38)
[2025.12.17-10.39.01:251][812]LogModuleManager: Shutting down and abandoning module XGEController (36)
[2025.12.17-10.39.01:251][812]LogXGEController: Cleaning working directory: C:/Users/Student/AppData/Local/Temp/UnrealXGEWorkingDir/
[2025.12.17-10.39.01:251][812]LogModuleManager: Shutting down and abandoning module AnimationModifiers (34)
[2025.12.17-10.39.01:253][812]LogModuleManager: Shutting down and abandoning module AudioEditor (32)
[2025.12.17-10.39.01:253][812]LogModuleManager: Shutting down and abandoning module PropertyEditor (31)
[2025.12.17-10.39.01:255][812]LogModuleManager: Shutting down and abandoning module TextureCompressor (28)
[2025.12.17-10.39.01:255][812]LogModuleManager: Shutting down and abandoning module RenderCore (26)
[2025.12.17-10.39.01:255][812]LogModuleManager: Shutting down and abandoning module Landscape (24)
[2025.12.17-10.39.01:255][812]LogModuleManager: Shutting down and abandoning module SlateRHIRenderer (22)
[2025.12.17-10.39.01:256][812]LogModuleManager: Shutting down and abandoning module AnimGraphRuntime (20)
[2025.12.17-10.39.01:256][812]LogModuleManager: Shutting down and abandoning module Renderer (18)
[2025.12.17-10.39.01:256][812]LogModuleManager: Shutting down and abandoning module Engine (16)
[2025.12.17-10.39.01:256][812]LogModuleManager: Shutting down and abandoning module CoreUObject (14)
[2025.12.17-10.39.01:256][812]LogModuleManager: Shutting down and abandoning module NetworkFile (12)
[2025.12.17-10.39.01:256][812]LogModuleManager: Shutting down and abandoning module CookedIterativeFile (10)
[2025.12.17-10.39.01:256][812]LogModuleManager: Shutting down and abandoning module StreamingFile (8)
[2025.12.17-10.39.01:256][812]LogModuleManager: Shutting down and abandoning module SandboxFile (6)
[2025.12.17-10.39.01:256][812]LogModuleManager: Shutting down and abandoning module PakFile (4)
[2025.12.17-10.39.01:256][812]LogModuleManager: Shutting down and abandoning module RSA (3)
[2025.12.17-10.39.01:256][812]LogContentStreaming: Display: There are 1 unreleased StreamingManagers
[2025.12.17-10.39.01:269][812]LogD3D11RHI: Shutdown
[2025.12.17-10.39.01:269][812]LogD3D11RHI: CleanupD3DDevice
[2025.12.17-10.39.01:272][812]LogExit: Exiting.
[2025.12.17-10.39.01:283][812]Log file closed, 12/17/25 11:39:01
