Log file open, 01/03/26 20:50:06
LogWindows: Failed to load 'aqProf.dll' (GetLastError=126)
LogWindows: File 'aqProf.dll' does not exist
LogWindows: Failed to load 'VtuneApi.dll' (GetLastError=126)
LogWindows: File 'VtuneApi.dll' does not exist
LogWindows: Failed to load 'VtuneApi32e.dll' (GetLastError=126)
LogWindows: File 'VtuneApi32e.dll' does not exist
LogConsoleResponse: Display: Failed to find resolution value strings in scalability ini. Falling back to default.
LogConsoleResponse: Display: Failed to find resolution value strings in scalability ini. Falling back to default.
LogInit: Display: Running engine for game: TopDownShooter
LogPlatformFile: Not using cached read wrapper
LogTaskGraph: Started task graph with 5 named threads and 23 total threads with 3 sets of task threads.
LogStats: Stats thread started at 0.740860
LogICUInternationalization: ICU TimeZone Detection - Raw Offset: +1:00, Platform Override: ''
LogInit: Display: Loading text-based GConfig....
LogPluginManager: Mounting plugin MeshPainting
LogPluginManager: Mounting plugin XGEController
LogPluginManager: Mounting plugin OodleData
LogPluginManager: Mounting plugin Paper2D
LogPluginManager: Mounting plugin AISupport
LogPluginManager: Mounting plugin CameraShakePreviewer
LogPluginManager: Mounting plugin GameplayCameras
LogPluginManager: Mounting plugin OodleNetwork
LogPluginManager: Mounting plugin EnvironmentQueryEditor
LogPluginManager: Mounting plugin LightPropagationVolume
LogPluginManager: Mounting plugin LiveLink
LogPluginManager: Mounting plugin AlembicImporter
LogPluginManager: Mounting plugin BackChannel
LogPluginManager: Mounting plugin AutomationUtils
LogPluginManager: Mounting plugin ChaosClothEditor
LogPluginManager: Mounting plugin ChaosCloth
LogPluginManager: Mounting plugin ChaosNiagara
LogPluginManager: Mounting plugin ChaosSolverPlugin
LogPluginManager: Mounting plugin CharacterAI
LogPluginManager: Mounting plugin ChaosEditor
LogPluginManager: Mounting plugin DatasmithContent
LogPluginManager: Mounting plugin AnimationSharing
LogPluginManager: Mounting plugin VariantManagerContent
LogPluginManager: Mounting plugin CLionSourceCodeAccess
LogPluginManager: Mounting plugin CodeLiteSourceCodeAccess
LogPluginManager: Mounting plugin GitSourceControl
LogPluginManager: Mounting plugin KDevelopSourceCodeAccess
LogPluginManager: Mounting plugin NullSourceCodeAccess
LogPluginManager: Mounting plugin PixWinPlugin
LogPluginManager: Mounting plugin PluginUtils
LogPluginManager: Mounting plugin PlasticSourceControl
LogPluginManager: Mounting plugin PerforceSourceControl
LogPluginManager: Mounting plugin PropertyAccessNode
LogPluginManager: Mounting plugin RiderSourceCodeAccess
LogPluginManager: Mounting plugin SubversionSourceControl
LogPluginManager: Mounting plugin TextureFormatOodle
LogPluginManager: Mounting plugin UObjectPlugin
LogPluginManager: Mounting plugin VisualStudioCodeSourceCodeAccess
LogPluginManager: Mounting plugin VisualStudioSourceCodeAccess
LogPluginManager: Mounting plugin XCodeSourceCodeAccess
LogPluginManager: Mounting plugin Niagara
LogPluginManager: Mounting plugin AssetManagerEditor
LogPluginManager: Mounting plugin CryptoKeys
LogPluginManager: Mounting plugin DataValidation
LogPluginManager: Mounting plugin CurveEditorTools
LogPluginManager: Mounting plugin FacialAnimation
LogPluginManager: Mounting plugin GameplayTagsEditor
LogPluginManager: Mounting plugin GeometryMode
LogPluginManager: Mounting plugin MacGraphicsSwitching
LogPluginManager: Mounting plugin MaterialAnalyzer
LogPluginManager: Mounting plugin SpeedTreeImporter
LogPluginManager: Mounting plugin PluginBrowser
LogPluginManager: Mounting plugin MobileLauncherProfileWizard
LogPluginManager: Mounting plugin LuminPlatformFeatures
LogPluginManager: Mounting plugin MagicLeap
LogPluginManager: Mounting plugin MagicLeapLightEstimation
LogPluginManager: Mounting plugin MagicLeapMedia
LogPluginManager: Mounting plugin MagicLeapPassableWorld
LogPluginManager: Mounting plugin GeometryCollectionPlugin
LogPluginManager: Mounting plugin MLSDK
LogPluginManager: Mounting plugin GeometryProcessing
LogPluginManager: Mounting plugin GeometryCache
LogPluginManager: Mounting plugin OpenImageDenoise
LogPluginManager: Mounting plugin MotoSynth
LogPluginManager: Mounting plugin PythonScriptPlugin
LogPluginManager: Mounting plugin PlanarCut
LogPluginManager: Mounting plugin PlatformCrypto
LogPluginManager: Mounting plugin ProxyLODPlugin
LogPluginManager: Mounting plugin SkeletalReduction
LogPluginManager: Mounting plugin AndroidMedia
LogPluginManager: Mounting plugin AvfMedia
LogPluginManager: Mounting plugin ImgMedia
LogPluginManager: Mounting plugin MediaCompositing
LogPluginManager: Mounting plugin MediaPlayerEditor
LogPluginManager: Mounting plugin WebMMedia
LogPluginManager: Mounting plugin WmfMedia
LogPluginManager: Mounting plugin ActorSequence
LogPluginManager: Mounting plugin LevelSequenceEditor
LogPluginManager: Mounting plugin MatineeToLevelSequence
LogPluginManager: Mounting plugin TemplateSequence
LogPluginManager: Mounting plugin OnlineSubsystem
LogPluginManager: Mounting plugin TcpMessaging
LogPluginManager: Mounting plugin UdpMessaging
LogPluginManager: Mounting plugin OnlineSubsystemNull
LogPluginManager: Mounting plugin OnlineSubsystemUtils
LogPluginManager: Mounting plugin LauncherChunkInstaller
LogPluginManager: Mounting plugin ScreenshotTools
LogPluginManager: Mounting plugin Takes
LogPluginManager: Mounting plugin ActorLayerUtilities
LogPluginManager: Mounting plugin AndroidDeviceProfileSelector
LogPluginManager: Mounting plugin AndroidMoviePlayer
LogPluginManager: Mounting plugin AndroidPermission
LogPluginManager: Mounting plugin AppleImageUtils
LogPluginManager: Mounting plugin AppleMoviePlayer
LogPluginManager: Mounting plugin ArchVisCharacter
LogPluginManager: Mounting plugin AudioCapture
LogPluginManager: Mounting plugin AssetTags
LogPluginManager: Mounting plugin AudioSynesthesia
LogPluginManager: Mounting plugin CableComponent
LogPluginManager: Mounting plugin ChunkDownloader
LogPluginManager: Mounting plugin CustomMeshComponent
LogPluginManager: Mounting plugin ExampleDeviceProfileSelector
LogPluginManager: Mounting plugin EditableMesh
LogPluginManager: Mounting plugin GoogleCloudMessaging
LogPluginManager: Mounting plugin GooglePAD
LogPluginManager: Mounting plugin LinuxDeviceProfileSelector
LogPluginManager: Mounting plugin IOSDeviceProfileSelector
LogPluginManager: Mounting plugin LocationServicesBPLibrary
LogPluginManager: Mounting plugin MobilePatchingUtils
LogPluginManager: Mounting plugin OpenXR
LogPluginManager: Mounting plugin OpenXREyeTracker
LogPluginManager: Mounting plugin OpenXRHandTracking
LogPluginManager: Mounting plugin PostSplashScreen
LogPluginManager: Mounting plugin PhysXVehicles
LogPluginManager: Mounting plugin ProceduralMeshComponent
LogPluginManager: Mounting plugin PropertyAccessEditor
LogPluginManager: Mounting plugin SignificanceManager
LogPluginManager: Mounting plugin SoundFields
LogPluginManager: Mounting plugin RuntimePhysXCooking
LogPluginManager: Mounting plugin Synthesis
LogPluginManager: Mounting plugin WindowsMoviePlayer
LogPluginManager: Mounting plugin WebMMoviePlayer
LogPluginManager: Mounting plugin ContentBrowserAssetDataSource
LogPluginManager: Mounting plugin ContentBrowserClassDataSource
LogPluginManager: Mounting plugin ContentBrowserFileDataSource
LogPluginManager: Mounting plugin OnlineSubsystemGooglePlay
LogPluginManager: Mounting plugin OnlineSubsystemIOS
LogPluginManager: Mounting plugin OculusVR
LogPluginManager: Mounting plugin SteamVR
PixWinPlugin: PIX capture plugin failed to initialize! Check that the process is launched from PIX.
LogInit: Using libcurl 7.55.1-DEV
LogInit:  - built for x86_64-pc-win32
LogInit:  - supports SSL with OpenSSL/1.1.1
LogInit:  - supports HTTP deflate (compression) using libz 1.2.8
LogInit:  - other features:
LogInit:      CURL_VERSION_SSL
LogInit:      CURL_VERSION_LIBZ
LogInit:      CURL_VERSION_IPV6
LogInit:      CURL_VERSION_ASYNCHDNS
LogInit:      CURL_VERSION_LARGEFILE
LogInit:      CURL_VERSION_IDN
LogInit:  CurlRequestOptions (configurable via config and command line):
LogInit:  - bVerifyPeer = true  - Libcurl will verify peer certificate
LogInit:  - bUseHttpProxy = false  - Libcurl will NOT use HTTP proxy
LogInit:  - bDontReuseConnections = false  - Libcurl will reuse connections
LogInit:  - MaxHostConnections = 16  - Libcurl will limit the number of connections to a host
LogInit:  - LocalHostAddr = Default
LogInit:  - BufferSize = 65536
LogOnline: OSS: Creating online subsystem instance for: NULL
LogInit: WinSock: version 1.1 (2.2), MaxSocks=32767, MaxUdp=65467
LogOnline: OSS: TryLoadSubsystemAndSetDefault: Loaded subsystem for module [NULL]
LogOculusPluginWrapper: OculusPlugin initialized successfully
LogHMD: Failed initializing OVRPlugin 1.59.0
LogInit: Build: ++UE4+Release-4.27-CL-18319896
LogInit: Engine Version: 4.27.2-18319896+++UE4+Release-4.27
LogInit: Compatible Engine Version: 4.27.0-17155196+++UE4+Release-4.27
LogInit: Net CL: 17155196
LogInit: OS: Windows 10 (Release 2009) (), CPU: Intel(R) Core(TM) i7-10610U CPU @ 1.80GHz, GPU: Intel(R) UHD Graphics
LogInit: Compiled (64-bit): Nov 30 2021 07:12:08
LogInit: Compiled with Visual C++: 19.24.28315.00
LogInit: Build Configuration: Development
LogInit: Branch Name: ++UE4+Release-4.27
LogInit: Command Line: 
LogInit: Base Directory: C:/Program Files/Epic Games/UE_4.27/Engine/Binaries/Win64/
LogInit: Allocator: TBB
LogInit: Installed Engine Build: 1
LogDevObjectVersion: Number of dev versions registered: 29
LogDevObjectVersion:   Dev-Blueprints (B0D832E4-1F89-4F0D-ACCF-7EB736FD4AA2): 10
LogDevObjectVersion:   Dev-Build (E1C64328-A22C-4D53-A36C-8E866417BD8C): 0
LogDevObjectVersion:   Dev-Core (375EC13C-06E4-48FB-B500-84F0262A717E): 4
LogDevObjectVersion:   Dev-Editor (E4B068ED-F494-42E9-A231-DA0B2E46BB41): 40
LogDevObjectVersion:   Dev-Framework (CFFC743F-43B0-4480-9391-14DF171D2073): 37
LogDevObjectVersion:   Dev-Mobile (B02B49B5-BB20-44E9-A304-32B752E40360): 3
LogDevObjectVersion:   Dev-Networking (A4E4105C-59A1-49B5-A7C5-40C4547EDFEE): 0
LogDevObjectVersion:   Dev-Online (39C831C9-5AE6-47DC-9A44-9C173E1C8E7C): 0
LogDevObjectVersion:   Dev-Physics (78F01B33-EBEA-4F98-B9B4-84EACCB95AA2): 14
LogDevObjectVersion:   Dev-Platform (6631380F-2D4D-43E0-8009-CF276956A95A): 0
LogDevObjectVersion:   Dev-Rendering (12F88B9F-8875-4AFC-A67C-D90C383ABD29): 45
LogDevObjectVersion:   Dev-Sequencer (7B5AE74C-D270-4C10-A958-57980B212A5A): 13
LogDevObjectVersion:   Dev-VR (D7296918-1DD6-4BDD-9DE2-64A83CC13884): 3
LogDevObjectVersion:   Dev-LoadTimes (C2A15278-BFE7-4AFE-6C17-90FF531DF755): 1
LogDevObjectVersion:   Private-Geometry (6EACA3D4-40EC-4CC1-B786-8BED09428FC5): 3
LogDevObjectVersion:   Dev-AnimPhys (29E575DD-E0A3-4627-9D10-D276232CDCEA): 17
LogDevObjectVersion:   Dev-Anim (AF43A65D-7FD3-4947-9873-3E8ED9C1BB05): 15
LogDevObjectVersion:   Dev-ReflectionCapture (6B266CEC-1EC7-4B8F-A30B-E4D90942FC07): 1
LogDevObjectVersion:   Dev-Automation (0DF73D61-A23F-47EA-B727-89E90C41499A): 1
LogDevObjectVersion:   FortniteMain (601D1886-AC64-4F84-AA16-D3DE0DEAC7D6): 47
LogDevObjectVersion:   FortniteRelease (E7086368-6B23-4C58-8439-1B7016265E91): 1
LogDevObjectVersion:   Dev-Enterprise (9DFFBCD6-494F-0158-E221-12823C92A888): 10
LogDevObjectVersion:   Dev-Niagara (F2AED0AC-9AFE-416F-8664-AA7FFA26D6FC): 1
LogDevObjectVersion:   Dev-Destruction (174F1F0B-B4C6-45A5-B13F-2EE8D0FB917D): 10
LogDevObjectVersion:   Dev-Physics-Ext (35F94A83-E258-406C-A318-09F59610247C): 41
LogDevObjectVersion:   Dev-PhysicsMaterial-Chaos (B68FC16E-8B1B-42E2-B453-215C058844FE): 1
LogDevObjectVersion:   Dev-CineCamera (B2E18506-4273-CFC2-A54E-F4BB758BBA07): 1
LogDevObjectVersion:   Dev-VirtualProduction (64F58936-FD1B-42BA-BA96-7289D5D0FA4E): 1
LogDevObjectVersion:   Dev-MediaFramework (6F0ED827-A609-4895-9C91-998D90180EA4): 2
LogInit: Presizing for max 25165824 objects, including 0 objects not considered by GC, pre-allocating 0 bytes for permanent pool.
LogConfig: Applying CVar settings from Section [/Script/Engine.StreamingSettings] File [C:/Users/Dom/Desktop/unreal/TopDownShooter01/TopDownShooter01/Saved/Config/Windows/Engine.ini]
LogConfig: Setting CVar [[s.MinBulkDataSizeForAsyncLoading:131072]]
LogConfig: Setting CVar [[s.AsyncLoadingThreadEnabled:0]]
LogConfig: Setting CVar [[s.EventDrivenLoaderEnabled:1]]
LogConfig: Setting CVar [[s.WarnIfTimeLimitExceeded:0]]
LogConfig: Setting CVar [[s.TimeLimitExceededMultiplier:1.5]]
LogConfig: Setting CVar [[s.TimeLimitExceededMinTime:0.005]]
LogConfig: Setting CVar [[s.UseBackgroundLevelStreaming:1]]
LogConfig: Setting CVar [[s.PriorityAsyncLoadingExtraTime:15.0]]
LogConfig: Setting CVar [[s.LevelStreamingActorsUpdateTimeLimit:5.0]]
LogConfig: Setting CVar [[s.PriorityLevelStreamingActorsUpdateExtraTime:5.0]]
LogConfig: Setting CVar [[s.LevelStreamingComponentsRegistrationGranularity:10]]
LogConfig: Setting CVar [[s.UnregisterComponentsTimeLimit:1.0]]
LogConfig: Setting CVar [[s.LevelStreamingComponentsUnregistrationGranularity:5]]
LogConfig: Setting CVar [[s.FlushStreamingOnExit:1]]
LogInit: Object subsystem initialized
LogConfig: Setting CVar [[con.DebugEarlyDefault:1]]
LogConfig: Setting CVar [[r.setres:1280x720]]
[2026.01.03-19.50.07:846][  0]LogConfig: Setting CVar [[r.VSync:0]]
[2026.01.03-19.50.07:847][  0]LogConfig: Setting CVar [[r.RHICmdBypass:0]]
[2026.01.03-19.50.07:847][  0]LogConfig: Applying CVar settings from Section [/Script/Engine.RendererSettings] File [C:/Users/Dom/Desktop/unreal/TopDownShooter01/TopDownShooter01/Saved/Config/Windows/Engine.ini]
[2026.01.03-19.50.07:847][  0]LogConfig: Setting CVar [[r.GPUCrashDebugging:0]]
[2026.01.03-19.50.07:847][  0]LogConfig: Applying CVar settings from Section [/Script/Engine.RendererOverrideSettings] File [C:/Users/Dom/Desktop/unreal/TopDownShooter01/TopDownShooter01/Saved/Config/Windows/Engine.ini]
[2026.01.03-19.50.07:847][  0]LogConfig: Applying CVar settings from Section [/Script/Engine.StreamingSettings] File [C:/Users/Dom/Desktop/unreal/TopDownShooter01/TopDownShooter01/Saved/Config/Windows/Engine.ini]
[2026.01.03-19.50.07:847][  0]LogConfig: Setting CVar [[s.MinBulkDataSizeForAsyncLoading:131072]]
[2026.01.03-19.50.07:847][  0]LogConfig: Setting CVar [[s.AsyncLoadingThreadEnabled:0]]
[2026.01.03-19.50.07:847][  0]LogConfig: Setting CVar [[s.EventDrivenLoaderEnabled:1]]
[2026.01.03-19.50.07:847][  0]LogConfig: Setting CVar [[s.WarnIfTimeLimitExceeded:0]]
[2026.01.03-19.50.07:847][  0]LogConfig: Setting CVar [[s.TimeLimitExceededMultiplier:1.5]]
[2026.01.03-19.50.07:847][  0]LogConfig: Setting CVar [[s.TimeLimitExceededMinTime:0.005]]
[2026.01.03-19.50.07:847][  0]LogConfig: Setting CVar [[s.UseBackgroundLevelStreaming:1]]
[2026.01.03-19.50.07:847][  0]LogConfig: Setting CVar [[s.PriorityAsyncLoadingExtraTime:15.0]]
[2026.01.03-19.50.07:847][  0]LogConfig: Setting CVar [[s.LevelStreamingActorsUpdateTimeLimit:5.0]]
[2026.01.03-19.50.07:847][  0]LogConfig: Setting CVar [[s.PriorityLevelStreamingActorsUpdateExtraTime:5.0]]
[2026.01.03-19.50.07:847][  0]LogConfig: Setting CVar [[s.LevelStreamingComponentsRegistrationGranularity:10]]
[2026.01.03-19.50.07:847][  0]LogConfig: Setting CVar [[s.UnregisterComponentsTimeLimit:1.0]]
[2026.01.03-19.50.07:847][  0]LogConfig: Setting CVar [[s.LevelStreamingComponentsUnregistrationGranularity:5]]
[2026.01.03-19.50.07:847][  0]LogConfig: Setting CVar [[s.FlushStreamingOnExit:1]]
[2026.01.03-19.50.07:847][  0]LogConfig: Applying CVar settings from Section [/Script/Engine.GarbageCollectionSettings] File [C:/Users/Dom/Desktop/unreal/TopDownShooter01/TopDownShooter01/Saved/Config/Windows/Engine.ini]
[2026.01.03-19.50.07:847][  0]LogConfig: Setting CVar [[gc.MaxObjectsNotConsideredByGC:1]]
[2026.01.03-19.50.07:847][  0]LogConfig: Setting CVar [[gc.SizeOfPermanentObjectPool:0]]
[2026.01.03-19.50.07:847][  0]LogConfig: Setting CVar [[gc.FlushStreamingOnGC:0]]
[2026.01.03-19.50.07:847][  0]LogConfig: Setting CVar [[gc.NumRetriesBeforeForcingGC:10]]
[2026.01.03-19.50.07:847][  0]LogConfig: Setting CVar [[gc.AllowParallelGC:1]]
[2026.01.03-19.50.07:847][  0]LogConfig: Setting CVar [[gc.TimeBetweenPurgingPendingKillObjects:61.1]]
[2026.01.03-19.50.07:847][  0]LogConfig: Setting CVar [[gc.MaxObjectsInEditor:25165824]]
[2026.01.03-19.50.07:847][  0]LogConfig: Setting CVar [[gc.IncrementalBeginDestroyEnabled:1]]
[2026.01.03-19.50.07:847][  0]LogConfig: Setting CVar [[gc.CreateGCClusters:1]]
[2026.01.03-19.50.07:847][  0]LogConfig: Setting CVar [[gc.MinGCClusterSize:5]]
[2026.01.03-19.50.07:847][  0]LogConfig: Setting CVar [[gc.ActorClusteringEnabled:0]]
[2026.01.03-19.50.07:847][  0]LogConfig: Setting CVar [[gc.BlueprintClusteringEnabled:0]]
[2026.01.03-19.50.07:847][  0]LogConfig: Setting CVar [[gc.UseDisregardForGCOnDedicatedServers:0]]
[2026.01.03-19.50.07:847][  0]LogConfig: Setting CVar [[gc.MultithreadedDestructionEnabled:1]]
[2026.01.03-19.50.07:847][  0]LogConfig: Applying CVar settings from Section [/Script/Engine.NetworkSettings] File [C:/Users/Dom/Desktop/unreal/TopDownShooter01/TopDownShooter01/Saved/Config/Windows/Engine.ini]
[2026.01.03-19.50.07:848][  0]LogConfig: Applying CVar settings from Section [/Script/UnrealEd.CookerSettings] File [C:/Users/Dom/Desktop/unreal/TopDownShooter01/TopDownShooter01/Saved/Config/Windows/Engine.ini]
[2026.01.03-19.50.07:860][  0]LogConfig: Applying CVar settings from Section [ViewDistanceQuality@3] File [C:/Users/Dom/Desktop/unreal/TopDownShooter01/TopDownShooter01/Saved/Config/Windows/Scalability.ini]
[2026.01.03-19.50.07:860][  0]LogConfig: Setting CVar [[r.SkeletalMeshLODBias:0]]
[2026.01.03-19.50.07:860][  0]LogConfig: Setting CVar [[r.ViewDistanceScale:1.0]]
[2026.01.03-19.50.07:860][  0]LogConfig: Applying CVar settings from Section [AntiAliasingQuality@3] File [C:/Users/Dom/Desktop/unreal/TopDownShooter01/TopDownShooter01/Saved/Config/Windows/Scalability.ini]
[2026.01.03-19.50.07:860][  0]LogConfig: Setting CVar [[r.PostProcessAAQuality:4]]
[2026.01.03-19.50.07:860][  0]LogConfig: Applying CVar settings from Section [ShadowQuality@3] File [C:/Users/Dom/Desktop/unreal/TopDownShooter01/TopDownShooter01/Saved/Config/Windows/Scalability.ini]
[2026.01.03-19.50.07:860][  0]LogConfig: Setting CVar [[r.LightFunctionQuality:1]]
[2026.01.03-19.50.07:860][  0]LogConfig: Setting CVar [[r.ShadowQuality:5]]
[2026.01.03-19.50.07:860][  0]LogConfig: Setting CVar [[r.Shadow.CSM.MaxCascades:10]]
[2026.01.03-19.50.07:860][  0]LogConfig: Setting CVar [[r.Shadow.MaxResolution:2048]]
[2026.01.03-19.50.07:860][  0]LogConfig: Setting CVar [[r.Shadow.MaxCSMResolution:2048]]
[2026.01.03-19.50.07:860][  0]LogConfig: Setting CVar [[r.Shadow.RadiusThreshold:0.01]]
[2026.01.03-19.50.07:860][  0]LogConfig: Setting CVar [[r.Shadow.DistanceScale:1.0]]
[2026.01.03-19.50.07:860][  0]LogConfig: Setting CVar [[r.Shadow.CSM.TransitionScale:1.0]]
[2026.01.03-19.50.07:860][  0]LogConfig: Setting CVar [[r.Shadow.PreShadowResolutionFactor:1.0]]
[2026.01.03-19.50.07:860][  0]LogConfig: Setting CVar [[r.DistanceFieldShadowing:1]]
[2026.01.03-19.50.07:860][  0]LogConfig: Setting CVar [[r.DistanceFieldAO:1]]
[2026.01.03-19.50.07:860][  0]LogConfig: Setting CVar [[r.AOQuality:2]]
[2026.01.03-19.50.07:860][  0]LogConfig: Setting CVar [[r.VolumetricFog:1]]
[2026.01.03-19.50.07:860][  0]LogConfig: Setting CVar [[r.VolumetricFog.GridPixelSize:8]]
[2026.01.03-19.50.07:860][  0]LogConfig: Setting CVar [[r.VolumetricFog.GridSizeZ:128]]
[2026.01.03-19.50.07:860][  0]LogConfig: Setting CVar [[r.VolumetricFog.HistoryMissSupersampleCount:4]]
[2026.01.03-19.50.07:860][  0]LogConfig: Setting CVar [[r.LightMaxDrawDistanceScale:1]]
[2026.01.03-19.50.07:860][  0]LogConfig: Setting CVar [[r.CapsuleShadows:1]]
[2026.01.03-19.50.07:860][  0]LogConfig: Applying CVar settings from Section [PostProcessQuality@3] File [C:/Users/Dom/Desktop/unreal/TopDownShooter01/TopDownShooter01/Saved/Config/Windows/Scalability.ini]
[2026.01.03-19.50.07:860][  0]LogConfig: Setting CVar [[r.MotionBlurQuality:4]]
[2026.01.03-19.50.07:860][  0]LogConfig: Setting CVar [[r.AmbientOcclusionMipLevelFactor:0.4]]
[2026.01.03-19.50.07:860][  0]LogConfig: Setting CVar [[r.AmbientOcclusionMaxQuality:100]]
[2026.01.03-19.50.07:860][  0]LogConfig: Setting CVar [[r.AmbientOcclusionLevels:-1]]
[2026.01.03-19.50.07:860][  0]LogConfig: Setting CVar [[r.AmbientOcclusionRadiusScale:1.0]]
[2026.01.03-19.50.07:860][  0]LogConfig: Setting CVar [[r.DepthOfFieldQuality:2]]
[2026.01.03-19.50.07:860][  0]LogConfig: Setting CVar [[r.RenderTargetPoolMin:400]]
[2026.01.03-19.50.07:860][  0]LogConfig: Setting CVar [[r.LensFlareQuality:2]]
[2026.01.03-19.50.07:860][  0]LogConfig: Setting CVar [[r.SceneColorFringeQuality:1]]
[2026.01.03-19.50.07:860][  0]LogConfig: Setting CVar [[r.EyeAdaptationQuality:2]]
[2026.01.03-19.50.07:860][  0]LogConfig: Setting CVar [[r.BloomQuality:5]]
[2026.01.03-19.50.07:860][  0]LogConfig: Setting CVar [[r.FastBlurThreshold:100]]
[2026.01.03-19.50.07:860][  0]LogConfig: Setting CVar [[r.Upscale.Quality:3]]
[2026.01.03-19.50.07:860][  0]LogConfig: Setting CVar [[r.Tonemapper.GrainQuantization:1]]
[2026.01.03-19.50.07:860][  0]LogConfig: Setting CVar [[r.LightShaftQuality:1]]
[2026.01.03-19.50.07:860][  0]LogConfig: Setting CVar [[r.Filter.SizeScale:1]]
[2026.01.03-19.50.07:860][  0]LogConfig: Setting CVar [[r.Tonemapper.Quality:5]]
[2026.01.03-19.50.07:860][  0]LogConfig: Setting CVar [[r.DOF.Gather.AccumulatorQuality:1        ; higher gathering accumulator quality]]
[2026.01.03-19.50.07:860][  0]LogConfig: Setting CVar [[r.DOF.Gather.PostfilterMethod:1          ; Median3x3 postfilering method]]
[2026.01.03-19.50.07:860][  0]LogConfig: Setting CVar [[r.DOF.Gather.EnableBokehSettings:0       ; no bokeh simulation when gathering]]
[2026.01.03-19.50.07:860][  0]LogConfig: Setting CVar [[r.DOF.Gather.RingCount:4                 ; medium number of samples when gathering]]
[2026.01.03-19.50.07:860][  0]LogConfig: Setting CVar [[r.DOF.Scatter.ForegroundCompositing:1    ; additive foreground scattering]]
[2026.01.03-19.50.07:860][  0]LogConfig: Setting CVar [[r.DOF.Scatter.BackgroundCompositing:2    ; additive background scattering]]
[2026.01.03-19.50.07:860][  0]LogConfig: Setting CVar [[r.DOF.Scatter.EnableBokehSettings:1      ; bokeh simulation when scattering]]
[2026.01.03-19.50.07:860][  0]LogConfig: Setting CVar [[r.DOF.Scatter.MaxSpriteRatio:0.1         ; only a maximum of 10% of scattered bokeh]]
[2026.01.03-19.50.07:860][  0]LogConfig: Setting CVar [[r.DOF.Recombine.Quality:1                ; cheap slight out of focus]]
[2026.01.03-19.50.07:860][  0]LogConfig: Setting CVar [[r.DOF.Recombine.EnableBokehSettings:0    ; no bokeh simulation on slight out of focus]]
[2026.01.03-19.50.07:861][  0]LogConfig: Setting CVar [[r.DOF.TemporalAAQuality:1                ; more stable temporal accumulation]]
[2026.01.03-19.50.07:861][  0]LogConfig: Setting CVar [[r.DOF.Kernel.MaxForegroundRadius:0.025]]
[2026.01.03-19.50.07:861][  0]LogConfig: Setting CVar [[r.DOF.Kernel.MaxBackgroundRadius:0.025]]
[2026.01.03-19.50.07:861][  0]LogConfig: Applying CVar settings from Section [TextureQuality@3] File [C:/Users/Dom/Desktop/unreal/TopDownShooter01/TopDownShooter01/Saved/Config/Windows/Scalability.ini]
[2026.01.03-19.50.07:861][  0]LogConfig: Setting CVar [[r.Streaming.MipBias:0]]
[2026.01.03-19.50.07:861][  0]LogConfig: Setting CVar [[r.Streaming.AmortizeCPUToGPUCopy:0]]
[2026.01.03-19.50.07:861][  0]LogConfig: Setting CVar [[r.Streaming.MaxNumTexturesToStreamPerFrame:0]]
[2026.01.03-19.50.07:861][  0]LogConfig: Setting CVar [[r.Streaming.Boost:1]]
[2026.01.03-19.50.07:861][  0]LogConfig: Setting CVar [[r.MaxAnisotropy:8]]
[2026.01.03-19.50.07:861][  0]LogConfig: Setting CVar [[r.VT.MaxAnisotropy:8]]
[2026.01.03-19.50.07:861][  0]LogConfig: Setting CVar [[r.Streaming.LimitPoolSizeToVRAM:0]]
[2026.01.03-19.50.07:861][  0]LogConfig: Setting CVar [[r.Streaming.PoolSize:1000]]
[2026.01.03-19.50.07:861][  0]LogConfig: Setting CVar [[r.Streaming.MaxEffectiveScreenSize:0]]
[2026.01.03-19.50.07:861][  0]LogConfig: Applying CVar settings from Section [EffectsQuality@3] File [C:/Users/Dom/Desktop/unreal/TopDownShooter01/TopDownShooter01/Saved/Config/Windows/Scalability.ini]
[2026.01.03-19.50.07:861][  0]LogConfig: Setting CVar [[r.TranslucencyLightingVolumeDim:64]]
[2026.01.03-19.50.07:861][  0]LogConfig: Setting CVar [[r.RefractionQuality:2]]
[2026.01.03-19.50.07:861][  0]LogConfig: Setting CVar [[r.SSR.Quality:3]]
[2026.01.03-19.50.07:861][  0]LogConfig: Setting CVar [[r.SSR.HalfResSceneColor:0]]
[2026.01.03-19.50.07:861][  0]LogConfig: Setting CVar [[r.SceneColorFormat:4]]
[2026.01.03-19.50.07:861][  0]LogConfig: Setting CVar [[r.DetailMode:2]]
[2026.01.03-19.50.07:861][  0]LogConfig: Setting CVar [[r.TranslucencyVolumeBlur:1]]
[2026.01.03-19.50.07:861][  0]LogConfig: Setting CVar [[r.MaterialQualityLevel:1 ; High quality]]
[2026.01.03-19.50.07:861][  0]LogConfig: Setting CVar [[r.AnisotropicMaterials:1]]
[2026.01.03-19.50.07:861][  0]LogConfig: Setting CVar [[r.SSS.Scale:1]]
[2026.01.03-19.50.07:861][  0]LogConfig: Setting CVar [[r.SSS.SampleSet:2]]
[2026.01.03-19.50.07:861][  0]LogConfig: Setting CVar [[r.SSS.Quality:1]]
[2026.01.03-19.50.07:861][  0]LogConfig: Setting CVar [[r.SSS.HalfRes:0]]
[2026.01.03-19.50.07:861][  0]LogConfig: Setting CVar [[r.SSGI.Quality:3]]
[2026.01.03-19.50.07:861][  0]LogConfig: Setting CVar [[r.EmitterSpawnRateScale:1.0]]
[2026.01.03-19.50.07:861][  0]LogConfig: Setting CVar [[r.ParticleLightQuality:2]]
[2026.01.03-19.50.07:861][  0]LogConfig: Setting CVar [[r.SkyAtmosphere.AerialPerspectiveLUT.FastApplyOnOpaque:1 ; Always have FastSkyLUT 1 in this case to avoid wrong sky]]
[2026.01.03-19.50.07:861][  0]LogConfig: Setting CVar [[r.SkyAtmosphere.AerialPerspectiveLUT.SampleCountMaxPerSlice:4]]
[2026.01.03-19.50.07:861][  0]LogConfig: Setting CVar [[r.SkyAtmosphere.AerialPerspectiveLUT.DepthResolution:16.0]]
[2026.01.03-19.50.07:861][  0]LogConfig: Setting CVar [[r.SkyAtmosphere.FastSkyLUT:1]]
[2026.01.03-19.50.07:861][  0]LogConfig: Setting CVar [[r.SkyAtmosphere.FastSkyLUT.SampleCountMin:4.0]]
[2026.01.03-19.50.07:861][  0]LogConfig: Setting CVar [[r.SkyAtmosphere.FastSkyLUT.SampleCountMax:128.0]]
[2026.01.03-19.50.07:861][  0]LogConfig: Setting CVar [[r.SkyAtmosphere.SampleCountMin:4.0]]
[2026.01.03-19.50.07:861][  0]LogConfig: Setting CVar [[r.SkyAtmosphere.SampleCountMax:128.0]]
[2026.01.03-19.50.07:861][  0]LogConfig: Setting CVar [[r.SkyAtmosphere.TransmittanceLUT.UseSmallFormat:0]]
[2026.01.03-19.50.07:861][  0]LogConfig: Setting CVar [[r.SkyAtmosphere.TransmittanceLUT.SampleCount:10.0]]
[2026.01.03-19.50.07:861][  0]LogConfig: Setting CVar [[r.SkyAtmosphere.MultiScatteringLUT.SampleCount:15.0]]
[2026.01.03-19.50.07:861][  0]LogConfig: Setting CVar [[r.SkyLight.RealTimeReflectionCapture:1]]
[2026.01.03-19.50.07:861][  0]LogConfig: Applying CVar settings from Section [FoliageQuality@3] File [C:/Users/Dom/Desktop/unreal/TopDownShooter01/TopDownShooter01/Saved/Config/Windows/Scalability.ini]
[2026.01.03-19.50.07:861][  0]LogConfig: Setting CVar [[foliage.DensityScale:1.0]]
[2026.01.03-19.50.07:861][  0]LogConfig: Setting CVar [[grass.DensityScale:1.0]]
[2026.01.03-19.50.07:861][  0]LogConfig: Applying CVar settings from Section [ShadingQuality@3] File [C:/Users/Dom/Desktop/unreal/TopDownShooter01/TopDownShooter01/Saved/Config/Windows/Scalability.ini]
[2026.01.03-19.50.07:861][  0]LogConfig: Setting CVar [[r.HairStrands.SkyLighting.IntegrationType:2]]
[2026.01.03-19.50.07:861][  0]LogConfig: Setting CVar [[r.HairStrands.SkyAO.SampleCount:4]]
[2026.01.03-19.50.07:861][  0]LogConfig: Setting CVar [[r.HairStrands.Visibility.MSAA.SamplePerPixel:4]]
[2026.01.03-19.50.07:863][  0]LogInit: Selected Device Profile: [Windows]
[2026.01.03-19.50.07:863][  0]LogInit: Applying CVar settings loaded from the selected device profile: [Windows]
[2026.01.03-19.50.07:864][  0]LogHAL: Display: Platform has ~ 32 GB [34064621568 / 34359738368 / 32], which maps to Largest [LargestMinGB=32, LargerMinGB=12, DefaultMinGB=8, SmallerMinGB=6, SmallestMinGB=0)
[2026.01.03-19.50.07:864][  0]LogInit: Going up to parent DeviceProfile []
[2026.01.03-19.50.07:864][  0]LogConfig: Applying CVar settings from Section [ViewDistanceQuality@3] File [C:/Users/Dom/Desktop/unreal/TopDownShooter01/TopDownShooter01/Saved/Config/Windows/Scalability.ini]
[2026.01.03-19.50.07:864][  0]LogConfig: Setting CVar [[r.SkeletalMeshLODBias:0]]
[2026.01.03-19.50.07:864][  0]LogConfig: Setting CVar [[r.ViewDistanceScale:1.0]]
[2026.01.03-19.50.07:864][  0]LogConfig: Applying CVar settings from Section [AntiAliasingQuality@3] File [C:/Users/Dom/Desktop/unreal/TopDownShooter01/TopDownShooter01/Saved/Config/Windows/Scalability.ini]
[2026.01.03-19.50.07:864][  0]LogConfig: Setting CVar [[r.PostProcessAAQuality:4]]
[2026.01.03-19.50.07:864][  0]LogConfig: Applying CVar settings from Section [ShadowQuality@3] File [C:/Users/Dom/Desktop/unreal/TopDownShooter01/TopDownShooter01/Saved/Config/Windows/Scalability.ini]
[2026.01.03-19.50.07:864][  0]LogConfig: Setting CVar [[r.LightFunctionQuality:1]]
[2026.01.03-19.50.07:864][  0]LogConfig: Setting CVar [[r.ShadowQuality:5]]
[2026.01.03-19.50.07:864][  0]LogConfig: Setting CVar [[r.Shadow.CSM.MaxCascades:10]]
[2026.01.03-19.50.07:864][  0]LogConfig: Setting CVar [[r.Shadow.MaxResolution:2048]]
[2026.01.03-19.50.07:864][  0]LogConfig: Setting CVar [[r.Shadow.MaxCSMResolution:2048]]
[2026.01.03-19.50.07:864][  0]LogConfig: Setting CVar [[r.Shadow.RadiusThreshold:0.01]]
[2026.01.03-19.50.07:864][  0]LogConfig: Setting CVar [[r.Shadow.DistanceScale:1.0]]
[2026.01.03-19.50.07:864][  0]LogConfig: Setting CVar [[r.Shadow.CSM.TransitionScale:1.0]]
[2026.01.03-19.50.07:864][  0]LogConfig: Setting CVar [[r.Shadow.PreShadowResolutionFactor:1.0]]
[2026.01.03-19.50.07:864][  0]LogConfig: Setting CVar [[r.DistanceFieldShadowing:1]]
[2026.01.03-19.50.07:864][  0]LogConfig: Setting CVar [[r.DistanceFieldAO:1]]
[2026.01.03-19.50.07:864][  0]LogConfig: Setting CVar [[r.AOQuality:2]]
[2026.01.03-19.50.07:864][  0]LogConfig: Setting CVar [[r.VolumetricFog:1]]
[2026.01.03-19.50.07:864][  0]LogConfig: Setting CVar [[r.VolumetricFog.GridPixelSize:8]]
[2026.01.03-19.50.07:864][  0]LogConfig: Setting CVar [[r.VolumetricFog.GridSizeZ:128]]
[2026.01.03-19.50.07:864][  0]LogConfig: Setting CVar [[r.VolumetricFog.HistoryMissSupersampleCount:4]]
[2026.01.03-19.50.07:864][  0]LogConfig: Setting CVar [[r.LightMaxDrawDistanceScale:1]]
[2026.01.03-19.50.07:864][  0]LogConfig: Setting CVar [[r.CapsuleShadows:1]]
[2026.01.03-19.50.07:864][  0]LogConfig: Applying CVar settings from Section [PostProcessQuality@3] File [C:/Users/Dom/Desktop/unreal/TopDownShooter01/TopDownShooter01/Saved/Config/Windows/Scalability.ini]
[2026.01.03-19.50.07:864][  0]LogConfig: Setting CVar [[r.MotionBlurQuality:4]]
[2026.01.03-19.50.07:865][  0]LogConfig: Setting CVar [[r.AmbientOcclusionMipLevelFactor:0.4]]
[2026.01.03-19.50.07:865][  0]LogConfig: Setting CVar [[r.AmbientOcclusionMaxQuality:100]]
[2026.01.03-19.50.07:865][  0]LogConfig: Setting CVar [[r.AmbientOcclusionLevels:-1]]
[2026.01.03-19.50.07:865][  0]LogConfig: Setting CVar [[r.AmbientOcclusionRadiusScale:1.0]]
[2026.01.03-19.50.07:865][  0]LogConfig: Setting CVar [[r.DepthOfFieldQuality:2]]
[2026.01.03-19.50.07:865][  0]LogConfig: Setting CVar [[r.RenderTargetPoolMin:400]]
[2026.01.03-19.50.07:865][  0]LogConfig: Setting CVar [[r.LensFlareQuality:2]]
[2026.01.03-19.50.07:865][  0]LogConfig: Setting CVar [[r.SceneColorFringeQuality:1]]
[2026.01.03-19.50.07:865][  0]LogConfig: Setting CVar [[r.EyeAdaptationQuality:2]]
[2026.01.03-19.50.07:865][  0]LogConfig: Setting CVar [[r.BloomQuality:5]]
[2026.01.03-19.50.07:865][  0]LogConfig: Setting CVar [[r.FastBlurThreshold:100]]
[2026.01.03-19.50.07:865][  0]LogConfig: Setting CVar [[r.Upscale.Quality:3]]
[2026.01.03-19.50.07:865][  0]LogConfig: Setting CVar [[r.Tonemapper.GrainQuantization:1]]
[2026.01.03-19.50.07:865][  0]LogConfig: Setting CVar [[r.LightShaftQuality:1]]
[2026.01.03-19.50.07:865][  0]LogConfig: Setting CVar [[r.Filter.SizeScale:1]]
[2026.01.03-19.50.07:865][  0]LogConfig: Setting CVar [[r.Tonemapper.Quality:5]]
[2026.01.03-19.50.07:865][  0]LogConfig: Setting CVar [[r.DOF.Gather.AccumulatorQuality:1        ; higher gathering accumulator quality]]
[2026.01.03-19.50.07:865][  0]LogConfig: Setting CVar [[r.DOF.Gather.PostfilterMethod:1          ; Median3x3 postfilering method]]
[2026.01.03-19.50.07:865][  0]LogConfig: Setting CVar [[r.DOF.Gather.EnableBokehSettings:0       ; no bokeh simulation when gathering]]
[2026.01.03-19.50.07:865][  0]LogConfig: Setting CVar [[r.DOF.Gather.RingCount:4                 ; medium number of samples when gathering]]
[2026.01.03-19.50.07:865][  0]LogConfig: Setting CVar [[r.DOF.Scatter.ForegroundCompositing:1    ; additive foreground scattering]]
[2026.01.03-19.50.07:865][  0]LogConfig: Setting CVar [[r.DOF.Scatter.BackgroundCompositing:2    ; additive background scattering]]
[2026.01.03-19.50.07:865][  0]LogConfig: Setting CVar [[r.DOF.Scatter.EnableBokehSettings:1      ; bokeh simulation when scattering]]
[2026.01.03-19.50.07:865][  0]LogConfig: Setting CVar [[r.DOF.Scatter.MaxSpriteRatio:0.1         ; only a maximum of 10% of scattered bokeh]]
[2026.01.03-19.50.07:865][  0]LogConfig: Setting CVar [[r.DOF.Recombine.Quality:1                ; cheap slight out of focus]]
[2026.01.03-19.50.07:865][  0]LogConfig: Setting CVar [[r.DOF.Recombine.EnableBokehSettings:0    ; no bokeh simulation on slight out of focus]]
[2026.01.03-19.50.07:865][  0]LogConfig: Setting CVar [[r.DOF.TemporalAAQuality:1                ; more stable temporal accumulation]]
[2026.01.03-19.50.07:865][  0]LogConfig: Setting CVar [[r.DOF.Kernel.MaxForegroundRadius:0.025]]
[2026.01.03-19.50.07:865][  0]LogConfig: Setting CVar [[r.DOF.Kernel.MaxBackgroundRadius:0.025]]
[2026.01.03-19.50.07:865][  0]LogConfig: Applying CVar settings from Section [TextureQuality@3] File [C:/Users/Dom/Desktop/unreal/TopDownShooter01/TopDownShooter01/Saved/Config/Windows/Scalability.ini]
[2026.01.03-19.50.07:865][  0]LogConfig: Setting CVar [[r.Streaming.MipBias:0]]
[2026.01.03-19.50.07:865][  0]LogConfig: Setting CVar [[r.Streaming.AmortizeCPUToGPUCopy:0]]
[2026.01.03-19.50.07:865][  0]LogConfig: Setting CVar [[r.Streaming.MaxNumTexturesToStreamPerFrame:0]]
[2026.01.03-19.50.07:865][  0]LogConfig: Setting CVar [[r.Streaming.Boost:1]]
[2026.01.03-19.50.07:865][  0]LogConfig: Setting CVar [[r.MaxAnisotropy:8]]
[2026.01.03-19.50.07:865][  0]LogConfig: Setting CVar [[r.VT.MaxAnisotropy:8]]
[2026.01.03-19.50.07:865][  0]LogConfig: Setting CVar [[r.Streaming.LimitPoolSizeToVRAM:0]]
[2026.01.03-19.50.07:865][  0]LogConfig: Setting CVar [[r.Streaming.PoolSize:1000]]
[2026.01.03-19.50.07:865][  0]LogConfig: Setting CVar [[r.Streaming.MaxEffectiveScreenSize:0]]
[2026.01.03-19.50.07:865][  0]LogConfig: Applying CVar settings from Section [EffectsQuality@3] File [C:/Users/Dom/Desktop/unreal/TopDownShooter01/TopDownShooter01/Saved/Config/Windows/Scalability.ini]
[2026.01.03-19.50.07:865][  0]LogConfig: Setting CVar [[r.TranslucencyLightingVolumeDim:64]]
[2026.01.03-19.50.07:865][  0]LogConfig: Setting CVar [[r.RefractionQuality:2]]
[2026.01.03-19.50.07:865][  0]LogConfig: Setting CVar [[r.SSR.Quality:3]]
[2026.01.03-19.50.07:865][  0]LogConfig: Setting CVar [[r.SSR.HalfResSceneColor:0]]
[2026.01.03-19.50.07:865][  0]LogConfig: Setting CVar [[r.SceneColorFormat:4]]
[2026.01.03-19.50.07:865][  0]LogConfig: Setting CVar [[r.DetailMode:2]]
[2026.01.03-19.50.07:865][  0]LogConfig: Setting CVar [[r.TranslucencyVolumeBlur:1]]
[2026.01.03-19.50.07:865][  0]LogConfig: Setting CVar [[r.MaterialQualityLevel:1 ; High quality]]
[2026.01.03-19.50.07:865][  0]LogConfig: Setting CVar [[r.AnisotropicMaterials:1]]
[2026.01.03-19.50.07:865][  0]LogConfig: Setting CVar [[r.SSS.Scale:1]]
[2026.01.03-19.50.07:865][  0]LogConfig: Setting CVar [[r.SSS.SampleSet:2]]
[2026.01.03-19.50.07:865][  0]LogConfig: Setting CVar [[r.SSS.Quality:1]]
[2026.01.03-19.50.07:865][  0]LogConfig: Setting CVar [[r.SSS.HalfRes:0]]
[2026.01.03-19.50.07:865][  0]LogConfig: Setting CVar [[r.SSGI.Quality:3]]
[2026.01.03-19.50.07:865][  0]LogConfig: Setting CVar [[r.EmitterSpawnRateScale:1.0]]
[2026.01.03-19.50.07:865][  0]LogConfig: Setting CVar [[r.ParticleLightQuality:2]]
[2026.01.03-19.50.07:865][  0]LogConfig: Setting CVar [[r.SkyAtmosphere.AerialPerspectiveLUT.FastApplyOnOpaque:1 ; Always have FastSkyLUT 1 in this case to avoid wrong sky]]
[2026.01.03-19.50.07:865][  0]LogConfig: Setting CVar [[r.SkyAtmosphere.AerialPerspectiveLUT.SampleCountMaxPerSlice:4]]
[2026.01.03-19.50.07:865][  0]LogConfig: Setting CVar [[r.SkyAtmosphere.AerialPerspectiveLUT.DepthResolution:16.0]]
[2026.01.03-19.50.07:865][  0]LogConfig: Setting CVar [[r.SkyAtmosphere.FastSkyLUT:1]]
[2026.01.03-19.50.07:865][  0]LogConfig: Setting CVar [[r.SkyAtmosphere.FastSkyLUT.SampleCountMin:4.0]]
[2026.01.03-19.50.07:865][  0]LogConfig: Setting CVar [[r.SkyAtmosphere.FastSkyLUT.SampleCountMax:128.0]]
[2026.01.03-19.50.07:865][  0]LogConfig: Setting CVar [[r.SkyAtmosphere.SampleCountMin:4.0]]
[2026.01.03-19.50.07:865][  0]LogConfig: Setting CVar [[r.SkyAtmosphere.SampleCountMax:128.0]]
[2026.01.03-19.50.07:866][  0]LogConfig: Setting CVar [[r.SkyAtmosphere.TransmittanceLUT.UseSmallFormat:0]]
[2026.01.03-19.50.07:866][  0]LogConfig: Setting CVar [[r.SkyAtmosphere.TransmittanceLUT.SampleCount:10.0]]
[2026.01.03-19.50.07:866][  0]LogConfig: Setting CVar [[r.SkyAtmosphere.MultiScatteringLUT.SampleCount:15.0]]
[2026.01.03-19.50.07:866][  0]LogConfig: Setting CVar [[r.SkyLight.RealTimeReflectionCapture:1]]
[2026.01.03-19.50.07:866][  0]LogConfig: Applying CVar settings from Section [FoliageQuality@3] File [C:/Users/Dom/Desktop/unreal/TopDownShooter01/TopDownShooter01/Saved/Config/Windows/Scalability.ini]
[2026.01.03-19.50.07:866][  0]LogConfig: Setting CVar [[foliage.DensityScale:1.0]]
[2026.01.03-19.50.07:866][  0]LogConfig: Setting CVar [[grass.DensityScale:1.0]]
[2026.01.03-19.50.07:866][  0]LogConfig: Applying CVar settings from Section [ShadingQuality@3] File [C:/Users/Dom/Desktop/unreal/TopDownShooter01/TopDownShooter01/Saved/Config/Windows/Scalability.ini]
[2026.01.03-19.50.07:866][  0]LogConfig: Setting CVar [[r.HairStrands.SkyLighting.IntegrationType:2]]
[2026.01.03-19.50.07:866][  0]LogConfig: Setting CVar [[r.HairStrands.SkyAO.SampleCount:4]]
[2026.01.03-19.50.07:866][  0]LogConfig: Setting CVar [[r.HairStrands.Visibility.MSAA.SamplePerPixel:4]]
[2026.01.03-19.50.07:866][  0]LogConfig: Applying CVar settings from Section [Startup] File [../../../Engine/Config/ConsoleVariables.ini]
[2026.01.03-19.50.07:867][  0]LogConfig: Setting CVar [[net.UseAdaptiveNetUpdateFrequency:0]]
[2026.01.03-19.50.07:867][  0]LogConfig: Setting CVar [[p.chaos.AllowCreatePhysxBodies:1]]
[2026.01.03-19.50.07:867][  0]LogConfig: Setting CVar [[fx.SkipVectorVMBackendOptimizations:1]]
[2026.01.03-19.50.07:867][  0]LogConfig: Applying CVar settings from Section [ConsoleVariables] File [C:/Users/Dom/Desktop/unreal/TopDownShooter01/TopDownShooter01/Saved/Config/Windows/Engine.ini]
[2026.01.03-19.50.07:867][  0]LogConfig: Applying CVar settings from Section [ConsoleVariables] File [C:/Users/Dom/Desktop/unreal/TopDownShooter01/TopDownShooter01/Saved/Config/Windows/Editor.ini]
[2026.01.03-19.50.07:867][  0]LogInit: Computer: DESKTOP-N1SACPM
[2026.01.03-19.50.07:867][  0]LogInit: User: Dom
[2026.01.03-19.50.07:867][  0]LogInit: CPU Page size=4096, Cores=4
[2026.01.03-19.50.07:867][  0]LogInit: High frequency timer resolution =10.000000 MHz
[2026.01.03-19.50.07:867][  0]LogMemory: Memory total: Physical=31.7GB (32GB approx)
[2026.01.03-19.50.07:867][  0]LogMemory: Platform Memory Stats for Windows
[2026.01.03-19.50.07:867][  0]LogMemory: Process Physical Memory: 146.38 MB used, 146.38 MB peak
[2026.01.03-19.50.07:867][  0]LogMemory: Process Virtual Memory: 126.43 MB used, 126.43 MB peak
[2026.01.03-19.50.07:867][  0]LogMemory: Physical Memory: 11461.59 MB used,  21024.96 MB free, 32486.55 MB total
[2026.01.03-19.50.07:868][  0]LogMemory: Virtual Memory: 134193936.00 MB used,  23789.46 MB free, 134217728.00 MB total
[2026.01.03-19.50.07:881][  0]LogWindows: WindowsPlatformFeatures enabled
[2026.01.03-19.50.08:064][  0]LogInit: Physics initialised using underlying interface: PhysX
[2026.01.03-19.50.08:066][  0]LogInit: Using OS detected language (pl-PL).
[2026.01.03-19.50.08:066][  0]LogInit: Using OS detected locale (pl-PL).
[2026.01.03-19.50.08:087][  0]LogTextLocalizationManager: No specific localization for 'pl-PL' exists, so the 'pl' localization will be used.
[2026.01.03-19.50.08:088][  0]LogTextLocalizationResource: LocRes '../../../Engine/Content/Localization/Editor/pl/Editor.locres' could not be opened for reading!
[2026.01.03-19.50.08:088][  0]LogTextLocalizationResource: LocRes '../../../Engine/Content/Localization/EditorTutorials/pl/EditorTutorials.locres' could not be opened for reading!
[2026.01.03-19.50.08:088][  0]LogTextLocalizationResource: LocRes '../../../Engine/Content/Localization/Keywords/pl/Keywords.locres' could not be opened for reading!
[2026.01.03-19.50.08:088][  0]LogTextLocalizationResource: LocRes '../../../Engine/Content/Localization/Category/pl/Category.locres' could not be opened for reading!
[2026.01.03-19.50.08:089][  0]LogTextLocalizationResource: LocRes '../../../Engine/Content/Localization/ToolTips/pl/ToolTips.locres' could not be opened for reading!
[2026.01.03-19.50.08:089][  0]LogTextLocalizationResource: LocRes '../../../Engine/Content/Localization/PropertyNames/pl/PropertyNames.locres' could not be opened for reading!
[2026.01.03-19.50.08:089][  0]LogTextLocalizationResource: LocRes '../../../Engine/Content/Localization/Engine/pl/Engine.locres' could not be opened for reading!
[2026.01.03-19.50.08:091][  0]LogInit: Setting process to per monitor DPI aware
[2026.01.03-19.50.08:116][  0]LogWindowsTextInputMethodSystem: Display: IME system deactivated.
[2026.01.03-19.50.08:159][  0]LogSlate: New Slate User Created.  User Index 0, Is Virtual User: 0
[2026.01.03-19.50.08:159][  0]LogSlate: Slate User Registered.  User Index 0, Is Virtual User: 0
[2026.01.03-19.50.08:646][  0]LogD3D11RHI: Loaded GFSDK_Aftermath_Lib.x64.dll
[2026.01.03-19.50.08:657][  0]LogHMD: Failed to initialize OpenVR with code 110
[2026.01.03-19.50.08:657][  0]LogD3D11RHI: D3D11 min allowed feature level: 11_0
[2026.01.03-19.50.08:657][  0]LogD3D11RHI: D3D11 max allowed feature level: 11_0
[2026.01.03-19.50.08:657][  0]LogD3D11RHI: D3D11 adapters:
[2026.01.03-19.50.08:766][  0]LogD3D11RHI:    0. 'Intel(R) UHD Graphics' (Feature Level 11_0)
[2026.01.03-19.50.08:766][  0]LogD3D11RHI:       128/0/16243 MB DedicatedVideo/DedicatedSystem/SharedSystem, Outputs:1, VendorId:0x8086
[2026.01.03-19.50.08:773][  0]LogD3D11RHI:    1. 'Microsoft Basic Render Driver' (Feature Level 11_0)
[2026.01.03-19.50.08:773][  0]LogD3D11RHI:       0/0/16243 MB DedicatedVideo/DedicatedSystem/SharedSystem, Outputs:0, VendorId:0x1414
[2026.01.03-19.50.08:773][  0]LogD3D11RHI: Chosen D3D11 Adapter:
[2026.01.03-19.50.08:773][  0]LogD3D11RHI:     Description : Intel(R) UHD Graphics
[2026.01.03-19.50.08:774][  0]LogD3D11RHI:     VendorId    : 8086
[2026.01.03-19.50.08:774][  0]LogD3D11RHI:     DeviceId    : 9b41
[2026.01.03-19.50.08:774][  0]LogD3D11RHI:     SubSysId    : 22b117aa
[2026.01.03-19.50.08:774][  0]LogD3D11RHI:     Revision    : 0002
[2026.01.03-19.50.08:774][  0]LogD3D11RHI:     DedicatedVideoMemory : 134217728 bytes
[2026.01.03-19.50.08:774][  0]LogD3D11RHI:     DedicatedSystemMemory : 0 bytes
[2026.01.03-19.50.08:774][  0]LogD3D11RHI:     SharedSystemMemory : 17032310784 bytes
[2026.01.03-19.50.08:774][  0]LogD3D11RHI:     AdapterLuid : 0 99195
[2026.01.03-19.50.08:786][  0]LogD3D11RHI: Creating new Direct3DDevice
[2026.01.03-19.50.08:786][  0]LogD3D11RHI:     GPU DeviceId: 0x9b41 (for the marketing name, search the web for "GPU Device Id")
[2026.01.03-19.50.08:786][  0]LogWindows: EnumDisplayDevices:
[2026.01.03-19.50.08:787][  0]LogWindows:    0. 'Intel(R) UHD Graphics' (P:1 D:1)
[2026.01.03-19.50.08:787][  0]LogWindows:    1. 'Intel(R) UHD Graphics' (P:0 D:0)
[2026.01.03-19.50.08:788][  0]LogWindows:    2. 'Intel(R) UHD Graphics' (P:0 D:0)
[2026.01.03-19.50.08:788][  0]LogWindows: DebugString: FoundDriverCount:3 
[2026.01.03-19.50.08:788][  0]LogD3D11RHI:     Adapter Name: Intel(R) UHD Graphics
[2026.01.03-19.50.08:789][  0]LogD3D11RHI:   Driver Version: 31.0.101.2135 (internal:31.0.101.2135, unified:31.0.101.2135)
[2026.01.03-19.50.08:789][  0]LogD3D11RHI:      Driver Date: 3-6-2025
[2026.01.03-19.50.08:789][  0]LogRHI: Texture pool is 1523 MB (70% of 2176 MB)
[2026.01.03-19.50.08:920][  0]LogD3D11RHI: Creating D3DDevice using adapter:
[2026.01.03-19.50.08:920][  0]LogD3D11RHI:     Description : Intel(R) UHD Graphics
[2026.01.03-19.50.08:920][  0]LogD3D11RHI:     VendorId    : 8086
[2026.01.03-19.50.08:920][  0]LogD3D11RHI:     DeviceId    : 9b41
[2026.01.03-19.50.08:920][  0]LogD3D11RHI:     SubSysId    : 22b117aa
[2026.01.03-19.50.08:920][  0]LogD3D11RHI:     Revision    : 0002
[2026.01.03-19.50.08:920][  0]LogD3D11RHI:     DedicatedVideoMemory : 134217728 bytes
[2026.01.03-19.50.08:920][  0]LogD3D11RHI:     DedicatedSystemMemory : 0 bytes
[2026.01.03-19.50.08:920][  0]LogD3D11RHI:     SharedSystemMemory : 17032310784 bytes
[2026.01.03-19.50.08:920][  0]LogD3D11RHI:     AdapterLuid : 0 99195
[2026.01.03-19.50.09:049][  0]LogD3D11RHI: RHI does not have support for 64 bit atomics
[2026.01.03-19.50.09:190][  0]LogD3D11RHI: Intel Extensions support version Full=16777216, Major=1, Minor=0, Revision=0
[2026.01.03-19.50.09:191][  0]LogD3D11RHI: Intel Extensions support version Full=16777217, Major=1, Minor=0, Revision=1
[2026.01.03-19.50.09:192][  0]LogD3D11RHI: Intel Extensions Framework enabled
[2026.01.03-19.50.09:194][  0]LogD3D11RHI: [IntelMetricsDiscovery] Started
[2026.01.03-19.50.09:194][  0]LogD3D11RHI: Async texture creation enabled
[2026.01.03-19.50.09:194][  0]LogD3D11RHI: Array index from any shader is supported
[2026.01.03-19.50.09:227][  0]LogD3D11RHI: GPU Timing Frequency: 12.000048 (Debug: 2 0)
[2026.01.03-19.50.10:411][  0]LogTargetPlatformManager: Display: Loaded TargetPlatform 'AllDesktop'
[2026.01.03-19.50.10:460][  0]LogTargetPlatformManager: Display: Loaded TargetPlatform 'Android'
[2026.01.03-19.50.10:460][  0]LogTargetPlatformManager: Display: Loaded TargetPlatform 'Android_ASTC'
[2026.01.03-19.50.10:460][  0]LogTargetPlatformManager: Display: Loaded TargetPlatform 'Android_DXT'
[2026.01.03-19.50.10:460][  0]LogTargetPlatformManager: Display: Loaded TargetPlatform 'Android_ETC2'
[2026.01.03-19.50.10:460][  0]LogTargetPlatformManager: Display: Loaded TargetPlatform 'AndroidClient'
[2026.01.03-19.50.10:460][  0]LogTargetPlatformManager: Display: Loaded TargetPlatform 'Android_ASTCClient'
[2026.01.03-19.50.10:460][  0]LogTargetPlatformManager: Display: Loaded TargetPlatform 'Android_DXTClient'
[2026.01.03-19.50.10:461][  0]LogTargetPlatformManager: Display: Loaded TargetPlatform 'Android_ETC2Client'
[2026.01.03-19.50.10:461][  0]LogTargetPlatformManager: Display: Loaded TargetPlatform 'Android_Multi'
[2026.01.03-19.50.10:461][  0]LogTargetPlatformManager: Display: Loaded TargetPlatform 'Android_MultiClient'
[2026.01.03-19.50.10:520][  0]LogTargetPlatformManager: Display: Loaded TargetPlatform 'IOSClient'
[2026.01.03-19.50.10:520][  0]LogTargetPlatformManager: Display: Loaded TargetPlatform 'IOS'
[2026.01.03-19.50.10:545][  0]LogTargetPlatformManager: Display: Loaded TargetPlatform 'Linux'
[2026.01.03-19.50.10:559][  0]LogTargetPlatformManager: Display: Loaded TargetPlatform 'LinuxNoEditor'
[2026.01.03-19.50.10:576][  0]LogTargetPlatformManager: Display: Loaded TargetPlatform 'LinuxClient'
[2026.01.03-19.50.10:594][  0]LogTargetPlatformManager: Display: Loaded TargetPlatform 'LinuxServer'
[2026.01.03-19.50.10:632][  0]LogTargetPlatformManager: Display: Loaded TargetPlatform 'LinuxAArch64NoEditor'
[2026.01.03-19.50.10:646][  0]LogTargetPlatformManager: Display: Loaded TargetPlatform 'LinuxAArch64Client'
[2026.01.03-19.50.10:661][  0]LogTargetPlatformManager: Display: Loaded TargetPlatform 'LinuxAArch64Server'
[2026.01.03-19.50.10:711][  0]LogTargetPlatformManager: Display: Loaded TargetPlatform 'Lumin'
[2026.01.03-19.50.10:711][  0]LogTargetPlatformManager: Display: Loaded TargetPlatform 'LuminClient'
[2026.01.03-19.50.10:736][  0]LogTargetPlatformManager: Display: Loaded TargetPlatform 'MacNoEditor'
[2026.01.03-19.50.10:756][  0]LogTargetPlatformManager: Display: Loaded TargetPlatform 'Mac'
[2026.01.03-19.50.10:773][  0]LogTargetPlatformManager: Display: Loaded TargetPlatform 'MacClient'
[2026.01.03-19.50.10:789][  0]LogTargetPlatformManager: Display: Loaded TargetPlatform 'MacServer'
[2026.01.03-19.50.10:815][  0]LogTargetPlatformManager: Display: Loaded TargetPlatform 'TVOSClient'
[2026.01.03-19.50.10:815][  0]LogTargetPlatformManager: Display: Loaded TargetPlatform 'TVOS'
[2026.01.03-19.50.10:838][  0]LogTargetPlatformManager: Display: Loaded TargetPlatform 'WindowsNoEditor'
[2026.01.03-19.50.10:856][  0]LogTargetPlatformManager: Display: Loaded TargetPlatform 'Windows'
[2026.01.03-19.50.10:872][  0]LogTargetPlatformManager: Display: Loaded TargetPlatform 'WindowsClient'
[2026.01.03-19.50.10:887][  0]LogTargetPlatformManager: Display: Loaded TargetPlatform 'WindowsServer'
[2026.01.03-19.50.10:887][  0]LogTargetPlatformManager: Display: Building Assets For Windows
[2026.01.03-19.50.10:937][  0]LogAudioDebug: Display: Lib vorbis DLL was dynamically loaded.
[2026.01.03-19.50.11:101][  0]LogTextureFormatOodle: Display: Oodle Texture 2.9.0 init RDO Off
[2026.01.03-19.50.11:331][  0]LogRendererCore: Ray tracing is disabled. Reason: r.RayTracing=0.
[2026.01.03-19.50.11:332][  0]LogShaderCompilers: Guid format shader working directory is -33 characters bigger than the processId version (../../../../../../Users/Dom/Desktop/unreal/TopDownShooter01/TopDownShooter01/Intermediate/Shaders/WorkingDirectory/17396/).
[2026.01.03-19.50.11:332][  0]LogShaderCompilers: Cleaned the shader compiler working directory 'C:/Users/Dom/AppData/Local/Temp/UnrealShaderWorkingDir/44C596AB46C81BE1F7D789A178D086F0/'.
[2026.01.03-19.50.11:333][  0]LogXGEController: Cannot use XGE Controller as Incredibuild is not installed on this machine.
[2026.01.03-19.50.11:333][  0]LogShaderCompilers: Cannot use XGE Shader Compiler as Incredibuild is not installed on this machine.
[2026.01.03-19.50.11:333][  0]LogShaderCompilers: Display: Using Local Shader Compiler.
[2026.01.03-19.50.12:849][  0]LogDerivedDataCache: Display: Max Cache Size: 512 MB
[2026.01.03-19.50.12:944][  0]LogDerivedDataCache: Loaded boot cache 0.09s 94MB C:/Users/Dom/AppData/Local/UnrealEngine/4.27/DerivedDataCache/Boot.ddc.
[2026.01.03-19.50.12:944][  0]LogDerivedDataCache: Display: Loaded Boot cache: C:/Users/Dom/AppData/Local/UnrealEngine/4.27/DerivedDataCache/Boot.ddc
[2026.01.03-19.50.12:945][  0]LogDerivedDataCache: FDerivedDataBackendGraph:  Pak pak cache file ../../../../../../Users/Dom/Desktop/unreal/TopDownShooter01/TopDownShooter01/DerivedDataCache/DDC.ddp not found, will not use a pak cache.
[2026.01.03-19.50.12:945][  0]LogDerivedDataCache: Unable to find inner node Pak for hierarchical cache Hierarchy.
[2026.01.03-19.50.12:945][  0]LogDerivedDataCache: FDerivedDataBackendGraph:  CompressedPak pak cache file ../../../../../../Users/Dom/Desktop/unreal/TopDownShooter01/TopDownShooter01/DerivedDataCache/Compressed.ddp not found, will not use a pak cache.
[2026.01.03-19.50.12:945][  0]LogDerivedDataCache: Unable to find inner node CompressedPak for hierarchical cache Hierarchy.
[2026.01.03-19.50.12:968][  0]LogDerivedDataCache: Display: Pak cache opened for reading ../../../Engine/DerivedDataCache/Compressed.ddp.
[2026.01.03-19.50.12:968][  0]LogDerivedDataCache: FDerivedDataBackendGraph:  EnterprisePak pak cache file ../../../Enterprise/DerivedDataCache/Compressed.ddp not found, will not use a pak cache.
[2026.01.03-19.50.12:968][  0]LogDerivedDataCache: Unable to find inner node EnterprisePak for hierarchical cache Hierarchy.
[2026.01.03-19.50.12:985][  0]LogDerivedDataCache: Speed tests for C:/Users/Dom/AppData/Local/UnrealEngine/Common/DerivedDataCache took 0.02 seconds
[2026.01.03-19.50.12:985][  0]LogDerivedDataCache: Display: Performance to C:/Users/Dom/AppData/Local/UnrealEngine/Common/DerivedDataCache: Latency=0.22ms. RandomReadSpeed=141.55MBs, RandomWriteSpeed=134.20MBs. Assigned SpeedClass 'Local'
[2026.01.03-19.50.12:986][  0]LogDerivedDataCache: Using Local data cache path C:/Users/Dom/AppData/Local/UnrealEngine/Common/DerivedDataCache: Writable
[2026.01.03-19.50.12:986][  0]LogDerivedDataCache: Shared data cache path not found in *engine.ini, will not use an Shared cache.
[2026.01.03-19.50.12:986][  0]LogDerivedDataCache: Unable to find inner node Shared for hierarchical cache Hierarchy.
[2026.01.03-19.50.13:054][  0]LogSlate: Using FreeType 2.10.0
[2026.01.03-19.50.13:058][  0]LogSlate: SlateFontServices - WITH_FREETYPE: 1, WITH_HARFBUZZ: 1
[2026.01.03-19.50.13:113][  0]LogAssetRegistry: FAssetRegistry took 0.0035 seconds to start up
[2026.01.03-19.50.13:526][  0]LogInit: Selected Device Profile: [Windows]
[2026.01.03-19.50.13:526][  0]LogInit: Active device profile: [00000159B3B1B300][00000159B4C1DB00 49] Windows
[2026.01.03-19.50.13:526][  0]LogInit: Profiles: [00000159B3B1B300][00000159B4C1DB00 49] Windows, [00000159B4AD0F00][00000159B4C24100 49] WindowsNoEditor, [00000159B3B18F00][00000159B4C28280 49] WindowsServer, [00000159B4AD2C00][00000159B4C2C400 49] WindowsClient, [00000159B3B1AB00][00000159B4C30580 49] IOS, [00000159B4AD1700][00000159B4C34700 49] iPadAir, [00000159B3B19600][00000159B4C38880 49] iPadAir2, [00000159B4A6FC00][00000159B4C3CAC0 49] IPadPro, [00000159B4A6FD00][00000159B4C20B00 49] iPadAir3, [00000159B3B1A600][00000159B4C40C40 49] iPadAir4, [00000159B4A6D400][00000159B4C44D80 49] iPadMini2, [00000159B3B19A00][00000159B4C4CF00 49] iPadMini3, [00000159B4A6E600][00000159B4C51080 49] iPadMini4, [00000159B3B18900][00000159B4C55200 49] iPadMini5, [00000159B4AC3500][00000159B4C5D4C0 49] iPhone6, [00000159B4AC3600][00000159B4C59500 49] iPodTouch6, [00000159B4A6C300][00000159B4C657C0 49] iPhone7, [00000159B4A6C200][00000159B4C61800 49] iPodTouch7, [00000159B4AC1300][00000159B4C69980 49] iPhone5S, [00000159B4A6FF00][00000159B4C6DB00 49] iPhone6Plus, [00000159B4AC2700][00000159B4C70100 49] iPhone6S, [00000159B4A6D000][00000159B4C74280 49] iPhone6SPlus, [00000159B4AC1A00][00000159B4C78400 49] iPhone7Plus, [00000159B4A6E000][00000159B4C7C580 49] iPhoneSE, [00000159B4AC3900][00000159B4C80700 49] iPhone8, [00000159B4A6F200][00000159B4C84880 49] iPhone8Plus, [00000159B4AC3300][00000159B4C88A00 49] iPhoneX, [00000159B4A6FB00][00000159B4C48B40 49] iPhoneXS, [00000159B4AC1600][00000159B4C8CC80 49] iPhoneXSMax, [00000159B4A6E400][00000159B4C90DC0 49] iPhoneXR, [00000159B4AC1000][00000159B4C94F00 49] iPhone11, [00000159B4A6CF00][00000159B4C9D080 49] iPhone11Pro, [00000159B4AC1900][00000159B4CA1200 49] iPhone11ProMax, [00000159B4A6FA00][00000159B4CA5380 49] iPhoneSE2, [00000159B4AC2900][00000159B4CA9500 49] iPhone12Mini, [00000159B4A6DC00][00000159B4CAD680 49] iPhone12, [00000159B4AC3700][00000159B4CB1800 49] iPhone12Pro, [00000159B4A6E200][00000159B4CB5980 49] iPhone12ProMax, [00000159B4AC3800][00000159B4CB9B00 49] iPadPro105, [00000159B4A6E900][00000159B4CBC100 49] iPadPro129, [00000159B4AC1200][00000159B4CC0280 49] iPadPro97, [00000159B4A6EE00][00000159B4CC4400 49] iPadPro2_129, [00000159B4AC0F00][00000159B4CC8580 49] iPad5, [00000159B4A6EF00][00000159B4CCC700 49] iPad6, [00000159B4AC0300][00000159B4CD0880 49] iPad7, [00000159B4A6F600][00000159B4CD4A00 49] iPad8, [00000159B4AC3F00][00000159B4CD8B80 49] iPadPro11, [00000159B4A6C400][00000159B4CDCD00 49] iPadPro2_11, [00000159B4AC0400][00000159B4C98E40 49] iPadPro3_129, [00000159B4A6E700][00000159B4CE0F80 49] iPadPro4_129, [00000159B4AC3D00][00000159B4CE50C0 49] AppleTV, [00000159B4A6C800][00000159B4CED240 49] AppleTV4K, [00000159B4AC2E00][00000159B4CF13C0 49] TVOS, [00000159B4A6DE00][00000159B4CF5540 49] Mac, [00000159B4AC0A00][00000159B4CF96C0 49] MacClient, [00000159B4A6EB00][00000159B4CFD840 49] MacNoEditor, [00000159B4AC2D00][00000159B4D019C0 49] MacServer, [00000159B4A6D600][00000159B4D05B40 49] Linux, [00000159B3B69300][00000159B4D08140 49] LinuxAArch64, [00000159B4AD3100][00000159B4D0C2C0 49] LinuxNoEditor, [00000159B3B6A400][00000159B4D10440 49] LinuxAArch64NoEditor, [00000159B4AD2000][00000159B4D145C0 49] LinuxClient, [00000159B3B68F00][00000159B4D18740 49] LinuxAArch64Client, [00000159B4AD0400][00000159B4D1C8C0 49] LinuxServer, [00000159B3B68C00][00000159B4D20A40 49] LinuxAArch64Server, [00000159B4AD3F00][00000159B4D24BC0 49] Android, [00000159B3B69C00][00000159B4D28D40 49] Android_Low, [00000159B4AD2B00][00000159B4D2CEC0 49] Android_Mid, [00000159B3B68B00][00000159B4CE9000 49] Android_High, [00000159B4AD2400][00000159B4D31140 49] Android_Default, [00000159B3B69800][00000159B4D35280 49] Android_Adreno4xx, [00000159B4AD1C00][00000159B4D393C0 49] Android_Adreno5xx_Low, [00000159B3B68800][00000159B4D41540 49] Android_Adreno5xx, [00000159B4AD2D00][00000159B4D456C0 49] Android_Adreno6xx, [00000159B4A6DA00][00000159B4D49840 49] Android_Adreno6xx_Vulkan, [00000159B4AC0200][00000159B4D4D9C0 49] Android_Mali_T6xx, [00000159B4A6D900][00000159B4D51B40 49] Android_Mali_T7xx, [00000159B4AC1500][00000159B4D54140 49] Android_Mali_T8xx, [00000159B4A6C500][00000159B4D582C0 49] Android_Mali_G71, [00000159B4AC0D00][00000159B4D5C440 49] Android_Mali_G72, [00000159B4A6CD00][00000159B4D605C0 49] Android_Mali_G72_Vulkan, [00000159B4AC2300][00000159B4D64740 49] Android_Mali_G76, [00000159B4A6DB00][00000159B4D688C0 49] Android_Mali_G76_Vulkan, [00000159B4AC0100][00000159B4D6CA40 49] Android_Mali_G77, [00000159B4A6F300][00000159B4D70BC0 49] Android_Mali_G77_Vulkan, [00000159B4AC1700][00000159B4D74D40 49] Android_Mali_G78, [00000159B4A6D100][00000159B4D78EC0 49] Android_Mali_G78_Vulkan, [00000159B4AC2000][00000159B4D7D040 49] Android_Mali_G710, [00000159B4A6E300][00000159B4D3D180 49] Android_Mali_G710_Vulkan, [00000159B4AC2A00][00000159B4D812C0 49] Android_Vulkan_SM5, [00000159B4A6E800][00000159B4D85400 49] Android_PowerVR_G6xxx, [00000159B3B69A00][00000159B4D89540 49] Android_PowerVR_GT7xxx, [00000159B4A6F700][00000159B4D916C0 49] Android_PowerVR_GE8xxx, [00000159B3B69400][00000159B4D95840 49] Android_PowerVR_GM9xxx, [00000159B4A6ED00][00000159B4D999C0 49] Android_PowerVR_GM9xxx_Vulkan, [00000159B3B68D00][00000159B4D9DB40 49] Android_TegraK1, [00000159B4A6C700][00000159B4DA0140 49] Android_Unknown_Vulkan, [00000159B3B68100][00000159B4DA42C0 49] Lumin, [00000159B4A6D500][00000159B4DA8440 49] Lumin_Desktop, [00000159B3B69B00][00000159B4DAC5C0 49] HoloLens, 
[2026.01.03-19.50.13:862][  0]LogMeshReduction: Using QuadricMeshReduction for automatic static mesh reduction
[2026.01.03-19.50.13:863][  0]LogMeshReduction: Using SimplygonMeshReduction for automatic skeletal mesh reduction
[2026.01.03-19.50.13:863][  0]LogMeshReduction: Using ProxyLODMeshReduction for automatic mesh merging
[2026.01.03-19.50.13:863][  0]LogMeshReduction: No distributed automatic mesh merging module available
[2026.01.03-19.50.13:863][  0]LogMeshMerging: No distributed automatic mesh merging module available
[2026.01.03-19.50.13:912][  0]LogNetVersion: TopDownShooter 1.0.0, NetCL: 17155196, EngineNetVer: 17, GameNetVer: 0 (Checksum: 3675636926)
[2026.01.03-19.50.14:884][  0]LogTexture: Default maximum texture size for cubemaps generated from long-lat sources has been changed from 512 to unlimited. In order to preserve old behaiour for '/Engine/MapTemplates/Sky/DaylightAmbientCubemap.DaylightAmbientCubemap', its maximum texture size has been explicitly set to 512.
[2026.01.03-19.50.14:973][  0]LogHMD: PokeAHoleMaterial loaded successfully
[2026.01.03-19.50.14:982][  0]LogUObjectArray: 17178 objects as part of root set at end of initial load.
[2026.01.03-19.50.14:982][  0]LogUObjectAllocator: 4302048 out of 0 bytes used by permanent object pool.
[2026.01.03-19.50.14:982][  0]LogUObjectArray: CloseDisregardForGC: 0/0 objects in disregard for GC pool
[2026.01.03-19.50.15:667][  0]LogNiagaraDebuggerClient: Niagara Debugger Client Initialized | Session: 5F5C11844B1225E211507E844F881B23 | Instance: 59E3BB834EDA88DBA33491892B5B2872 (DESKTOP-N1SACPM-17396).
[2026.01.03-19.50.16:378][  0]LogPython: Using Python 3.7.7
[2026.01.03-19.50.17:157][  0]LogTcpMessaging: Initializing TcpMessaging bridge
[2026.01.03-19.50.17:173][  0]LogUdpMessaging: Initializing bridge on interface 0.0.0.0:0 to multicast group 230.0.0.1:6666.
[2026.01.03-19.50.18:107][  0]SourceControl: Source control is disabled
[2026.01.03-19.50.18:107][  0]SourceControl: Source control is disabled
[2026.01.03-19.50.18:130][  0]SourceControl: Source control is disabled
[2026.01.03-19.50.18:150][  0]SourceControl: Source control is disabled
[2026.01.03-19.50.18:178][  0]SourceControl: Source control is disabled
[2026.01.03-19.50.18:200][  0]LogUProjectInfo: Found projects:
[2026.01.03-19.50.18:218][  0]LogVSAccessor: Display: Unable to create Visual Studio setup instance: 80040154
[2026.01.03-19.50.18:219][  0]LogVSAccessor: Display: Unable to create Visual Studio setup instance: 80040154
[2026.01.03-19.50.18:220][  0]LogVSAccessor: Display: Unable to create Visual Studio setup instance: 80040154
[2026.01.03-19.50.18:528][  0]LogOpenImageDenoise: OIDN starting up
[2026.01.03-19.50.18:693][  0]LogAndroidPermission: UAndroidPermissionCallbackProxy::GetInstance
[2026.01.03-19.50.18:755][  0]LogAudioCaptureCore: Display: No Audio Capture implementations found. Audio input will be silent.
[2026.01.03-19.50.18:755][  0]LogAudioCaptureCore: Display: No Audio Capture implementations found. Audio input will be silent.
[2026.01.03-19.50.19:051][  0]LogCollectionManager: Loaded 0 collections in 0.001981 seconds
[2026.01.03-19.50.19:113][  0]LogFileCache: Scanning file cache for directory 'C:/Users/Dom/Desktop/unreal/TopDownShooter01/TopDownShooter01/Saved/Collections/' took 0.00s
[2026.01.03-19.50.19:113][  0]LogFileCache: Scanning file cache for directory 'C:/Users/Dom/Desktop/unreal/TopDownShooter01/TopDownShooter01/Content/Developers/Dom/Collections/' took 0.00s
[2026.01.03-19.50.19:113][  0]LogFileCache: Scanning file cache for directory 'C:/Users/Dom/Desktop/unreal/TopDownShooter01/TopDownShooter01/Content/Collections/' took 0.00s
[2026.01.03-19.50.19:113][  0]LogOcInput: OculusInput pre-init called
[2026.01.03-19.50.19:538][  0]LogEngine: Initializing Engine...
[2026.01.03-19.50.19:563][  0]LogHMD: Failed to enumerate extensions. Please check that you have a valid OpenXR runtime installed.
[2026.01.03-19.50.19:563][  0]LogHMD: Failed to initialize OpenVR with code 110
[2026.01.03-19.50.19:563][  0]LogMagicLeap: Warning: VR disabled because ZI is not enabled.  To enable, in the editor, Edit -> Project Settings -> Plugins -> Magic Leap Plugin -> Enable Zero Iteration
[2026.01.03-19.50.19:566][  0]LogStats: UGameplayTagsManager::InitializeManager -  0.001 s
[2026.01.03-19.50.19:746][  0]LogInit: Initializing FReadOnlyCVARCache
[2026.01.03-19.50.19:783][  0]LogAIModule: Creating AISystem for world Untitled
[2026.01.03-19.50.19:788][  0]LogAudio: Display: Initializing Audio Device Manager...
[2026.01.03-19.50.19:801][  0]LogAudio: Display: Loading Default Audio Settings Objects...
[2026.01.03-19.50.19:802][  0]LogAudio: Display: No default SoundConcurrencyObject specified (or failed to load).
[2026.01.03-19.50.19:803][  0]LogAudio: Display: Audio Device Manager Initialized
[2026.01.03-19.50.19:803][  0]LogAudio: Display: Creating Audio Device:                 Id: 1, Scope: Shared, Realtime: True
[2026.01.03-19.50.19:803][  0]LogAudioMixer: Display: Audio Mixer Platform Settings:
[2026.01.03-19.50.19:803][  0]LogAudioMixer: Display: 	Sample Rate:						  48000
[2026.01.03-19.50.19:803][  0]LogAudioMixer: Display: 	Callback Buffer Frame Size Requested: 1024
[2026.01.03-19.50.19:803][  0]LogAudioMixer: Display: 	Callback Buffer Frame Size To Use:	  1024
[2026.01.03-19.50.19:803][  0]LogAudioMixer: Display: 	Number of buffers to queue:			  2
[2026.01.03-19.50.19:803][  0]LogAudioMixer: Display: 	Max Channels (voices):				  32
[2026.01.03-19.50.19:803][  0]LogAudioMixer: Display: 	Number of Async Source Workers:		  0
[2026.01.03-19.50.19:803][  0]LogAudio: Display: AudioDevice MaxSources: 32
[2026.01.03-19.50.19:804][  0]LogAudio: Display: Audio Spatialization Plugin: None (built-in).
[2026.01.03-19.50.19:804][  0]LogAudio: Display: Audio Reverb Plugin: None (built-in).
[2026.01.03-19.50.19:804][  0]LogAudio: Display: Audio Occlusion Plugin: None (built-in).
[2026.01.03-19.50.19:804][  0]LogAudioMixer: Display: Initializing audio mixer.
[2026.01.03-19.50.19:851][  0]LogAudioMixer: Display: 0: FrontLeft
[2026.01.03-19.50.19:851][  0]LogAudioMixer: Display: 1: FrontRight
[2026.01.03-19.50.19:899][  0]LogAudioMixer: Display: Using Audio Device Headphones (Tonsil R35BT)
[2026.01.03-19.50.19:901][  0]LogAudioMixer: Display: Initializing Sound Submixes...
[2026.01.03-19.50.19:905][  0]LogAudioMixer: Display: Creating Master Submix 'MasterSubmixDefault'
[2026.01.03-19.50.19:905][  0]LogAudioMixer: Display: Creating Master Submix 'MasterReverbSubmixDefault'
[2026.01.03-19.50.19:907][  0]LogAudioMixer: Display: Creating Master Submix 'MasterEQSubmixDefault'
[2026.01.03-19.50.19:907][  0]LogAudioMixer: FMixerPlatformXAudio2::StartAudioStream() called
[2026.01.03-19.50.19:907][  0]LogAudioMixer: Display: Output buffers initialized: Frames=1024, Channels=2, Samples=2048
[2026.01.03-19.50.19:909][  0]LogAudioMixer: Display: Starting AudioMixerPlatformInterface::RunInternal()
[2026.01.03-19.50.19:909][  0]LogAudioMixer: Display: FMixerPlatformXAudio2::SubmitBuffer() called for the first time
[2026.01.03-19.50.19:909][  0]LogInit: FAudioDevice initialized.
[2026.01.03-19.50.19:909][  0]LogAudio: Display: Audio Device (ID: 1) registered with world 'Untitled'.
[2026.01.03-19.50.19:910][  0]LogNetVersion: Set ProjectVersion to 1.0.0.0. Version Checksum will be recalculated on next use.
[2026.01.03-19.50.19:980][  0]LogDerivedDataCache: Saved boot cache 0.07s 94MB C:/Users/Dom/AppData/Local/UnrealEngine/4.27/DerivedDataCache/Boot.ddc.
[2026.01.03-19.50.19:981][  0]LogInit: Texture streaming: Enabled
[2026.01.03-19.50.20:020][  0]LogAnalytics: Display: [UEEditor.Rocket.Release] APIServer = https://datarouter.ol.epicgames.com/. AppVersion = 4.27.2-18319896+++UE4+Release-4.27
[2026.01.03-19.50.20:033][  0]LogEngineSessionManager: EngineSessionManager initialized
[2026.01.03-19.50.20:034][  0]LogEditorSessionSummary: Verbose: Initializing EditorSessionSummaryWriter for editor session tracking
[2026.01.03-19.50.20:044][  0]LogEditorSessionSummary: EditorSessionSummaryWriter initialized
[2026.01.03-19.50.20:102][  0]LogInit: Transaction tracking system initialized
[2026.01.03-19.50.20:193][  0]BlueprintLog: New page: Editor Load
[2026.01.03-19.50.20:452][  0]LocalizationService: Localization service is disabled
[2026.01.03-19.50.20:568][  0]TimingProfiler: Initialize
[2026.01.03-19.50.20:570][  0]TimingProfiler: OnSessionChanged
[2026.01.03-19.50.20:570][  0]LoadingProfiler: Initialize
[2026.01.03-19.50.20:571][  0]LoadingProfiler: OnSessionChanged
[2026.01.03-19.50.20:571][  0]NetworkingProfiler: Initialize
[2026.01.03-19.50.20:571][  0]NetworkingProfiler: OnSessionChanged
[2026.01.03-19.50.20:571][  0]MemoryProfiler: Initialize
[2026.01.03-19.50.20:571][  0]MemoryProfiler: OnSessionChanged
[2026.01.03-19.50.20:747][  0]LogVSAccessor: Display: Unable to create Visual Studio setup instance: 80040154
[2026.01.03-19.50.20:749][  0]LogVSAccessor: Display: Unable to create Visual Studio setup instance: 80040154
[2026.01.03-19.50.20:749][  0]LogVSAccessor: Display: Unable to create Visual Studio setup instance: 80040154
[2026.01.03-19.50.20:953][  0]LogCook: Display: CookSettings for Memory: MemoryMaxUsedVirtual 0MiB, MemoryMaxUsedPhysical 16384MiB, MemoryMinFreeVirtual 0MiB, MemoryMinFreePhysical 1024MiB
[2026.01.03-19.50.20:953][  0]LogCook: Display: Mobile HDR setting 1
[2026.01.03-19.50.21:663][  0]LogFileCache: Scanning file cache for directory 'C:/Users/Dom/Desktop/unreal/TopDownShooter01/TopDownShooter01/Content/' took 0.02s
[2026.01.03-19.50.22:009][  0]LogInit: Display: Engine is initialized. Leaving FEngineLoop::Init()
[2026.01.03-19.50.22:023][  0]SourceControl: Source control is disabled
[2026.01.03-19.50.22:023][  0]LogUnrealEdMisc: Loading editor; pre map load, took 18.806
[2026.01.03-19.50.22:025][  0]Cmd: MAP LOAD FILE="../../../../../../Users/Dom/Desktop/unreal/TopDownShooter01/TopDownShooter01/Content/StarterContent/Maps/Minimal_Default.umap" TEMPLATE=0 SHOWPROGRESS=1 FEATURELEVEL=3
[2026.01.03-19.50.22:026][  0]LightingResults: New page: Lighting Build
[2026.01.03-19.50.22:031][  0]LogWorld: UWorld::CleanupWorld for Untitled, bSessionEnded=true, bCleanupResources=true
[2026.01.03-19.50.22:032][  0]LogSlate: InvalidateAllWidgets triggered.  All widgets were invalidated
[2026.01.03-19.50.22:033][  0]MapCheck: New page: Map Check
[2026.01.03-19.50.22:033][  0]LightingResults: New page: Lighting Build
[2026.01.03-19.50.22:043][  0]LogAudio: Display: Audio Device unregistered from world 'None'.
[2026.01.03-19.50.22:049][  0]LogUObjectHash: Compacting FUObjectHashTables data took   1.35ms
[2026.01.03-19.50.22:245][  0]LogTexture: Display: Building textures: DeprecatedTextureD6C57B644F03DADF4F2699848FAEA3C3 (BGRA8, 128X128)
[2026.01.03-19.50.22:252][  0]LogTexture: Display: Building textures: DeprecatedTexture8D91C9AE4C6B8D628CDA3C848426284A (BGRA8, 128X128)
[2026.01.03-19.50.22:322][  0]LogAudio: Display: Audio Device (ID: 1) registered with world 'Minimal_Default'.
[2026.01.03-19.50.22:323][  0]LogAIModule: Creating AISystem for world Minimal_Default
[2026.01.03-19.50.22:340][  0]LogEditorServer: Finished looking for orphan Actors (0.000 secs)
[2026.01.03-19.50.22:357][  0]LogUObjectHash: Compacting FUObjectHashTables data took   1.60ms
[2026.01.03-19.50.22:358][  0]Cmd: MAP CHECKDEP NOCLEARLOG
[2026.01.03-19.50.22:359][  0]MapCheck: Map check complete: 0 Error(s), 0 Warning(s), took 0,528ms to complete.
[2026.01.03-19.50.22:359][  0]LogFileHelpers: Loading map 'Minimal_Default' took 0.335
[2026.01.03-19.50.22:370][  0]LogUnrealEdMisc: Total Editor Startup Time, took 19.152
[2026.01.03-19.50.22:594][  0]LogSlate: Updating window title bar state: overlay mode, drag disabled, window buttons hidden, title bar hidden
[2026.01.03-19.50.22:606][  0]LogSlate: Updating window title bar state: overlay mode, drag disabled, window buttons hidden, title bar hidden
[2026.01.03-19.50.22:617][  0]LogSlate: Updating window title bar state: overlay mode, drag disabled, window buttons hidden, title bar hidden
[2026.01.03-19.50.22:627][  0]LogSlate: Updating window title bar state: overlay mode, drag disabled, window buttons hidden, title bar hidden
[2026.01.03-19.50.22:666][  0]LogNativeClassHierarchy: Verbose: Native class hierarchy populated in 0.0148 seconds. Added 3822 classes and 928 folders.
[2026.01.03-19.50.22:672][  0]LogNativeClassHierarchy: Verbose: Native class hierarchy updated for 'WidgetCarousel' in 0.0004 seconds. Added 0 classes and 0 folders.
[2026.01.03-19.50.22:676][  0]LogPakFile: PakFile PrimaryIndexSize=187
[2026.01.03-19.50.22:676][  0]LogPakFile: PakFile PathHashIndexSize=101
[2026.01.03-19.50.22:676][  0]LogPakFile: PakFile FullDirectoryIndexSize=148
[2026.01.03-19.50.22:676][  0]LogShaderLibrary: Display: ShaderCodeLibraryPakFileMountedCallback: PakFile 'C:/Program Files/Epic Games/UE_4.27/FeaturePacks/FP_FirstPerson.upack' (chunk index -1, root 'root:/') mounted
[2026.01.03-19.50.22:676][  0]LogShaderLibrary: Display: ShaderCodeLibraryPakFileMountedCallback: pending pak file info (ChunkID:-1 Root:root:/ File:C:/Program Files/Epic Games/UE_4.27/FeaturePacks/FP_FirstPerson.upack)
[2026.01.03-19.50.22:676][  0]LogPakFile: OnPakFileMounted2Time == 0.000113
[2026.01.03-19.50.22:679][  0]LogPakFile: PakFile PrimaryIndexSize=189
[2026.01.03-19.50.22:679][  0]LogPakFile: PakFile PathHashIndexSize=101
[2026.01.03-19.50.22:679][  0]LogPakFile: PakFile FullDirectoryIndexSize=152
[2026.01.03-19.50.22:679][  0]LogShaderLibrary: Display: ShaderCodeLibraryPakFileMountedCallback: PakFile 'C:/Program Files/Epic Games/UE_4.27/FeaturePacks/FP_FirstPersonBP.upack' (chunk index -1, root 'root:/') mounted
[2026.01.03-19.50.22:679][  0]LogShaderLibrary: Display: ShaderCodeLibraryPakFileMountedCallback: pending pak file info (ChunkID:-1 Root:root:/ File:C:/Program Files/Epic Games/UE_4.27/FeaturePacks/FP_FirstPersonBP.upack)
[2026.01.03-19.50.22:680][  0]LogPakFile: OnPakFileMounted2Time == 0.000082
[2026.01.03-19.50.22:681][  0]LogPakFile: PakFile PrimaryIndexSize=191
[2026.01.03-19.50.22:681][  0]LogPakFile: PakFile PathHashIndexSize=101
[2026.01.03-19.50.22:681][  0]LogPakFile: PakFile FullDirectoryIndexSize=160
[2026.01.03-19.50.22:681][  0]LogShaderLibrary: Display: ShaderCodeLibraryPakFileMountedCallback: PakFile 'C:/Program Files/Epic Games/UE_4.27/FeaturePacks/MobileStarterContent.upack' (chunk index -1, root 'root:/') mounted
[2026.01.03-19.50.22:681][  0]LogShaderLibrary: Display: ShaderCodeLibraryPakFileMountedCallback: pending pak file info (ChunkID:-1 Root:root:/ File:C:/Program Files/Epic Games/UE_4.27/FeaturePacks/MobileStarterContent.upack)
[2026.01.03-19.50.22:681][  0]LogPakFile: OnPakFileMounted2Time == 0.000089
[2026.01.03-19.50.22:683][  0]LogPakFile: PakFile PrimaryIndexSize=185
[2026.01.03-19.50.22:683][  0]LogPakFile: PakFile PathHashIndexSize=101
[2026.01.03-19.50.22:683][  0]LogPakFile: PakFile FullDirectoryIndexSize=148
[2026.01.03-19.50.22:683][  0]LogShaderLibrary: Display: ShaderCodeLibraryPakFileMountedCallback: PakFile 'C:/Program Files/Epic Games/UE_4.27/FeaturePacks/StarterContent.upack' (chunk index -1, root 'root:/') mounted
[2026.01.03-19.50.22:684][  0]LogShaderLibrary: Display: ShaderCodeLibraryPakFileMountedCallback: pending pak file info (ChunkID:-1 Root:root:/ File:C:/Program Files/Epic Games/UE_4.27/FeaturePacks/StarterContent.upack)
[2026.01.03-19.50.22:684][  0]LogPakFile: OnPakFileMounted2Time == 0.000093
[2026.01.03-19.50.22:686][  0]LogPakFile: PakFile PrimaryIndexSize=190
[2026.01.03-19.50.22:686][  0]LogPakFile: PakFile PathHashIndexSize=101
[2026.01.03-19.50.22:686][  0]LogPakFile: PakFile FullDirectoryIndexSize=154
[2026.01.03-19.50.22:686][  0]LogShaderLibrary: Display: ShaderCodeLibraryPakFileMountedCallback: PakFile 'C:/Program Files/Epic Games/UE_4.27/FeaturePacks/TP_2DSideScroller.upack' (chunk index -1, root 'root:/') mounted
[2026.01.03-19.50.22:686][  0]LogShaderLibrary: Display: ShaderCodeLibraryPakFileMountedCallback: pending pak file info (ChunkID:-1 Root:root:/ File:C:/Program Files/Epic Games/UE_4.27/FeaturePacks/TP_2DSideScroller.upack)
[2026.01.03-19.50.22:686][  0]LogPakFile: OnPakFileMounted2Time == 0.000075
[2026.01.03-19.50.22:689][  0]LogPakFile: PakFile PrimaryIndexSize=192
[2026.01.03-19.50.22:689][  0]LogPakFile: PakFile PathHashIndexSize=101
[2026.01.03-19.50.22:689][  0]LogPakFile: PakFile FullDirectoryIndexSize=158
[2026.01.03-19.50.22:689][  0]LogShaderLibrary: Display: ShaderCodeLibraryPakFileMountedCallback: PakFile 'C:/Program Files/Epic Games/UE_4.27/FeaturePacks/TP_2DSideScrollerBP.upack' (chunk index -1, root 'root:/') mounted
[2026.01.03-19.50.22:689][  0]LogShaderLibrary: Display: ShaderCodeLibraryPakFileMountedCallback: pending pak file info (ChunkID:-1 Root:root:/ File:C:/Program Files/Epic Games/UE_4.27/FeaturePacks/TP_2DSideScrollerBP.upack)
[2026.01.03-19.50.22:689][  0]LogPakFile: OnPakFileMounted2Time == 0.000074
[2026.01.03-19.50.22:691][  0]LogPakFile: PakFile PrimaryIndexSize=182
[2026.01.03-19.50.22:691][  0]LogPakFile: PakFile PathHashIndexSize=101
[2026.01.03-19.50.22:691][  0]LogPakFile: PakFile FullDirectoryIndexSize=138
[2026.01.03-19.50.22:691][  0]LogShaderLibrary: Display: ShaderCodeLibraryPakFileMountedCallback: PakFile 'C:/Program Files/Epic Games/UE_4.27/FeaturePacks/TP_Flying.upack' (chunk index -1, root 'root:/') mounted
[2026.01.03-19.50.22:691][  0]LogShaderLibrary: Display: ShaderCodeLibraryPakFileMountedCallback: pending pak file info (ChunkID:-1 Root:root:/ File:C:/Program Files/Epic Games/UE_4.27/FeaturePacks/TP_Flying.upack)
[2026.01.03-19.50.22:691][  0]LogPakFile: OnPakFileMounted2Time == 0.000072
[2026.01.03-19.50.22:693][  0]LogPakFile: PakFile PrimaryIndexSize=184
[2026.01.03-19.50.22:693][  0]LogPakFile: PakFile PathHashIndexSize=101
[2026.01.03-19.50.22:693][  0]LogPakFile: PakFile FullDirectoryIndexSize=142
[2026.01.03-19.50.22:693][  0]LogShaderLibrary: Display: ShaderCodeLibraryPakFileMountedCallback: PakFile 'C:/Program Files/Epic Games/UE_4.27/FeaturePacks/TP_FlyingBP.upack' (chunk index -1, root 'root:/') mounted
[2026.01.03-19.50.22:693][  0]LogShaderLibrary: Display: ShaderCodeLibraryPakFileMountedCallback: pending pak file info (ChunkID:-1 Root:root:/ File:C:/Program Files/Epic Games/UE_4.27/FeaturePacks/TP_FlyingBP.upack)
[2026.01.03-19.50.22:693][  0]LogPakFile: OnPakFileMounted2Time == 0.000073
[2026.01.03-19.50.22:695][  0]LogPakFile: PakFile PrimaryIndexSize=188
[2026.01.03-19.50.22:695][  0]LogPakFile: PakFile PathHashIndexSize=101
[2026.01.03-19.50.22:695][  0]LogPakFile: PakFile FullDirectoryIndexSize=150
[2026.01.03-19.50.22:695][  0]LogShaderLibrary: Display: ShaderCodeLibraryPakFileMountedCallback: PakFile 'C:/Program Files/Epic Games/UE_4.27/FeaturePacks/TP_HandheldARBP.upack' (chunk index -1, root 'root:/') mounted
[2026.01.03-19.50.22:695][  0]LogShaderLibrary: Display: ShaderCodeLibraryPakFileMountedCallback: pending pak file info (ChunkID:-1 Root:root:/ File:C:/Program Files/Epic Games/UE_4.27/FeaturePacks/TP_HandheldARBP.upack)
[2026.01.03-19.50.22:695][  0]LogPakFile: OnPakFileMounted2Time == 0.000074
[2026.01.03-19.50.22:698][  0]LogPakFile: PakFile PrimaryIndexSize=182
[2026.01.03-19.50.22:698][  0]LogPakFile: PakFile PathHashIndexSize=101
[2026.01.03-19.50.22:698][  0]LogPakFile: PakFile FullDirectoryIndexSize=138
[2026.01.03-19.50.22:698][  0]LogShaderLibrary: Display: ShaderCodeLibraryPakFileMountedCallback: PakFile 'C:/Program Files/Epic Games/UE_4.27/FeaturePacks/TP_Puzzle.upack' (chunk index -1, root 'root:/') mounted
[2026.01.03-19.50.22:698][  0]LogShaderLibrary: Display: ShaderCodeLibraryPakFileMountedCallback: pending pak file info (ChunkID:-1 Root:root:/ File:C:/Program Files/Epic Games/UE_4.27/FeaturePacks/TP_Puzzle.upack)
[2026.01.03-19.50.22:698][  0]LogPakFile: OnPakFileMounted2Time == 0.000098
[2026.01.03-19.50.22:700][  0]LogPakFile: PakFile PrimaryIndexSize=184
[2026.01.03-19.50.22:700][  0]LogPakFile: PakFile PathHashIndexSize=101
[2026.01.03-19.50.22:700][  0]LogPakFile: PakFile FullDirectoryIndexSize=142
[2026.01.03-19.50.22:700][  0]LogShaderLibrary: Display: ShaderCodeLibraryPakFileMountedCallback: PakFile 'C:/Program Files/Epic Games/UE_4.27/FeaturePacks/TP_PuzzleBP.upack' (chunk index -1, root 'root:/') mounted
[2026.01.03-19.50.22:700][  0]LogShaderLibrary: Display: ShaderCodeLibraryPakFileMountedCallback: pending pak file info (ChunkID:-1 Root:root:/ File:C:/Program Files/Epic Games/UE_4.27/FeaturePacks/TP_PuzzleBP.upack)
[2026.01.03-19.50.22:700][  0]LogPakFile: OnPakFileMounted2Time == 0.000079
[2026.01.03-19.50.22:702][  0]LogPakFile: PakFile PrimaryIndexSize=183
[2026.01.03-19.50.22:702][  0]LogPakFile: PakFile PathHashIndexSize=101
[2026.01.03-19.50.22:702][  0]LogPakFile: PakFile FullDirectoryIndexSize=140
[2026.01.03-19.50.22:702][  0]LogShaderLibrary: Display: ShaderCodeLibraryPakFileMountedCallback: PakFile 'C:/Program Files/Epic Games/UE_4.27/FeaturePacks/TP_Rolling.upack' (chunk index -1, root 'root:/') mounted
[2026.01.03-19.50.22:702][  0]LogShaderLibrary: Display: ShaderCodeLibraryPakFileMountedCallback: pending pak file info (ChunkID:-1 Root:root:/ File:C:/Program Files/Epic Games/UE_4.27/FeaturePacks/TP_Rolling.upack)
[2026.01.03-19.50.22:702][  0]LogPakFile: OnPakFileMounted2Time == 0.000080
[2026.01.03-19.50.22:705][  0]LogPakFile: PakFile PrimaryIndexSize=185
[2026.01.03-19.50.22:705][  0]LogPakFile: PakFile PathHashIndexSize=101
[2026.01.03-19.50.22:705][  0]LogPakFile: PakFile FullDirectoryIndexSize=144
[2026.01.03-19.50.22:705][  0]LogShaderLibrary: Display: ShaderCodeLibraryPakFileMountedCallback: PakFile 'C:/Program Files/Epic Games/UE_4.27/FeaturePacks/TP_RollingBP.upack' (chunk index -1, root 'root:/') mounted
[2026.01.03-19.50.22:705][  0]LogShaderLibrary: Display: ShaderCodeLibraryPakFileMountedCallback: pending pak file info (ChunkID:-1 Root:root:/ File:C:/Program Files/Epic Games/UE_4.27/FeaturePacks/TP_RollingBP.upack)
[2026.01.03-19.50.22:705][  0]LogPakFile: OnPakFileMounted2Time == 0.000097
[2026.01.03-19.50.22:707][  0]LogPakFile: PakFile PrimaryIndexSize=188
[2026.01.03-19.50.22:707][  0]LogPakFile: PakFile PathHashIndexSize=101
[2026.01.03-19.50.22:707][  0]LogPakFile: PakFile FullDirectoryIndexSize=150
[2026.01.03-19.50.22:707][  0]LogShaderLibrary: Display: ShaderCodeLibraryPakFileMountedCallback: PakFile 'C:/Program Files/Epic Games/UE_4.27/FeaturePacks/TP_SideScroller.upack' (chunk index -1, root 'root:/') mounted
[2026.01.03-19.50.22:707][  0]LogShaderLibrary: Display: ShaderCodeLibraryPakFileMountedCallback: pending pak file info (ChunkID:-1 Root:root:/ File:C:/Program Files/Epic Games/UE_4.27/FeaturePacks/TP_SideScroller.upack)
[2026.01.03-19.50.22:707][  0]LogPakFile: OnPakFileMounted2Time == 0.000075
[2026.01.03-19.50.22:709][  0]LogPakFile: PakFile PrimaryIndexSize=190
[2026.01.03-19.50.22:709][  0]LogPakFile: PakFile PathHashIndexSize=101
[2026.01.03-19.50.22:709][  0]LogPakFile: PakFile FullDirectoryIndexSize=154
[2026.01.03-19.50.22:709][  0]LogShaderLibrary: Display: ShaderCodeLibraryPakFileMountedCallback: PakFile 'C:/Program Files/Epic Games/UE_4.27/FeaturePacks/TP_SideScrollerBP.upack' (chunk index -1, root 'root:/') mounted
[2026.01.03-19.50.22:710][  0]LogShaderLibrary: Display: ShaderCodeLibraryPakFileMountedCallback: pending pak file info (ChunkID:-1 Root:root:/ File:C:/Program Files/Epic Games/UE_4.27/FeaturePacks/TP_SideScrollerBP.upack)
[2026.01.03-19.50.22:710][  0]LogPakFile: OnPakFileMounted2Time == 0.000081
[2026.01.03-19.50.22:711][  0]LogPakFile: PakFile PrimaryIndexSize=187
[2026.01.03-19.50.22:711][  0]LogPakFile: PakFile PathHashIndexSize=101
[2026.01.03-19.50.22:711][  0]LogPakFile: PakFile FullDirectoryIndexSize=148
[2026.01.03-19.50.22:711][  0]LogShaderLibrary: Display: ShaderCodeLibraryPakFileMountedCallback: PakFile 'C:/Program Files/Epic Games/UE_4.27/FeaturePacks/TP_ThirdPerson.upack' (chunk index -1, root 'root:/') mounted
[2026.01.03-19.50.22:711][  0]LogShaderLibrary: Display: ShaderCodeLibraryPakFileMountedCallback: pending pak file info (ChunkID:-1 Root:root:/ File:C:/Program Files/Epic Games/UE_4.27/FeaturePacks/TP_ThirdPerson.upack)
[2026.01.03-19.50.22:711][  0]LogPakFile: OnPakFileMounted2Time == 0.000073
[2026.01.03-19.50.22:713][  0]LogPakFile: PakFile PrimaryIndexSize=189
[2026.01.03-19.50.22:713][  0]LogPakFile: PakFile PathHashIndexSize=101
[2026.01.03-19.50.22:713][  0]LogPakFile: PakFile FullDirectoryIndexSize=152
[2026.01.03-19.50.22:713][  0]LogShaderLibrary: Display: ShaderCodeLibraryPakFileMountedCallback: PakFile 'C:/Program Files/Epic Games/UE_4.27/FeaturePacks/TP_ThirdPersonBP.upack' (chunk index -1, root 'root:/') mounted
[2026.01.03-19.50.22:713][  0]LogShaderLibrary: Display: ShaderCodeLibraryPakFileMountedCallback: pending pak file info (ChunkID:-1 Root:root:/ File:C:/Program Files/Epic Games/UE_4.27/FeaturePacks/TP_ThirdPersonBP.upack)
[2026.01.03-19.50.22:713][  0]LogPakFile: OnPakFileMounted2Time == 0.000092
[2026.01.03-19.50.22:716][  0]LogPakFile: PakFile PrimaryIndexSize=183
[2026.01.03-19.50.22:716][  0]LogPakFile: PakFile PathHashIndexSize=101
[2026.01.03-19.50.22:716][  0]LogPakFile: PakFile FullDirectoryIndexSize=140
[2026.01.03-19.50.22:716][  0]LogShaderLibrary: Display: ShaderCodeLibraryPakFileMountedCallback: PakFile 'C:/Program Files/Epic Games/UE_4.27/FeaturePacks/TP_TopDown.upack' (chunk index -1, root 'root:/') mounted
[2026.01.03-19.50.22:716][  0]LogShaderLibrary: Display: ShaderCodeLibraryPakFileMountedCallback: pending pak file info (ChunkID:-1 Root:root:/ File:C:/Program Files/Epic Games/UE_4.27/FeaturePacks/TP_TopDown.upack)
[2026.01.03-19.50.22:716][  0]LogPakFile: OnPakFileMounted2Time == 0.000092
[2026.01.03-19.50.22:719][  0]LogPakFile: PakFile PrimaryIndexSize=185
[2026.01.03-19.50.22:719][  0]LogPakFile: PakFile PathHashIndexSize=101
[2026.01.03-19.50.22:719][  0]LogPakFile: PakFile FullDirectoryIndexSize=144
[2026.01.03-19.50.22:719][  0]LogShaderLibrary: Display: ShaderCodeLibraryPakFileMountedCallback: PakFile 'C:/Program Files/Epic Games/UE_4.27/FeaturePacks/TP_TopDownBP.upack' (chunk index -1, root 'root:/') mounted
[2026.01.03-19.50.22:719][  0]LogShaderLibrary: Display: ShaderCodeLibraryPakFileMountedCallback: pending pak file info (ChunkID:-1 Root:root:/ File:C:/Program Files/Epic Games/UE_4.27/FeaturePacks/TP_TopDownBP.upack)
[2026.01.03-19.50.22:719][  0]LogPakFile: OnPakFileMounted2Time == 0.000085
[2026.01.03-19.50.22:721][  0]LogPakFile: PakFile PrimaryIndexSize=185
[2026.01.03-19.50.22:721][  0]LogPakFile: PakFile PathHashIndexSize=101
[2026.01.03-19.50.22:721][  0]LogPakFile: PakFile FullDirectoryIndexSize=144
[2026.01.03-19.50.22:721][  0]LogShaderLibrary: Display: ShaderCodeLibraryPakFileMountedCallback: PakFile 'C:/Program Files/Epic Games/UE_4.27/FeaturePacks/TP_TwinStick.upack' (chunk index -1, root 'root:/') mounted
[2026.01.03-19.50.22:721][  0]LogShaderLibrary: Display: ShaderCodeLibraryPakFileMountedCallback: pending pak file info (ChunkID:-1 Root:root:/ File:C:/Program Files/Epic Games/UE_4.27/FeaturePacks/TP_TwinStick.upack)
[2026.01.03-19.50.22:721][  0]LogPakFile: OnPakFileMounted2Time == 0.000073
[2026.01.03-19.50.22:723][  0]LogPakFile: PakFile PrimaryIndexSize=187
[2026.01.03-19.50.22:723][  0]LogPakFile: PakFile PathHashIndexSize=101
[2026.01.03-19.50.22:723][  0]LogPakFile: PakFile FullDirectoryIndexSize=148
[2026.01.03-19.50.22:723][  0]LogShaderLibrary: Display: ShaderCodeLibraryPakFileMountedCallback: PakFile 'C:/Program Files/Epic Games/UE_4.27/FeaturePacks/TP_TwinStickBP.upack' (chunk index -1, root 'root:/') mounted
[2026.01.03-19.50.22:723][  0]LogShaderLibrary: Display: ShaderCodeLibraryPakFileMountedCallback: pending pak file info (ChunkID:-1 Root:root:/ File:C:/Program Files/Epic Games/UE_4.27/FeaturePacks/TP_TwinStickBP.upack)
[2026.01.03-19.50.22:723][  0]LogPakFile: OnPakFileMounted2Time == 0.000079
[2026.01.03-19.50.22:724][  0]LogPakFile: PakFile PrimaryIndexSize=183
[2026.01.03-19.50.22:724][  0]LogPakFile: PakFile PathHashIndexSize=101
[2026.01.03-19.50.22:724][  0]LogPakFile: PakFile FullDirectoryIndexSize=140
[2026.01.03-19.50.22:724][  0]LogShaderLibrary: Display: ShaderCodeLibraryPakFileMountedCallback: PakFile 'C:/Program Files/Epic Games/UE_4.27/FeaturePacks/TP_Vehicle.upack' (chunk index -1, root 'root:/') mounted
[2026.01.03-19.50.22:725][  0]LogShaderLibrary: Display: ShaderCodeLibraryPakFileMountedCallback: pending pak file info (ChunkID:-1 Root:root:/ File:C:/Program Files/Epic Games/UE_4.27/FeaturePacks/TP_Vehicle.upack)
[2026.01.03-19.50.22:725][  0]LogPakFile: OnPakFileMounted2Time == 0.000073
[2026.01.03-19.50.22:726][  0]LogPakFile: PakFile PrimaryIndexSize=186
[2026.01.03-19.50.22:726][  0]LogPakFile: PakFile PathHashIndexSize=101
[2026.01.03-19.50.22:726][  0]LogPakFile: PakFile FullDirectoryIndexSize=146
[2026.01.03-19.50.22:726][  0]LogShaderLibrary: Display: ShaderCodeLibraryPakFileMountedCallback: PakFile 'C:/Program Files/Epic Games/UE_4.27/FeaturePacks/TP_VehicleAdv.upack' (chunk index -1, root 'root:/') mounted
[2026.01.03-19.50.22:726][  0]LogShaderLibrary: Display: ShaderCodeLibraryPakFileMountedCallback: pending pak file info (ChunkID:-1 Root:root:/ File:C:/Program Files/Epic Games/UE_4.27/FeaturePacks/TP_VehicleAdv.upack)
[2026.01.03-19.50.22:726][  0]LogPakFile: OnPakFileMounted2Time == 0.000077
[2026.01.03-19.50.22:728][  0]LogPakFile: PakFile PrimaryIndexSize=188
[2026.01.03-19.50.22:728][  0]LogPakFile: PakFile PathHashIndexSize=101
[2026.01.03-19.50.22:728][  0]LogPakFile: PakFile FullDirectoryIndexSize=150
[2026.01.03-19.50.22:728][  0]LogShaderLibrary: Display: ShaderCodeLibraryPakFileMountedCallback: PakFile 'C:/Program Files/Epic Games/UE_4.27/FeaturePacks/TP_VehicleAdvBP.upack' (chunk index -1, root 'root:/') mounted
[2026.01.03-19.50.22:729][  0]LogShaderLibrary: Display: ShaderCodeLibraryPakFileMountedCallback: pending pak file info (ChunkID:-1 Root:root:/ File:C:/Program Files/Epic Games/UE_4.27/FeaturePacks/TP_VehicleAdvBP.upack)
[2026.01.03-19.50.22:729][  0]LogPakFile: OnPakFileMounted2Time == 0.000087
[2026.01.03-19.50.22:730][  0]LogPakFile: PakFile PrimaryIndexSize=185
[2026.01.03-19.50.22:730][  0]LogPakFile: PakFile PathHashIndexSize=101
[2026.01.03-19.50.22:730][  0]LogPakFile: PakFile FullDirectoryIndexSize=144
[2026.01.03-19.50.22:730][  0]LogShaderLibrary: Display: ShaderCodeLibraryPakFileMountedCallback: PakFile 'C:/Program Files/Epic Games/UE_4.27/FeaturePacks/TP_VehicleBP.upack' (chunk index -1, root 'root:/') mounted
[2026.01.03-19.50.22:730][  0]LogShaderLibrary: Display: ShaderCodeLibraryPakFileMountedCallback: pending pak file info (ChunkID:-1 Root:root:/ File:C:/Program Files/Epic Games/UE_4.27/FeaturePacks/TP_VehicleBP.upack)
[2026.01.03-19.50.22:730][  0]LogPakFile: OnPakFileMounted2Time == 0.000075
[2026.01.03-19.50.22:734][  0]LogPakFile: PakFile PrimaryIndexSize=192
[2026.01.03-19.50.22:734][  0]LogPakFile: PakFile PathHashIndexSize=101
[2026.01.03-19.50.22:734][  0]LogPakFile: PakFile FullDirectoryIndexSize=158
[2026.01.03-19.50.22:734][  0]LogShaderLibrary: Display: ShaderCodeLibraryPakFileMountedCallback: PakFile 'C:/Program Files/Epic Games/UE_4.27/FeaturePacks/TP_VirtualRealityBP.upack' (chunk index -1, root 'root:/') mounted
[2026.01.03-19.50.22:734][  0]LogShaderLibrary: Display: ShaderCodeLibraryPakFileMountedCallback: pending pak file info (ChunkID:-1 Root:root:/ File:C:/Program Files/Epic Games/UE_4.27/FeaturePacks/TP_VirtualRealityBP.upack)
[2026.01.03-19.50.22:734][  0]LogPakFile: OnPakFileMounted2Time == 0.000089
[2026.01.03-19.50.22:985][  0]LogNativeClassHierarchy: Verbose: Native class hierarchy updated for 'AddContentDialog' in 0.0003 seconds. Added 0 classes and 0 folders.
[2026.01.03-19.50.22:986][  0]LogNativeClassHierarchy: Verbose: Native class hierarchy updated for 'SceneOutliner' in 0.0003 seconds. Added 2 classes and 0 folders.
[2026.01.03-19.50.23:068][  0]LogSlate: Took 0.001549 seconds to synchronously load lazily loaded font '../../../Engine/Content/Slate/Fonts/Roboto-Regular.ttf' (155K)
[2026.01.03-19.50.23:071][  0]LogSlate: Took 0.000601 seconds to synchronously load lazily loaded font '../../../Engine/Content/Editor/Slate/Fonts/FontAwesome.ttf' (139K)
[2026.01.03-19.50.23:074][  0]LogSlate: Took 0.000857 seconds to synchronously load lazily loaded font '../../../Engine/Content/Slate/Fonts/Roboto-Bold.ttf' (160K)
[2026.01.03-19.50.23:253][  0]LogRenderer: Reallocating scene render targets to support 804x336 Format 10 NumSamples 1 (Frame:1).
[2026.01.03-19.50.23:420][  0]LogNativeClassHierarchy: Verbose: Native class hierarchy updated for 'HierarchicalLODOutliner' in 0.0004 seconds. Added 0 classes and 0 folders.
[2026.01.03-19.50.23:420][  0]LogLoad: (Engine Initialization) Total time: 20.20 seconds
[2026.01.03-19.50.23:420][  0]LogLoad: (Engine Initialization) Total Blueprint compile time: 0.00 seconds
[2026.01.03-19.50.23:502][  0]LogContentStreaming: Texture pool size now 1000 MB
[2026.01.03-19.50.23:534][  1]LogAssetRegistry: Asset discovery search completed in 10.4233 seconds
[2026.01.03-19.50.23:550][  1]LogCollectionManager: Fixed up redirectors for 0 collections in 0.000011 seconds (updated 0 objects)
[2026.01.03-19.50.23:741][  2]LogSlate: Took 0.001106 seconds to synchronously load lazily loaded font '../../../Engine/Content/Slate/Fonts/Roboto-Light.ttf' (167K)
[2026.01.03-19.50.24:491][ 24]LogSlate: Took 0.000426 seconds to synchronously load lazily loaded font '../../../Engine/Content/Slate/Fonts/Roboto-Light.ttf' (167K)
[2026.01.03-19.50.45:359][807]LogUObjectHash: Compacting FUObjectHashTables data took   1.80ms
[2026.01.03-19.50.45:930][807]LogSkeletalMesh: Display: [AssetLog] C:\Users\Dom\Desktop\unreal\TopDownShooter01\TopDownShooter01\Content\Weapons\Rifle.uasset: Find and fix some bad tangent! please re-import this skeletal mesh asset to fix the issue. The shading of the skeletal mesh will be bad and faceted.
[2026.01.03-19.50.46:047][807]LogAssetEditorSubsystem: Opening Asset editor for World /Game/shooter.shooter
[2026.01.03-19.50.46:047][807]Cmd: MAP LOAD FILE="../../../../../../Users/Dom/Desktop/unreal/TopDownShooter01/TopDownShooter01/Content/shooter.umap" TEMPLATE=0 SHOWPROGRESS=1 FEATURELEVEL=3
[2026.01.03-19.50.46:047][807]LightingResults: New page: Lighting Build
[2026.01.03-19.50.46:047][807]LoadErrors: New page: Loading map: shooter.umap
[2026.01.03-19.50.46:054][807]LogWorld: UWorld::CleanupWorld for Minimal_Default, bSessionEnded=true, bCleanupResources=true
[2026.01.03-19.50.46:054][807]LogSlate: InvalidateAllWidgets triggered.  All widgets were invalidated
[2026.01.03-19.50.46:054][807]MapCheck: New page: Map Check
[2026.01.03-19.50.46:054][807]LightingResults: New page: Lighting Build
[2026.01.03-19.50.46:063][807]LogAudio: Display: Audio Device unregistered from world 'None'.
[2026.01.03-19.50.46:071][807]LogUObjectHash: Compacting FUObjectHashTables data took   1.60ms
[2026.01.03-19.50.46:072][807]LogAudio: Display: Audio Device (ID: 1) registered with world 'shooter'.
[2026.01.03-19.50.46:077][807]LogEditorServer: Finished looking for orphan Actors (0.000 secs)
[2026.01.03-19.50.46:077][807]LogAIModule: Creating AISystem for world shooter
[2026.01.03-19.50.46:094][807]LogUObjectHash: Compacting FUObjectHashTables data took   1.16ms
[2026.01.03-19.50.46:103][807]Cmd: MAP CHECKDEP NOCLEARLOG
[2026.01.03-19.50.46:103][807]MapCheck: Map check complete: 0 Error(s), 0 Warning(s), took 0,167ms to complete.
[2026.01.03-19.50.46:103][807]LogFileHelpers: Loading map 'shooter' took 0.055
[2026.01.03-19.50.51:042][937]LogEditorViewport: Clicking on Actor (LMB): StaticMeshActor (Floor)
[2026.01.03-19.50.58:199][142]Cmd: TRANSACTION UNDO
[2026.01.03-19.50.58:199][142]LogEditorTransaction: Undo Move Actors
[2026.01.03-19.50.59:312][190]Cmd: TRANSACTION UNDO
[2026.01.03-19.50.59:312][190]LogEditorTransaction: Undo Clicking on Actors
[2026.01.03-19.51.09:542][501]LogEditorViewport: Clicking on Actor (LMB): StaticMeshActor (Floor)
[2026.01.03-19.51.13:037][600]Cmd: TRANSACTION UNDO
[2026.01.03-19.51.13:037][600]LogEditorTransaction: Undo Clicking on Actors
[2026.01.03-19.51.16:416][715]LogRenderer: Reallocating scene render targets to support 804x344 Format 10 NumSamples 1 (Frame:828).
[2026.01.03-19.51.16:520][716]LogRenderer: Reallocating scene render targets to support 804x364 Format 10 NumSamples 1 (Frame:830).
[2026.01.03-19.51.16:616][717]LogRenderer: Reallocating scene render targets to support 804x372 Format 10 NumSamples 1 (Frame:832).
[2026.01.03-19.51.23:057][915]LogEditorViewport: Clicking on Actor (LMB): StaticMeshActor (Cube4)
[2026.01.03-19.51.34:649][257]LogEditorViewport: Clicking on Actor (LMB): StaticMeshActor (Cube5)
[2026.01.03-19.51.39:109][384]LogEditorViewport: Clicking on Actor (LMB): StaticMeshActor (Cube6)
[2026.01.03-19.51.46:895][620]LogEditorViewport: Clicking on Actor (LMB): BP_Sky_Sphere_C (Sky Sphere)
[2026.01.03-19.55.23:972][577]LogTemp: Repeating last play command: Selected Viewport
[2026.01.03-19.55.23:985][577]LogPlayLevel: PlayLevel: No blueprints needed recompiling
[2026.01.03-19.55.23:986][577]PIE: New page: PIE session: shooter (3 sty 2026, 21:55:23)
[2026.01.03-19.55.23:988][577]LogOnline: OSS: Creating online subsystem instance for: NULL
[2026.01.03-19.55.23:990][577]LogOnline: OSS: TryLoadSubsystemAndSetDefault: Loaded subsystem for module [NULL]
[2026.01.03-19.55.23:990][577]LogPlayLevel: Creating play world package: /Game/UEDPIE_0_shooter
[2026.01.03-19.55.23:996][577]LogPlayLevel: PIE: StaticDuplicateObject took: (0.005937s)
[2026.01.03-19.55.23:998][577]LogAIModule: Creating AISystem for world shooter
[2026.01.03-19.55.23:998][577]LogPlayLevel: PIE: World Init took: (0.001680s)
[2026.01.03-19.55.23:998][577]LogPlayLevel: PIE: Created PIE world by copying editor world from /Game/shooter.shooter to /Game/UEDPIE_0_shooter.shooter (0.007886s)
[2026.01.03-19.55.24:008][577]LogUObjectHash: Compacting FUObjectHashTables data took   1.16ms
[2026.01.03-19.55.24:009][577]LogAudio: Display: Creating Audio Device:                 Id: 2, Scope: Unique, Realtime: True
[2026.01.03-19.55.24:009][577]LogAudioMixer: Display: Audio Mixer Platform Settings:
[2026.01.03-19.55.24:009][577]LogAudioMixer: Display: 	Sample Rate:						  48000
[2026.01.03-19.55.24:009][577]LogAudioMixer: Display: 	Callback Buffer Frame Size Requested: 1024
[2026.01.03-19.55.24:009][577]LogAudioMixer: Display: 	Callback Buffer Frame Size To Use:	  1024
[2026.01.03-19.55.24:009][577]LogAudioMixer: Display: 	Number of buffers to queue:			  2
[2026.01.03-19.55.24:009][577]LogAudioMixer: Display: 	Max Channels (voices):				  32
[2026.01.03-19.55.24:009][577]LogAudioMixer: Display: 	Number of Async Source Workers:		  0
[2026.01.03-19.55.24:009][577]LogAudio: Display: AudioDevice MaxSources: 32
[2026.01.03-19.55.24:010][577]LogAudio: Display: Audio Spatialization Plugin: None (built-in).
[2026.01.03-19.55.24:010][577]LogAudio: Display: Audio Reverb Plugin: None (built-in).
[2026.01.03-19.55.24:010][577]LogAudio: Display: Audio Occlusion Plugin: None (built-in).
[2026.01.03-19.55.24:010][577]LogAudioMixer: Display: Initializing audio mixer.
[2026.01.03-19.55.24:019][577]LogAudioMixer: Display: 0: FrontLeft
[2026.01.03-19.55.24:019][577]LogAudioMixer: Display: 1: FrontRight
[2026.01.03-19.55.24:059][577]LogAudioMixer: Display: Using Audio Device Headphones (Tonsil R35BT)
[2026.01.03-19.55.24:059][577]LogAudioMixer: Display: Initializing Sound Submixes...
[2026.01.03-19.55.24:059][577]LogAudioMixer: Display: Creating Master Submix 'MasterSubmixDefault'
[2026.01.03-19.55.24:059][577]LogAudioMixer: Display: Creating Master Submix 'MasterReverbSubmixDefault'
[2026.01.03-19.55.24:059][577]LogAudioMixer: Display: Creating Master Submix 'MasterEQSubmixDefault'
[2026.01.03-19.55.24:060][577]LogAudioMixer: FMixerPlatformXAudio2::StartAudioStream() called
[2026.01.03-19.55.24:060][577]LogAudioMixer: Display: Output buffers initialized: Frames=1024, Channels=2, Samples=2048
[2026.01.03-19.55.24:061][577]LogAudioMixer: Display: Starting AudioMixerPlatformInterface::RunInternal()
[2026.01.03-19.55.24:061][577]LogAudioMixer: Display: FMixerPlatformXAudio2::SubmitBuffer() called for the first time
[2026.01.03-19.55.24:061][577]LogInit: FAudioDevice initialized.
[2026.01.03-19.55.24:061][577]LogAudio: Display: Audio Device (ID: 2) registered with world 'shooter'.
[2026.01.03-19.55.24:074][577]LogLoad: Game class is 'gamemode_C'
[2026.01.03-19.55.24:078][577]LogWorld: Bringing World /Game/UEDPIE_0_shooter.shooter up for play (max tick rate 60) at 2026.01.03-20.55.24
[2026.01.03-19.55.24:080][577]LogWorld: Bringing up level for play took: 0.003852
[2026.01.03-19.55.24:081][577]LogOnline: OSS: Creating online subsystem instance for: :Context_3
[2026.01.03-19.55.24:086][577]LogNativeClassHierarchy: Verbose: Native class hierarchy updated for 'MovieSceneCapture' in 0.0004 seconds. Added 20 classes and 0 folders.
[2026.01.03-19.55.24:095][577]PIE: Server logged in
[2026.01.03-19.55.24:096][577]PIE: Play in editor total start time 0,117 seconds.
[2026.01.03-19.55.39:949][ 21]LogSlate: Updating window title bar state: overlay mode, drag disabled, window buttons hidden, title bar hidden
[2026.01.03-19.55.39:950][ 21]LogWorld: BeginTearingDown for /Game/UEDPIE_0_shooter
[2026.01.03-19.55.39:951][ 21]LogWorld: UWorld::CleanupWorld for shooter, bSessionEnded=true, bCleanupResources=true
[2026.01.03-19.55.39:952][ 21]LogSlate: InvalidateAllWidgets triggered.  All widgets were invalidated
[2026.01.03-19.55.39:980][ 21]LogPlayLevel: Display: Shutting down PIE online subsystems
[2026.01.03-19.55.39:995][ 21]LogSlate: InvalidateAllWidgets triggered.  All widgets were invalidated
[2026.01.03-19.55.40:007][ 21]LogAudio: Display: Audio Device unregistered from world 'None'.
[2026.01.03-19.55.40:008][ 21]LogAudioMixer: FMixerPlatformXAudio2::StopAudioStream() called
[2026.01.03-19.55.40:010][ 21]LogAudioMixer: FMixerPlatformXAudio2::StopAudioStream() called
[2026.01.03-19.55.40:013][ 21]LogSlate: Updating window title bar state: overlay mode, drag disabled, window buttons hidden, title bar hidden
[2026.01.03-19.55.40:018][ 21]LogUObjectHash: Compacting FUObjectHashTables data took   1.73ms
[2026.01.03-19.55.40:075][ 22]LogPlayLevel: Display: Destroying online subsystem :Context_3
[2026.01.03-19.56.29:792][356]LogUObjectHash: Compacting FUObjectHashTables data took   3.24ms
[2026.01.03-19.56.31:895][356]LogSlate: Window 'Delete Assets' being destroyed
[2026.01.03-19.56.32:011][356]LogUObjectHash: Compacting FUObjectHashTables data took   0.84ms
[2026.01.03-19.56.32:028][356]LogUObjectHash: Compacting FUObjectHashTables data took   0.87ms
[2026.01.03-19.56.32:036][356]LogUObjectHash: Compacting FUObjectHashTables data took   0.36ms
[2026.01.03-19.56.35:354][438]LogEditorViewport: Clicking on Actor (LMB): StaticMeshActor (Floor)
[2026.01.03-19.56.38:257][503]LogTemp: Repeating last play command: Selected Viewport
[2026.01.03-19.56.38:283][503]LogPlayLevel: PlayLevel: No blueprints needed recompiling
[2026.01.03-19.56.38:283][503]PIE: New page: PIE session: shooter (3 sty 2026, 21:56:38)
[2026.01.03-19.56.38:283][503]LogPlayLevel: Creating play world package: /Game/UEDPIE_0_shooter
[2026.01.03-19.56.38:292][503]LogPlayLevel: PIE: StaticDuplicateObject took: (0.007801s)
[2026.01.03-19.56.38:293][503]LogAIModule: Creating AISystem for world shooter
[2026.01.03-19.56.38:294][503]LogPlayLevel: PIE: World Init took: (0.002334s)
[2026.01.03-19.56.38:294][503]LogPlayLevel: PIE: Created PIE world by copying editor world from /Game/shooter.shooter to /Game/UEDPIE_0_shooter.shooter (0.010451s)
[2026.01.03-19.56.38:310][503]LogUObjectHash: Compacting FUObjectHashTables data took   1.69ms
[2026.01.03-19.56.38:311][503]LogAudio: Display: Creating Audio Device:                 Id: 3, Scope: Unique, Realtime: True
[2026.01.03-19.56.38:311][503]LogAudioMixer: Display: Audio Mixer Platform Settings:
[2026.01.03-19.56.38:311][503]LogAudioMixer: Display: 	Sample Rate:						  48000
[2026.01.03-19.56.38:311][503]LogAudioMixer: Display: 	Callback Buffer Frame Size Requested: 1024
[2026.01.03-19.56.38:311][503]LogAudioMixer: Display: 	Callback Buffer Frame Size To Use:	  1024
[2026.01.03-19.56.38:311][503]LogAudioMixer: Display: 	Number of buffers to queue:			  2
[2026.01.03-19.56.38:311][503]LogAudioMixer: Display: 	Max Channels (voices):				  32
[2026.01.03-19.56.38:311][503]LogAudioMixer: Display: 	Number of Async Source Workers:		  0
[2026.01.03-19.56.38:311][503]LogAudio: Display: AudioDevice MaxSources: 32
[2026.01.03-19.56.38:312][503]LogAudio: Display: Audio Spatialization Plugin: None (built-in).
[2026.01.03-19.56.38:312][503]LogAudio: Display: Audio Reverb Plugin: None (built-in).
[2026.01.03-19.56.38:312][503]LogAudio: Display: Audio Occlusion Plugin: None (built-in).
[2026.01.03-19.56.38:312][503]LogAudioMixer: Display: Initializing audio mixer.
[2026.01.03-19.56.38:327][503]LogAudioMixer: Display: 0: FrontLeft
[2026.01.03-19.56.38:327][503]LogAudioMixer: Display: 1: FrontRight
[2026.01.03-19.56.38:398][503]LogAudioMixer: Display: Using Audio Device Headphones (Tonsil R35BT)
[2026.01.03-19.56.38:399][503]LogAudioMixer: Display: Initializing Sound Submixes...
[2026.01.03-19.56.38:399][503]LogAudioMixer: Display: Creating Master Submix 'MasterSubmixDefault'
[2026.01.03-19.56.38:399][503]LogAudioMixer: Display: Creating Master Submix 'MasterReverbSubmixDefault'
[2026.01.03-19.56.38:399][503]LogAudioMixer: Display: Creating Master Submix 'MasterEQSubmixDefault'
[2026.01.03-19.56.38:399][503]LogAudioMixer: FMixerPlatformXAudio2::StartAudioStream() called
[2026.01.03-19.56.38:400][503]LogAudioMixer: Display: Output buffers initialized: Frames=1024, Channels=2, Samples=2048
[2026.01.03-19.56.38:403][503]LogAudioMixer: Display: Starting AudioMixerPlatformInterface::RunInternal()
[2026.01.03-19.56.38:403][503]LogAudioMixer: Display: FMixerPlatformXAudio2::SubmitBuffer() called for the first time
[2026.01.03-19.56.38:403][503]LogInit: FAudioDevice initialized.
[2026.01.03-19.56.38:403][503]LogAudio: Display: Audio Device (ID: 3) registered with world 'shooter'.
[2026.01.03-19.56.38:420][503]LogLoad: Game class is 'gamemode_C'
[2026.01.03-19.56.38:422][503]LogWorld: Bringing World /Game/UEDPIE_0_shooter.shooter up for play (max tick rate 60) at 2026.01.03-20.56.38
[2026.01.03-19.56.38:424][503]LogWorld: Bringing up level for play took: 0.002967
[2026.01.03-19.56.38:425][503]LogOnline: OSS: Creating online subsystem instance for: :Context_4
[2026.01.03-19.56.38:432][503]PIE: Server logged in
[2026.01.03-19.56.38:433][503]PIE: Play in editor total start time 0,161 seconds.
[2026.01.03-19.56.45:899][702]LogSlate: Updating window title bar state: overlay mode, drag disabled, window buttons hidden, title bar hidden
[2026.01.03-19.56.45:899][702]LogWorld: BeginTearingDown for /Game/UEDPIE_0_shooter
[2026.01.03-19.56.45:900][702]LogWorld: UWorld::CleanupWorld for shooter, bSessionEnded=true, bCleanupResources=true
[2026.01.03-19.56.45:901][702]LogSlate: InvalidateAllWidgets triggered.  All widgets were invalidated
[2026.01.03-19.56.45:935][702]LogPlayLevel: Display: Shutting down PIE online subsystems
[2026.01.03-19.56.45:979][702]LogSlate: InvalidateAllWidgets triggered.  All widgets were invalidated
[2026.01.03-19.56.45:993][702]LogAudio: Display: Audio Device unregistered from world 'None'.
[2026.01.03-19.56.45:993][702]LogAudioMixer: FMixerPlatformXAudio2::StopAudioStream() called
[2026.01.03-19.56.45:995][702]LogAudioMixer: FMixerPlatformXAudio2::StopAudioStream() called
[2026.01.03-19.56.46:000][702]LogSlate: Updating window title bar state: overlay mode, drag disabled, window buttons hidden, title bar hidden
[2026.01.03-19.56.46:005][702]LogUObjectHash: Compacting FUObjectHashTables data took   1.79ms
[2026.01.03-19.56.46:067][703]LogPlayLevel: Display: Destroying online subsystem :Context_4
[2026.01.03-19.56.53:352][899]LogUObjectHash: Compacting FUObjectHashTables data took   2.14ms
[2026.01.03-19.56.58:134][899]LogSlate: Window 'Delete Assets' being destroyed
[2026.01.03-19.57.07:684][154]LogUObjectHash: Compacting FUObjectHashTables data took   0.63ms
[2026.01.03-19.57.09:183][154]LogSlate: Window 'Delete Assets' being destroyed
[2026.01.03-19.57.09:195][154]LogUObjectGlobals: Force Deleting 6 Package(s):
	Asset Name: /Game/blueprints/spider1.spider1_C
	Asset Name: /Game/blueprints/spider1.spider1
	Asset Name: /Game/blueprints/spider1.Default__spider1_C
	Asset Name: /Game/blueprints/gamemode.gamemode_C
	Asset Name: /Game/blueprints/gamemode.gamemode
	Asset Name: /Game/blueprints/gamemode.Default__gamemode_C
[2026.01.03-19.57.10:382][154]LogUObjectHash: Compacting FUObjectHashTables data took   0.57ms
[2026.01.03-19.57.10:392][154]LogUObjectHash: Compacting FUObjectHashTables data took   0.33ms
[2026.01.03-19.57.10:398][154]LogUObjectHash: Compacting FUObjectHashTables data took   0.83ms
[2026.01.03-19.57.10:406][154]LogUObjectHash: Compacting FUObjectHashTables data took   0.52ms
[2026.01.03-19.57.15:571][283]LogTemp: Repeating last play command: Selected Viewport
[2026.01.03-19.57.15:594][283]LogPlayLevel: PlayLevel: No blueprints needed recompiling
[2026.01.03-19.57.15:594][283]PIE: New page: PIE session: shooter (3 sty 2026, 21:57:15)
[2026.01.03-19.57.15:594][283]LogPlayLevel: Creating play world package: /Game/UEDPIE_0_shooter
[2026.01.03-19.57.15:601][283]LogPlayLevel: PIE: StaticDuplicateObject took: (0.006024s)
[2026.01.03-19.57.15:603][283]LogAIModule: Creating AISystem for world shooter
[2026.01.03-19.57.15:603][283]LogPlayLevel: PIE: World Init took: (0.001703s)
[2026.01.03-19.57.15:603][283]LogPlayLevel: PIE: Created PIE world by copying editor world from /Game/shooter.shooter to /Game/UEDPIE_0_shooter.shooter (0.007960s)
[2026.01.03-19.57.15:614][283]LogUObjectHash: Compacting FUObjectHashTables data took   1.28ms
[2026.01.03-19.57.15:617][283]LogAudio: Display: Creating Audio Device:                 Id: 4, Scope: Unique, Realtime: True
[2026.01.03-19.57.15:617][283]LogAudioMixer: Display: Audio Mixer Platform Settings:
[2026.01.03-19.57.15:617][283]LogAudioMixer: Display: 	Sample Rate:						  48000
[2026.01.03-19.57.15:617][283]LogAudioMixer: Display: 	Callback Buffer Frame Size Requested: 1024
[2026.01.03-19.57.15:617][283]LogAudioMixer: Display: 	Callback Buffer Frame Size To Use:	  1024
[2026.01.03-19.57.15:617][283]LogAudioMixer: Display: 	Number of buffers to queue:			  2
[2026.01.03-19.57.15:617][283]LogAudioMixer: Display: 	Max Channels (voices):				  32
[2026.01.03-19.57.15:617][283]LogAudioMixer: Display: 	Number of Async Source Workers:		  0
[2026.01.03-19.57.15:617][283]LogAudio: Display: AudioDevice MaxSources: 32
[2026.01.03-19.57.15:618][283]LogAudio: Display: Audio Spatialization Plugin: None (built-in).
[2026.01.03-19.57.15:618][283]LogAudio: Display: Audio Reverb Plugin: None (built-in).
[2026.01.03-19.57.15:618][283]LogAudio: Display: Audio Occlusion Plugin: None (built-in).
[2026.01.03-19.57.15:618][283]LogAudioMixer: Display: Initializing audio mixer.
[2026.01.03-19.57.15:628][283]LogAudioMixer: Display: 0: FrontLeft
[2026.01.03-19.57.15:628][283]LogAudioMixer: Display: 1: FrontRight
[2026.01.03-19.57.15:680][283]LogAudioMixer: Display: Using Audio Device Headphones (Tonsil R35BT)
[2026.01.03-19.57.15:680][283]LogAudioMixer: Display: Initializing Sound Submixes...
[2026.01.03-19.57.15:680][283]LogAudioMixer: Display: Creating Master Submix 'MasterSubmixDefault'
[2026.01.03-19.57.15:680][283]LogAudioMixer: Display: Creating Master Submix 'MasterReverbSubmixDefault'
[2026.01.03-19.57.15:681][283]LogAudioMixer: Display: Creating Master Submix 'MasterEQSubmixDefault'
[2026.01.03-19.57.15:681][283]LogAudioMixer: FMixerPlatformXAudio2::StartAudioStream() called
[2026.01.03-19.57.15:681][283]LogAudioMixer: Display: Output buffers initialized: Frames=1024, Channels=2, Samples=2048
[2026.01.03-19.57.15:682][283]LogAudioMixer: Display: Starting AudioMixerPlatformInterface::RunInternal()
[2026.01.03-19.57.15:682][283]LogAudioMixer: Display: FMixerPlatformXAudio2::SubmitBuffer() called for the first time
[2026.01.03-19.57.15:683][283]LogInit: FAudioDevice initialized.
[2026.01.03-19.57.15:683][283]LogAudio: Display: Audio Device (ID: 4) registered with world 'shooter'.
[2026.01.03-19.57.15:691][283]LogLoad: Game class is 'gamemode_C'
[2026.01.03-19.57.15:694][283]LogWorld: Bringing World /Game/UEDPIE_0_shooter.shooter up for play (max tick rate 60) at 2026.01.03-20.57.15
[2026.01.03-19.57.15:694][283]LogWorld: Bringing up level for play took: 0.002000
[2026.01.03-19.57.15:694][283]LogOnline: OSS: Creating online subsystem instance for: :Context_5
[2026.01.03-19.57.15:701][283]PIE: Server logged in
[2026.01.03-19.57.15:702][283]PIE: Play in editor total start time 0,114 seconds.
[2026.01.03-19.57.36:299][858]LogSlate: Updating window title bar state: overlay mode, drag disabled, window buttons hidden, title bar hidden
[2026.01.03-19.57.36:299][858]LogWorld: BeginTearingDown for /Game/UEDPIE_0_shooter
[2026.01.03-19.57.36:300][858]LogWorld: UWorld::CleanupWorld for shooter, bSessionEnded=true, bCleanupResources=true
[2026.01.03-19.57.36:301][858]LogSlate: InvalidateAllWidgets triggered.  All widgets were invalidated
[2026.01.03-19.57.36:331][858]LogPlayLevel: Display: Shutting down PIE online subsystems
[2026.01.03-19.57.36:369][858]LogSlate: InvalidateAllWidgets triggered.  All widgets were invalidated
[2026.01.03-19.57.36:381][858]LogSlate: Updating window title bar state: overlay mode, drag disabled, window buttons hidden, title bar hidden
[2026.01.03-19.57.36:381][858]LogAudioMixer: FMixerPlatformXAudio2::StopAudioStream() called
[2026.01.03-19.57.36:383][858]LogAudioMixer: FMixerPlatformXAudio2::StopAudioStream() called
[2026.01.03-19.57.36:394][858]LogUObjectHash: Compacting FUObjectHashTables data took   1.69ms
[2026.01.03-19.57.36:457][859]LogPlayLevel: Display: Destroying online subsystem :Context_5
[2026.01.03-19.57.39:379][929]Cmd: OBJ SAVEPACKAGE PACKAGE="/Game/shooter" FILE="../../../../../../Users/Dom/Desktop/unreal/TopDownShooter01/TopDownShooter01/Content/shooter.umap" SILENT=true AUTOSAVING=false KEEPDIRTY=false
[2026.01.03-19.57.39:392][929]LogUObjectHash: Compacting FUObjectHashTables data took   0.69ms
[2026.01.03-19.57.39:430][929]LogSavePackage: Moving '../../../../../../Users/Dom/Desktop/unreal/TopDownShooter01/TopDownShooter01/Saved/shooter091A7E704ECFC9FC7354D0B8C16CAE18.tmp' to '../../../../../../Users/Dom/Desktop/unreal/TopDownShooter01/TopDownShooter01/Content/shooter.umap'
[2026.01.03-19.57.39:447][929]Cmd: OBJ SAVEPACKAGE PACKAGE="/Game/shooter_BuiltData" FILE="../../../../../../Users/Dom/Desktop/unreal/TopDownShooter01/TopDownShooter01/Content/shooter_BuiltData.uasset" SILENT=true
[2026.01.03-19.57.39:486][929]LogSavePackage: Moving '../../../../../../Users/Dom/Desktop/unreal/TopDownShooter01/TopDownShooter01/Saved/shooter_BuiltData9A6FC77E48522B76B00305A7D20B5C24.tmp' to '../../../../../../Users/Dom/Desktop/unreal/TopDownShooter01/TopDownShooter01/Content/shooter_BuiltData.uasset'
[2026.01.03-19.57.39:522][929]AssetCheck: New page: Asset Save: multiple assets
[2026.01.03-19.57.39:522][929]LogContentValidation: Display: Validating MapBuildDataRegistry /Game/shooter_BuiltData.shooter_BuiltData
[2026.01.03-19.57.39:522][929]LogContentValidation: Display: Validating World /Game/shooter.shooter
[2026.01.03-19.58.38:819][451]LogAssetEditorSubsystem: Opening Asset editor for Blueprint /Game/Blueprint/BP/BP_Soldier.BP_Soldier
[2026.01.03-19.58.39:374][451]LogNativeClassHierarchy: Verbose: Native class hierarchy updated for 'BlueprintGraph' in 0.0008 seconds. Added 126 classes and 0 folders.
[2026.01.03-19.58.40:661][451]LogSlate: Took 0.000993 seconds to synchronously load lazily loaded font '../../../Engine/Content/Slate/Fonts/Roboto-BoldCondensed.ttf' (158K)
[2026.01.03-19.58.40:754][452]LogSlate: Took 0.000956 seconds to synchronously load lazily loaded font '../../../Engine/Content/Slate/Fonts/Roboto-Italic.ttf' (157K)
[2026.01.03-19.58.44:498][552]LogSlate: Window 'BP_Soldier' being destroyed
[2026.01.03-20.02.22:612][369]LogAssetEditorSubsystem: Opening Asset editor for WidgetBlueprint /Game/UI/W_PlayerHUD.W_PlayerHUD
[2026.01.03-20.02.35:503][641]LogBlueprint: Warning: [AssetLog] C:\Users\Dom\Desktop\unreal\TopDownShooter01\TopDownShooter01\Content\UI\W_PlayerHUD.uasset: [Compiler] Variable Soldier is marked as 'Expose on Spawn' but not marked as 'Instance Editable'; please make it 'Instance Editable'
[2026.01.03-20.02.36:737][776]LogBlueprint: Warning: [AssetLog] C:\Users\Dom\Desktop\unreal\TopDownShooter01\TopDownShooter01\Content\UI\W_PlayerHUD.uasset: [Compiler] Variable Soldier is marked as 'Expose on Spawn' but not marked as 'Instance Editable'; please make it 'Instance Editable'
[2026.01.03-20.02.47:053][991]LogBlueprint: Warning: [AssetLog] C:\Users\Dom\Desktop\unreal\TopDownShooter01\TopDownShooter01\Content\UI\W_PlayerHUD.uasset: [Compiler] Variable Soldier is marked as 'Expose on Spawn' but not marked as 'Instance Editable'; please make it 'Instance Editable'
[2026.01.03-20.03.16:672][378]BlueprintLog: New page: Compile W_PlayerHUD
[2026.01.03-20.03.16:779][378]LogUObjectHash: Compacting FUObjectHashTables data took   6.81ms
[2026.01.03-20.07.52:125][970]LogEditorClassViewer: Warning: Class /Engine/Tutorial/InWorldBlueprintEditing/TutorialAssets/IWBE_Blutility.IWBE_Blutility_C has parent /Script/Blutility.PlacedEditorUtilityBase, but this parent is not found. The Class will not be shown in ClassViewer.
[2026.01.03-20.10.12:251][204]BlueprintLog: New page: Compile W_PlayerHUD
[2026.01.03-20.10.12:325][204]LogUObjectHash: Compacting FUObjectHashTables data took   7.66ms
[2026.01.03-20.10.13:553][336]Cmd: OBJ SAVEPACKAGE PACKAGE="/Game/UI/W_PlayerHUD" FILE="../../../../../../Users/Dom/Desktop/unreal/TopDownShooter01/TopDownShooter01/Content/UI/W_PlayerHUD.uasset" SILENT=true
[2026.01.03-20.10.13:579][336]LogSavePackage: Moving '../../../../../../Users/Dom/Desktop/unreal/TopDownShooter01/TopDownShooter01/Saved/W_PlayerHUDEC38B3AD4E9043E5051376A9CB3A9441.tmp' to '../../../../../../Users/Dom/Desktop/unreal/TopDownShooter01/TopDownShooter01/Content/UI/W_PlayerHUD.uasset'
[2026.01.03-20.10.13:620][336]AssetCheck: New page: Asset Save: W_PlayerHUD
[2026.01.03-20.10.13:620][336]LogContentValidation: Display: Validating WidgetBlueprint /Game/UI/W_PlayerHUD.W_PlayerHUD
[2026.01.03-20.10.48:128][530]Cmd: OBJ SAVEPACKAGE PACKAGE="/Game/shooter" FILE="../../../../../../Users/Dom/Desktop/unreal/TopDownShooter01/TopDownShooter01/Content/shooter.umap" SILENT=true AUTOSAVING=false KEEPDIRTY=false
[2026.01.03-20.10.48:194][530]LogUObjectHash: Compacting FUObjectHashTables data took   8.65ms
[2026.01.03-20.10.48:229][530]LogSavePackage: Moving '../../../../../../Users/Dom/Desktop/unreal/TopDownShooter01/TopDownShooter01/Saved/shooter8F6AF94344A7EEAB523DF5BE0D561714.tmp' to '../../../../../../Users/Dom/Desktop/unreal/TopDownShooter01/TopDownShooter01/Content/shooter.umap'
[2026.01.03-20.10.48:245][530]Cmd: OBJ SAVEPACKAGE PACKAGE="/Game/shooter_BuiltData" FILE="../../../../../../Users/Dom/Desktop/unreal/TopDownShooter01/TopDownShooter01/Content/shooter_BuiltData.uasset" SILENT=true
[2026.01.03-20.10.48:280][530]LogSavePackage: Moving '../../../../../../Users/Dom/Desktop/unreal/TopDownShooter01/TopDownShooter01/Saved/shooter_BuiltData160558874BFEFA2B62B07E81C96529A6.tmp' to '../../../../../../Users/Dom/Desktop/unreal/TopDownShooter01/TopDownShooter01/Content/shooter_BuiltData.uasset'
[2026.01.03-20.10.48:307][530]AssetCheck: New page: Asset Save: multiple assets
[2026.01.03-20.10.48:307][530]LogContentValidation: Display: Validating MapBuildDataRegistry /Game/shooter_BuiltData.shooter_BuiltData
[2026.01.03-20.10.48:307][530]LogContentValidation: Display: Validating World /Game/shooter.shooter
[2026.01.03-20.10.50:522][585]LogTemp: Repeating last play command: Selected Viewport
[2026.01.03-20.10.50:545][585]BlueprintLog: New page: Pre-Play auto-recompile
[2026.01.03-20.10.50:549][585]LogPlayLevel: [PlayLevel] Compiling BP_Soldier before play...
[2026.01.03-20.10.50:808][585]LogUObjectHash: Compacting FUObjectHashTables data took   6.66ms
[2026.01.03-20.10.50:809][585]LogPlayLevel: PlayLevel: Blueprint regeneration took 265 ms (1 blueprints)
[2026.01.03-20.10.50:809][585]PIE: New page: PIE session: shooter (3 sty 2026, 22:10:50)
[2026.01.03-20.10.50:809][585]LogPlayLevel: Creating play world package: /Game/UEDPIE_0_shooter
[2026.01.03-20.10.50:815][585]LogPlayLevel: PIE: StaticDuplicateObject took: (0.005634s)
[2026.01.03-20.10.50:817][585]LogAIModule: Creating AISystem for world shooter
[2026.01.03-20.10.50:818][585]LogPlayLevel: PIE: World Init took: (0.001988s)
[2026.01.03-20.10.50:818][585]LogPlayLevel: PIE: Created PIE world by copying editor world from /Game/shooter.shooter to /Game/UEDPIE_0_shooter.shooter (0.007880s)
[2026.01.03-20.10.50:862][585]LogUObjectHash: Compacting FUObjectHashTables data took   4.35ms
[2026.01.03-20.10.50:862][585]LogAudio: Display: Creating Audio Device:                 Id: 5, Scope: Unique, Realtime: True
[2026.01.03-20.10.50:863][585]LogAudioMixer: Display: Audio Mixer Platform Settings:
[2026.01.03-20.10.50:863][585]LogAudioMixer: Display: 	Sample Rate:						  48000
[2026.01.03-20.10.50:863][585]LogAudioMixer: Display: 	Callback Buffer Frame Size Requested: 1024
[2026.01.03-20.10.50:863][585]LogAudioMixer: Display: 	Callback Buffer Frame Size To Use:	  1024
[2026.01.03-20.10.50:863][585]LogAudioMixer: Display: 	Number of buffers to queue:			  2
[2026.01.03-20.10.50:863][585]LogAudioMixer: Display: 	Max Channels (voices):				  32
[2026.01.03-20.10.50:863][585]LogAudioMixer: Display: 	Number of Async Source Workers:		  0
[2026.01.03-20.10.50:863][585]LogAudio: Display: AudioDevice MaxSources: 32
[2026.01.03-20.10.50:863][585]LogAudio: Display: Audio Spatialization Plugin: None (built-in).
[2026.01.03-20.10.50:863][585]LogAudio: Display: Audio Reverb Plugin: None (built-in).
[2026.01.03-20.10.50:863][585]LogAudio: Display: Audio Occlusion Plugin: None (built-in).
[2026.01.03-20.10.50:863][585]LogAudioMixer: Display: Initializing audio mixer.
[2026.01.03-20.10.50:877][585]LogAudioMixer: Display: 0: FrontLeft
[2026.01.03-20.10.50:877][585]LogAudioMixer: Display: 1: FrontRight
[2026.01.03-20.10.50:932][585]LogAudioMixer: Display: Using Audio Device Headphones (Tonsil R35BT)
[2026.01.03-20.10.50:932][585]LogAudioMixer: Display: Initializing Sound Submixes...
[2026.01.03-20.10.50:933][585]LogAudioMixer: Display: Creating Master Submix 'MasterSubmixDefault'
[2026.01.03-20.10.50:933][585]LogAudioMixer: Display: Creating Master Submix 'MasterReverbSubmixDefault'
[2026.01.03-20.10.50:933][585]LogAudioMixer: Display: Creating Master Submix 'MasterEQSubmixDefault'
[2026.01.03-20.10.50:933][585]LogAudioMixer: FMixerPlatformXAudio2::StartAudioStream() called
[2026.01.03-20.10.50:933][585]LogAudioMixer: Display: Output buffers initialized: Frames=1024, Channels=2, Samples=2048
[2026.01.03-20.10.50:935][585]LogAudioMixer: Display: Starting AudioMixerPlatformInterface::RunInternal()
[2026.01.03-20.10.50:935][585]LogAudioMixer: Display: FMixerPlatformXAudio2::SubmitBuffer() called for the first time
[2026.01.03-20.10.50:935][585]LogInit: FAudioDevice initialized.
[2026.01.03-20.10.50:935][585]LogAudio: Display: Audio Device (ID: 5) registered with world 'shooter'.
[2026.01.03-20.10.50:949][585]LogLoad: Game class is 'gamemode_C'
[2026.01.03-20.10.50:953][585]LogWorld: Bringing World /Game/UEDPIE_0_shooter.shooter up for play (max tick rate 0) at 2026.01.03-21.10.50
[2026.01.03-20.10.50:954][585]LogWorld: Bringing up level for play took: 0.002166
[2026.01.03-20.10.50:954][585]LogOnline: OSS: Creating online subsystem instance for: :Context_11
[2026.01.03-20.10.50:959][585]PIE: Server logged in
[2026.01.03-20.10.50:960][585]PIE: Play in editor total start time 0,425 seconds.
[2026.01.03-20.10.59:032][800]LogSlate: Updating window title bar state: overlay mode, drag disabled, window buttons hidden, title bar hidden
[2026.01.03-20.10.59:032][800]LogWorld: BeginTearingDown for /Game/UEDPIE_0_shooter
[2026.01.03-20.10.59:033][800]LogWorld: UWorld::CleanupWorld for shooter, bSessionEnded=true, bCleanupResources=true
[2026.01.03-20.10.59:034][800]LogSlate: InvalidateAllWidgets triggered.  All widgets were invalidated
[2026.01.03-20.10.59:058][800]LogPlayLevel: Display: Shutting down PIE online subsystems
[2026.01.03-20.10.59:102][800]LogSlate: InvalidateAllWidgets triggered.  All widgets were invalidated
[2026.01.03-20.10.59:161][800]LogSlate: Updating window title bar state: overlay mode, drag disabled, window buttons hidden, title bar hidden
[2026.01.03-20.10.59:162][800]LogAudioMixer: FMixerPlatformXAudio2::StopAudioStream() called
[2026.01.03-20.10.59:164][800]LogAudioMixer: FMixerPlatformXAudio2::StopAudioStream() called
[2026.01.03-20.10.59:178][800]LogUObjectHash: Compacting FUObjectHashTables data took   7.39ms
[2026.01.03-20.10.59:249][801]LogPlayLevel: Display: Destroying online subsystem :Context_11
[2026.01.03-20.11.26:565][ 11]BlueprintLog: New page: Compile BP_Soldier
[2026.01.03-20.11.26:655][ 11]LogUObjectHash: Compacting FUObjectHashTables data took   4.39ms
[2026.01.03-20.11.31:262][267]LogTemp: Repeating last play command: Selected Viewport
[2026.01.03-20.11.31:284][267]LogPlayLevel: PlayLevel: No blueprints needed recompiling
[2026.01.03-20.11.31:284][267]PIE: New page: PIE session: shooter (3 sty 2026, 22:11:31)
[2026.01.03-20.11.31:284][267]LogPlayLevel: Creating play world package: /Game/UEDPIE_0_shooter
[2026.01.03-20.11.31:291][267]LogPlayLevel: PIE: StaticDuplicateObject took: (0.006539s)
[2026.01.03-20.11.31:293][267]LogAIModule: Creating AISystem for world shooter
[2026.01.03-20.11.31:293][267]LogPlayLevel: PIE: World Init took: (0.001766s)
[2026.01.03-20.11.31:293][267]LogPlayLevel: PIE: Created PIE world by copying editor world from /Game/shooter.shooter to /Game/UEDPIE_0_shooter.shooter (0.008551s)
[2026.01.03-20.11.31:344][267]LogUObjectHash: Compacting FUObjectHashTables data took   6.42ms
[2026.01.03-20.11.31:345][267]LogAudio: Display: Creating Audio Device:                 Id: 6, Scope: Unique, Realtime: True
[2026.01.03-20.11.31:345][267]LogAudioMixer: Display: Audio Mixer Platform Settings:
[2026.01.03-20.11.31:345][267]LogAudioMixer: Display: 	Sample Rate:						  48000
[2026.01.03-20.11.31:345][267]LogAudioMixer: Display: 	Callback Buffer Frame Size Requested: 1024
[2026.01.03-20.11.31:345][267]LogAudioMixer: Display: 	Callback Buffer Frame Size To Use:	  1024
[2026.01.03-20.11.31:345][267]LogAudioMixer: Display: 	Number of buffers to queue:			  2
[2026.01.03-20.11.31:345][267]LogAudioMixer: Display: 	Max Channels (voices):				  32
[2026.01.03-20.11.31:345][267]LogAudioMixer: Display: 	Number of Async Source Workers:		  0
[2026.01.03-20.11.31:345][267]LogAudio: Display: AudioDevice MaxSources: 32
[2026.01.03-20.11.31:345][267]LogAudio: Display: Audio Spatialization Plugin: None (built-in).
[2026.01.03-20.11.31:345][267]LogAudio: Display: Audio Reverb Plugin: None (built-in).
[2026.01.03-20.11.31:345][267]LogAudio: Display: Audio Occlusion Plugin: None (built-in).
[2026.01.03-20.11.31:345][267]LogAudioMixer: Display: Initializing audio mixer.
[2026.01.03-20.11.31:356][267]LogAudioMixer: Display: 0: FrontLeft
[2026.01.03-20.11.31:356][267]LogAudioMixer: Display: 1: FrontRight
[2026.01.03-20.11.31:406][267]LogAudioMixer: Display: Using Audio Device Headphones (Tonsil R35BT)
[2026.01.03-20.11.31:406][267]LogAudioMixer: Display: Initializing Sound Submixes...
[2026.01.03-20.11.31:406][267]LogAudioMixer: Display: Creating Master Submix 'MasterSubmixDefault'
[2026.01.03-20.11.31:406][267]LogAudioMixer: Display: Creating Master Submix 'MasterReverbSubmixDefault'
[2026.01.03-20.11.31:408][267]LogAudioMixer: Display: Creating Master Submix 'MasterEQSubmixDefault'
[2026.01.03-20.11.31:408][267]LogAudioMixer: FMixerPlatformXAudio2::StartAudioStream() called
[2026.01.03-20.11.31:408][267]LogAudioMixer: Display: Output buffers initialized: Frames=1024, Channels=2, Samples=2048
[2026.01.03-20.11.31:409][267]LogAudioMixer: Display: Starting AudioMixerPlatformInterface::RunInternal()
[2026.01.03-20.11.31:409][267]LogAudioMixer: Display: FMixerPlatformXAudio2::SubmitBuffer() called for the first time
[2026.01.03-20.11.31:409][267]LogInit: FAudioDevice initialized.
[2026.01.03-20.11.31:409][267]LogAudio: Display: Audio Device (ID: 6) registered with world 'shooter'.
[2026.01.03-20.11.31:423][267]LogLoad: Game class is 'gamemode_C'
[2026.01.03-20.11.31:426][267]LogWorld: Bringing World /Game/UEDPIE_0_shooter.shooter up for play (max tick rate 0) at 2026.01.03-21.11.31
[2026.01.03-20.11.31:427][267]LogWorld: Bringing up level for play took: 0.002066
[2026.01.03-20.11.31:428][267]LogOnline: OSS: Creating online subsystem instance for: :Context_12
[2026.01.03-20.11.31:433][267]PIE: Server logged in
[2026.01.03-20.11.31:434][267]PIE: Play in editor total start time 0,158 seconds.
[2026.01.03-20.11.43:633][593]LogSlate: Updating window title bar state: overlay mode, drag disabled, window buttons hidden, title bar hidden
[2026.01.03-20.11.43:634][593]LogWorld: BeginTearingDown for /Game/UEDPIE_0_shooter
[2026.01.03-20.11.43:634][593]LogWorld: UWorld::CleanupWorld for shooter, bSessionEnded=true, bCleanupResources=true
[2026.01.03-20.11.43:635][593]LogSlate: InvalidateAllWidgets triggered.  All widgets were invalidated
[2026.01.03-20.11.43:665][593]LogPlayLevel: Display: Shutting down PIE online subsystems
[2026.01.03-20.11.43:707][593]LogSlate: InvalidateAllWidgets triggered.  All widgets were invalidated
[2026.01.03-20.11.43:758][593]LogAudio: Display: Audio Device unregistered from world 'None'.
[2026.01.03-20.11.43:760][593]LogAudioMixer: FMixerPlatformXAudio2::StopAudioStream() called
[2026.01.03-20.11.43:762][593]LogAudioMixer: FMixerPlatformXAudio2::StopAudioStream() called
[2026.01.03-20.11.43:767][593]LogSlate: Updating window title bar state: overlay mode, drag disabled, window buttons hidden, title bar hidden
[2026.01.03-20.11.43:775][593]LogUObjectHash: Compacting FUObjectHashTables data took   6.65ms
[2026.01.03-20.11.43:842][594]LogPlayLevel: Display: Destroying online subsystem :Context_12
[2026.01.03-20.15.11:368][730]BlueprintLog: New page: Compile W_PlayerHUD
[2026.01.03-20.15.11:428][730]LogUObjectHash: Compacting FUObjectHashTables data took   5.11ms
[2026.01.03-20.15.20:058][391]BlueprintLog: New page: Compile BP_Soldier
[2026.01.03-20.15.20:153][391]LogUObjectHash: Compacting FUObjectHashTables data took   5.80ms
[2026.01.03-20.15.22:390][447]LogTemp: Repeating last play command: Selected Viewport
[2026.01.03-20.15.22:411][447]LogPlayLevel: PlayLevel: No blueprints needed recompiling
[2026.01.03-20.15.22:411][447]PIE: New page: PIE session: shooter (3 sty 2026, 22:15:22)
[2026.01.03-20.15.22:411][447]LogPlayLevel: Creating play world package: /Game/UEDPIE_0_shooter
[2026.01.03-20.15.22:418][447]LogPlayLevel: PIE: StaticDuplicateObject took: (0.006820s)
[2026.01.03-20.15.22:419][447]LogAIModule: Creating AISystem for world shooter
[2026.01.03-20.15.22:421][447]LogPlayLevel: PIE: World Init took: (0.002462s)
[2026.01.03-20.15.22:421][447]LogPlayLevel: PIE: Created PIE world by copying editor world from /Game/shooter.shooter to /Game/UEDPIE_0_shooter.shooter (0.009644s)
[2026.01.03-20.15.22:470][447]LogUObjectHash: Compacting FUObjectHashTables data took   6.35ms
[2026.01.03-20.15.22:471][447]LogAudio: Display: Creating Audio Device:                 Id: 7, Scope: Unique, Realtime: True
[2026.01.03-20.15.22:471][447]LogAudioMixer: Display: Audio Mixer Platform Settings:
[2026.01.03-20.15.22:471][447]LogAudioMixer: Display: 	Sample Rate:						  48000
[2026.01.03-20.15.22:471][447]LogAudioMixer: Display: 	Callback Buffer Frame Size Requested: 1024
[2026.01.03-20.15.22:471][447]LogAudioMixer: Display: 	Callback Buffer Frame Size To Use:	  1024
[2026.01.03-20.15.22:471][447]LogAudioMixer: Display: 	Number of buffers to queue:			  2
[2026.01.03-20.15.22:471][447]LogAudioMixer: Display: 	Max Channels (voices):				  32
[2026.01.03-20.15.22:471][447]LogAudioMixer: Display: 	Number of Async Source Workers:		  0
[2026.01.03-20.15.22:471][447]LogAudio: Display: AudioDevice MaxSources: 32
[2026.01.03-20.15.22:472][447]LogAudio: Display: Audio Spatialization Plugin: None (built-in).
[2026.01.03-20.15.22:472][447]LogAudio: Display: Audio Reverb Plugin: None (built-in).
[2026.01.03-20.15.22:472][447]LogAudio: Display: Audio Occlusion Plugin: None (built-in).
[2026.01.03-20.15.22:472][447]LogAudioMixer: Display: Initializing audio mixer.
[2026.01.03-20.15.22:483][447]LogAudioMixer: Display: 0: FrontLeft
[2026.01.03-20.15.22:483][447]LogAudioMixer: Display: 1: FrontRight
[2026.01.03-20.15.22:536][447]LogAudioMixer: Display: Using Audio Device Headphones (Tonsil R35BT)
[2026.01.03-20.15.22:537][447]LogAudioMixer: Display: Initializing Sound Submixes...
[2026.01.03-20.15.22:537][447]LogAudioMixer: Display: Creating Master Submix 'MasterSubmixDefault'
[2026.01.03-20.15.22:537][447]LogAudioMixer: Display: Creating Master Submix 'MasterReverbSubmixDefault'
[2026.01.03-20.15.22:537][447]LogAudioMixer: Display: Creating Master Submix 'MasterEQSubmixDefault'
[2026.01.03-20.15.22:538][447]LogAudioMixer: FMixerPlatformXAudio2::StartAudioStream() called
[2026.01.03-20.15.22:538][447]LogAudioMixer: Display: Output buffers initialized: Frames=1024, Channels=2, Samples=2048
[2026.01.03-20.15.22:539][447]LogAudioMixer: Display: Starting AudioMixerPlatformInterface::RunInternal()
[2026.01.03-20.15.22:539][447]LogAudioMixer: Display: FMixerPlatformXAudio2::SubmitBuffer() called for the first time
[2026.01.03-20.15.22:539][447]LogInit: FAudioDevice initialized.
[2026.01.03-20.15.22:539][447]LogAudio: Display: Audio Device (ID: 7) registered with world 'shooter'.
[2026.01.03-20.15.22:550][447]LogLoad: Game class is 'gamemode_C'
[2026.01.03-20.15.22:553][447]LogWorld: Bringing World /Game/UEDPIE_0_shooter.shooter up for play (max tick rate 0) at 2026.01.03-21.15.22
[2026.01.03-20.15.22:554][447]LogWorld: Bringing up level for play took: 0.002106
[2026.01.03-20.15.22:554][447]LogOnline: OSS: Creating online subsystem instance for: :Context_13
[2026.01.03-20.15.22:561][447]PIE: Server logged in
[2026.01.03-20.15.22:562][447]PIE: Play in editor total start time 0,161 seconds.
[2026.01.03-20.15.25:954][529]LogSlate: Updating window title bar state: overlay mode, drag disabled, window buttons hidden, title bar hidden
[2026.01.03-20.15.25:955][529]LogWorld: BeginTearingDown for /Game/UEDPIE_0_shooter
[2026.01.03-20.15.25:955][529]LogWorld: UWorld::CleanupWorld for shooter, bSessionEnded=true, bCleanupResources=true
[2026.01.03-20.15.25:957][529]LogSlate: InvalidateAllWidgets triggered.  All widgets were invalidated
[2026.01.03-20.15.25:990][529]LogPlayLevel: Display: Shutting down PIE online subsystems
[2026.01.03-20.15.26:047][529]LogSlate: InvalidateAllWidgets triggered.  All widgets were invalidated
[2026.01.03-20.15.26:109][529]LogAudio: Display: Audio Device unregistered from world 'None'.
[2026.01.03-20.15.26:109][529]LogAudioMixer: FMixerPlatformXAudio2::StopAudioStream() called
[2026.01.03-20.15.26:111][529]LogAudioMixer: FMixerPlatformXAudio2::StopAudioStream() called
[2026.01.03-20.15.26:115][529]LogSlate: Updating window title bar state: overlay mode, drag disabled, window buttons hidden, title bar hidden
[2026.01.03-20.15.26:124][529]LogUObjectHash: Compacting FUObjectHashTables data took   6.83ms
[2026.01.03-20.15.26:176][530]LogPlayLevel: Display: Destroying online subsystem :Context_13
[2026.01.03-20.15.26:937][549]LogRenderer: Reallocating scene render targets to support 1204x560 Format 10 NumSamples 1 (Frame:16500).
[2026.01.03-20.21.12:667][517]LogUObjectHash: Compacting FUObjectHashTables data took   6.40ms
[2026.01.03-20.21.12:669][517]LogFileHelpers: Editor autosave (incl. external actors) for '/Game/shooter' took 0.054
[2026.01.03-20.21.12:669][517]OBJ SavePackage: Generating thumbnails for [2] asset(s) in package [/Game/Blueprint/BP/BP_Soldier] ([2] browsable assets)...
[2026.01.03-20.21.12:750][517]OBJ SavePackage:     Rendered thumbnail for [BlueprintGeneratedClass /Game/Blueprint/BP/BP_Soldier.BP_Soldier_C]
[2026.01.03-20.21.12:790][517]OBJ SavePackage:     Rendered thumbnail for [Blueprint /Game/Blueprint/BP/BP_Soldier.BP_Soldier]
[2026.01.03-20.21.12:790][517]OBJ SavePackage: Finished generating thumbnails for package [/Game/Blueprint/BP/BP_Soldier]
[2026.01.03-20.21.12:864][517]LogSavePackage: Moving '../../../../../../Users/Dom/Desktop/unreal/TopDownShooter01/TopDownShooter01/Saved/BP_Soldier_Auto13601922842F92C1B964E67B10DF4C160.tmp' to '../../../../../../Users/Dom/Desktop/unreal/TopDownShooter01/TopDownShooter01/Saved/Autosaves/Game/Blueprint/BP/BP_Soldier_Auto1.uasset'
[2026.01.03-20.21.12:866][517]OBJ SavePackage: Generating thumbnails for [0] asset(s) in package [/Game/UI/W_PlayerHUD] ([2] browsable assets)...
[2026.01.03-20.21.12:866][517]OBJ SavePackage: Finished generating thumbnails for package [/Game/UI/W_PlayerHUD]
[2026.01.03-20.21.12:884][517]LogSavePackage: Moving '../../../../../../Users/Dom/Desktop/unreal/TopDownShooter01/TopDownShooter01/Saved/W_PlayerHUD_Auto1ED5664A04AB7EA2B6E298BBA41413255.tmp' to '../../../../../../Users/Dom/Desktop/unreal/TopDownShooter01/TopDownShooter01/Saved/Autosaves/Game/UI/W_PlayerHUD_Auto1.uasset'
[2026.01.03-20.21.12:884][517]LogFileHelpers: Auto-saving content packages took 0.216
[2026.01.03-20.25.43:233][514]LogSlate: Took 0.001422 seconds to synchronously load lazily loaded font '../../../Engine/Content/Slate/Fonts/Roboto-BoldCondensedItalic.ttf' (160K)
[2026.01.03-20.31.07:824][725]BlueprintLog: New page: Compile BP_Soldier
[2026.01.03-20.31.07:929][725]LogUObjectHash: Compacting FUObjectHashTables data took   4.81ms
[2026.01.03-20.31.37:843][254]LogEditorTransaction: Undo Add New Function
[2026.01.03-20.31.41:050][535]BlueprintLog: New page: Compile BP_Soldier
[2026.01.03-20.31.41:160][535]LogUObjectHash: Compacting FUObjectHashTables data took   6.37ms
[2026.01.03-20.32.50:945][608]LogUObjectHash: Compacting FUObjectHashTables data took   5.29ms
[2026.01.03-20.32.50:947][608]LogFileHelpers: Editor autosave (incl. external actors) for '/Game/shooter' took 0.045
[2026.01.03-20.32.50:948][608]OBJ SavePackage: Generating thumbnails for [1] asset(s) in package [/Game/Blueprint/BP/BP_Soldier] ([4] browsable assets)...
[2026.01.03-20.32.51:002][608]OBJ SavePackage:     Rendered thumbnail for [Blueprint /Game/Blueprint/BP/BP_Soldier.BP_Soldier]
[2026.01.03-20.32.51:042][608]OBJ SavePackage:     Rendered thumbnail for [Blueprint /Game/Blueprint/BP/BP_Soldier.BP_Soldier]
[2026.01.03-20.32.51:042][608]OBJ SavePackage: Finished generating thumbnails for package [/Game/Blueprint/BP/BP_Soldier]
[2026.01.03-20.32.51:111][608]LogSavePackage: Moving '../../../../../../Users/Dom/Desktop/unreal/TopDownShooter01/TopDownShooter01/Saved/BP_Soldier_Auto2C350EE0343300D850300A0A0BA8707BA.tmp' to '../../../../../../Users/Dom/Desktop/unreal/TopDownShooter01/TopDownShooter01/Saved/Autosaves/Game/Blueprint/BP/BP_Soldier_Auto2.uasset'
[2026.01.03-20.32.51:114][608]OBJ SavePackage: Generating thumbnails for [0] asset(s) in package [/Game/UI/W_PlayerHUD] ([2] browsable assets)...
[2026.01.03-20.32.51:114][608]OBJ SavePackage: Finished generating thumbnails for package [/Game/UI/W_PlayerHUD]
[2026.01.03-20.32.51:130][608]LogSavePackage: Moving '../../../../../../Users/Dom/Desktop/unreal/TopDownShooter01/TopDownShooter01/Saved/W_PlayerHUD_Auto2BE08BE624B14370BE71E05A4A5EE80F3.tmp' to '../../../../../../Users/Dom/Desktop/unreal/TopDownShooter01/TopDownShooter01/Saved/Autosaves/Game/UI/W_PlayerHUD_Auto2.uasset'
[2026.01.03-20.32.51:131][608]LogFileHelpers: Auto-saving content packages took 0.184
[2026.01.03-20.37.27:159][546]BlueprintLog: New page: Compile BP_Soldier
[2026.01.03-20.37.27:260][546]LogUObjectHash: Compacting FUObjectHashTables data took   5.60ms
[2026.01.03-20.37.54:059][583]BlueprintLog: New page: Compile BP_Soldier
[2026.01.03-20.37.54:144][583]LogUObjectHash: Compacting FUObjectHashTables data took   4.94ms
[2026.01.03-20.39.29:432][598]BlueprintLog: New page: Compile BP_Soldier
[2026.01.03-20.39.29:524][598]LogUObjectHash: Compacting FUObjectHashTables data took   5.18ms
[2026.01.03-20.39.37:748][193]LogTemp: Repeating last play command: Selected Viewport
[2026.01.03-20.39.37:769][193]BlueprintLog: New page: Pre-Play auto-recompile
[2026.01.03-20.39.37:779][193]LogPlayLevel: [PlayLevel] Compiling W_PlayerHUD before play...
[2026.01.03-20.39.37:783][193]LogBlueprint: Error: [AssetLog] C:\Users\Dom\Desktop\unreal\TopDownShooter01\TopDownShooter01\Content\UI\W_PlayerHUD.uasset: [Compiler] Binding: Property ' /Script/UMG.TextBlock:ColorAndOpacityDelegate ' on Widget ' TextBlock_1 ': Binding: 'None' : 'None' was not found on 'W Player HUD'.
[2026.01.03-20.39.37:890][193]LogUObjectHash: Compacting FUObjectHashTables data took   6.24ms
[2026.01.03-20.39.37:892][193]LogPlayLevel: PlayLevel: Blueprint regeneration took 123 ms (1 blueprints)
[2026.01.03-20.39.37:892][193]BlueprintLog: Warning: Blueprint failed to compile:  W_PlayerHUD
[2026.01.03-20.39.37:892][193]LogCustomDialog: Dialog displayed:
[2026.01.03-20.39.43:752][193]LogSlate: Window 'Blueprint Compilation Errors' being destroyed
[2026.01.03-20.39.43:824][193]LogSlate: Took 0.000187 seconds to synchronously load lazily loaded font '../../../Engine/Content/Slate/Fonts/DroidSansMono.ttf' (77K)
[2026.01.03-20.39.48:039][373]LogSlate: Window 'Message Log' being destroyed
[2026.01.03-20.39.48:058][373]LogSlate: Window 'Message Log' being destroyed
[2026.01.03-20.40.03:188][109]BlueprintLog: New page: Compile W_PlayerHUD
[2026.01.03-20.40.03:200][109]LogBlueprint: Error: [AssetLog] C:\Users\Dom\Desktop\unreal\TopDownShooter01\TopDownShooter01\Content\UI\W_PlayerHUD.uasset: [Compiler] Binding: Property ' /Script/UMG.TextBlock:ColorAndOpacityDelegate ' on Widget ' TextBlock_1 ': Binding: 'None' : 'None' was not found on 'W Player HUD'.
[2026.01.03-20.40.03:200][109]LogBlueprint: Error: [AssetLog] C:\Users\Dom\Desktop\unreal\TopDownShooter01\TopDownShooter01\Content\UI\W_PlayerHUD.uasset: [Compiler] Binding: Property ' /Script/UMG.TextBlock:TextDelegate ' on Widget ' TextBlock_1 ': Binding: 'None' : 'None' was not found on 'W Player HUD'.
[2026.01.03-20.40.03:248][109]LogUObjectHash: Compacting FUObjectHashTables data took   6.63ms
[2026.01.03-20.40.49:379][379]BlueprintLog: New page: Compile W_PlayerHUD
[2026.01.03-20.40.49:385][379]LogBlueprint: Error: [AssetLog] C:\Users\Dom\Desktop\unreal\TopDownShooter01\TopDownShooter01\Content\UI\W_PlayerHUD.uasset: [Compiler] Binding: Property ' /Script/UMG.TextBlock:TextDelegate ' on Widget ' TextBlock_1 ': Binding: 'None' : 'None' was not found on 'W Player HUD'.
[2026.01.03-20.40.49:430][379]LogUObjectHash: Compacting FUObjectHashTables data took   5.35ms
[2026.01.03-20.41.20:205][561]BlueprintLog: New page: Compile W_PlayerHUD
[2026.01.03-20.41.20:211][561]LogBlueprint: Error: [AssetLog] C:\Users\Dom\Desktop\unreal\TopDownShooter01\TopDownShooter01\Content\UI\W_PlayerHUD.uasset: [Compiler] Binding: Property ' /Script/UMG.TextBlock:TextDelegate ' on Widget ' TextBlock_1 ': Binding: 'None' : 'None' was not found on 'W Player HUD'.
[2026.01.03-20.41.20:265][561]LogUObjectHash: Compacting FUObjectHashTables data took   6.06ms
[2026.01.03-20.41.28:036][356]LogBlueprint: Warning: Unknown type of hyperlinked object (TextBlock_1), cannot focus it
[2026.01.03-20.41.28:828][451]LogBlueprint: Warning: Unknown type of hyperlinked object (TextBlock_1), cannot focus it
[2026.01.03-20.41.57:583][466]BlueprintLog: New page: Compile W_PlayerHUD
[2026.01.03-20.41.57:647][466]LogUObjectHash: Compacting FUObjectHashTables data took   5.65ms
[2026.01.03-20.42.04:277][ 91]BlueprintLog: New page: Compile W_PlayerHUD
[2026.01.03-20.42.04:349][ 91]LogUObjectHash: Compacting FUObjectHashTables data took   5.76ms
[2026.01.03-20.42.07:490][196]LogTemp: Repeating last play command: Selected Viewport
[2026.01.03-20.42.07:513][196]LogPlayLevel: PlayLevel: No blueprints needed recompiling
[2026.01.03-20.42.07:514][196]PIE: New page: PIE session: shooter (3 sty 2026, 22:42:07)
[2026.01.03-20.42.07:514][196]LogPlayLevel: Creating play world package: /Game/UEDPIE_0_shooter
[2026.01.03-20.42.07:522][196]LogPlayLevel: PIE: StaticDuplicateObject took: (0.007814s)
[2026.01.03-20.42.07:524][196]LogAIModule: Creating AISystem for world shooter
[2026.01.03-20.42.07:524][196]LogPlayLevel: PIE: World Init took: (0.001971s)
[2026.01.03-20.42.07:525][196]LogPlayLevel: PIE: Created PIE world by copying editor world from /Game/shooter.shooter to /Game/UEDPIE_0_shooter.shooter (0.010066s)
[2026.01.03-20.42.07:574][196]LogUObjectHash: Compacting FUObjectHashTables data took   6.78ms
[2026.01.03-20.42.07:574][196]LogAudio: Display: Creating Audio Device:                 Id: 8, Scope: Unique, Realtime: True
[2026.01.03-20.42.07:576][196]LogAudioMixer: Display: Audio Mixer Platform Settings:
[2026.01.03-20.42.07:576][196]LogAudioMixer: Display: 	Sample Rate:						  48000
[2026.01.03-20.42.07:576][196]LogAudioMixer: Display: 	Callback Buffer Frame Size Requested: 1024
[2026.01.03-20.42.07:576][196]LogAudioMixer: Display: 	Callback Buffer Frame Size To Use:	  1024
[2026.01.03-20.42.07:576][196]LogAudioMixer: Display: 	Number of buffers to queue:			  2
[2026.01.03-20.42.07:576][196]LogAudioMixer: Display: 	Max Channels (voices):				  32
[2026.01.03-20.42.07:576][196]LogAudioMixer: Display: 	Number of Async Source Workers:		  0
[2026.01.03-20.42.07:576][196]LogAudio: Display: AudioDevice MaxSources: 32
[2026.01.03-20.42.07:576][196]LogAudio: Display: Audio Spatialization Plugin: None (built-in).
[2026.01.03-20.42.07:576][196]LogAudio: Display: Audio Reverb Plugin: None (built-in).
[2026.01.03-20.42.07:577][196]LogAudio: Display: Audio Occlusion Plugin: None (built-in).
[2026.01.03-20.42.07:577][196]LogAudioMixer: Display: Initializing audio mixer.
[2026.01.03-20.42.07:588][196]LogAudioMixer: Display: 0: FrontLeft
[2026.01.03-20.42.07:589][196]LogAudioMixer: Display: 1: FrontRight
[2026.01.03-20.42.07:643][196]LogAudioMixer: Display: Using Audio Device Headphones (Tonsil R35BT)
[2026.01.03-20.42.07:644][196]LogAudioMixer: Display: Initializing Sound Submixes...
[2026.01.03-20.42.07:644][196]LogAudioMixer: Display: Creating Master Submix 'MasterSubmixDefault'
[2026.01.03-20.42.07:644][196]LogAudioMixer: Display: Creating Master Submix 'MasterReverbSubmixDefault'
[2026.01.03-20.42.07:645][196]LogAudioMixer: Display: Creating Master Submix 'MasterEQSubmixDefault'
[2026.01.03-20.42.07:645][196]LogAudioMixer: FMixerPlatformXAudio2::StartAudioStream() called
[2026.01.03-20.42.07:645][196]LogAudioMixer: Display: Output buffers initialized: Frames=1024, Channels=2, Samples=2048
[2026.01.03-20.42.07:647][196]LogAudioMixer: Display: Starting AudioMixerPlatformInterface::RunInternal()
[2026.01.03-20.42.07:647][196]LogAudioMixer: Display: FMixerPlatformXAudio2::SubmitBuffer() called for the first time
[2026.01.03-20.42.07:647][196]LogInit: FAudioDevice initialized.
[2026.01.03-20.42.07:647][196]LogAudio: Display: Audio Device (ID: 8) registered with world 'shooter'.
[2026.01.03-20.42.07:661][196]LogLoad: Game class is 'gamemode_C'
[2026.01.03-20.42.07:664][196]LogWorld: Bringing World /Game/UEDPIE_0_shooter.shooter up for play (max tick rate 0) at 2026.01.03-21.42.07
[2026.01.03-20.42.07:664][196]LogWorld: Bringing up level for play took: 0.002324
[2026.01.03-20.42.07:666][196]LogOnline: OSS: Creating online subsystem instance for: :Context_15
[2026.01.03-20.42.07:671][196]PIE: Server logged in
[2026.01.03-20.42.07:672][196]PIE: Play in editor total start time 0,167 seconds.
[2026.01.03-20.42.20:224][520]LogSlate: Updating window title bar state: overlay mode, drag disabled, window buttons hidden, title bar hidden
[2026.01.03-20.42.20:224][520]LogWorld: BeginTearingDown for /Game/UEDPIE_0_shooter
[2026.01.03-20.42.20:225][520]LogWorld: UWorld::CleanupWorld for shooter, bSessionEnded=true, bCleanupResources=true
[2026.01.03-20.42.20:225][520]LogSlate: InvalidateAllWidgets triggered.  All widgets were invalidated
[2026.01.03-20.42.20:273][520]LogPlayLevel: Display: Shutting down PIE online subsystems
[2026.01.03-20.42.20:321][520]LogSlate: InvalidateAllWidgets triggered.  All widgets were invalidated
[2026.01.03-20.42.20:381][520]LogSlate: Updating window title bar state: overlay mode, drag disabled, window buttons hidden, title bar hidden
[2026.01.03-20.42.20:381][520]LogAudioMixer: FMixerPlatformXAudio2::StopAudioStream() called
[2026.01.03-20.42.20:383][520]LogAudioMixer: FMixerPlatformXAudio2::StopAudioStream() called
[2026.01.03-20.42.20:397][520]LogUObjectHash: Compacting FUObjectHashTables data took   7.18ms
[2026.01.03-20.42.20:471][521]LogPlayLevel: Display: Destroying online subsystem :Context_15
[2026.01.03-20.44.20:689][820]BlueprintLog: New page: Compile BP_Soldier
[2026.01.03-20.44.20:795][820]LogUObjectHash: Compacting FUObjectHashTables data took   4.77ms
[2026.01.03-20.44.56:287][252]LogEditorViewport: Clicking on Actor (LMB): spider1_C (spider1)
[2026.01.03-20.45.08:261][434]LogAssetEditorSubsystem: Opening Asset editor for Blueprint /Game/Blueprint/BP/spider1.spider1
[2026.01.03-20.45.18:229][211]LogLinker: Warning: [AssetLog] C:\Users\Dom\Desktop\unreal\TopDownShooter01\TopDownShooter01\Content\Blueprint\BP\BP_Spider.uasset: Failed to load '/Game/blueprints/animatio_blueprints/AnimBP_Spider': Can't find file.
[2026.01.03-20.45.18:230][211]LogLinker: Warning: [AssetLog] C:\Users\Dom\Desktop\unreal\TopDownShooter01\TopDownShooter01\Content\Blueprint\BP\BP_Spider.uasset: Failed to load '/Game/blueprints/animatio_blueprints/AnimBP_Spider': Can't find file.
[2026.01.03-20.45.18:231][211]LogLinker: Warning: [AssetLog] C:\Users\Dom\Desktop\unreal\TopDownShooter01\TopDownShooter01\Content\Blueprint\BP\BP_Spider.uasset: Failed to load '/Game/Characters/Enemy_Great_Spider/Animations/SpiderAtack01': Can't find file.
[2026.01.03-20.45.18:232][211]LogLinker: Warning: [AssetLog] C:\Users\Dom\Desktop\unreal\TopDownShooter01\TopDownShooter01\Content\Blueprint\BP\BP_Spider.uasset: Failed to load '/Game/Characters/Enemy_Great_Spider/Animations/SpiderAtack01': Can't find file.
[2026.01.03-20.45.18:234][211]LogLinker: Warning: [AssetLog] C:\Users\Dom\Desktop\unreal\TopDownShooter01\TopDownShooter01\Content\Blueprint\BP\BP_Spider.uasset: Failed to load '/Game/blueprints/characters_blueprits/BP_Soldier': Can't find file.
[2026.01.03-20.45.18:235][211]LogLinker: Warning: [AssetLog] C:\Users\Dom\Desktop\unreal\TopDownShooter01\TopDownShooter01\Content\Blueprint\BP\BP_Spider.uasset: Failed to load '/Game/blueprints/characters_blueprits/BP_Soldier': Can't find file.
[2026.01.03-20.45.18:237][211]LogLinker: Warning: [AssetLog] C:\Users\Dom\Desktop\unreal\TopDownShooter01\TopDownShooter01\Content\Blueprint\BP\BP_Spider.uasset: Failed to load '/Game/blueprints/animatio_blueprints/AnimBP_Spider': Can't find file.
[2026.01.03-20.45.18:238][211]LogLinker: Warning: [AssetLog] C:\Users\Dom\Desktop\unreal\TopDownShooter01\TopDownShooter01\Content\Blueprint\BP\BP_Spider.uasset: Failed to load '/Game/blueprints/characters_blueprits/BP_Soldier': Can't find file.
[2026.01.03-20.45.18:238][211]LogLinker: Warning: [AssetLog] C:\Users\Dom\Desktop\unreal\TopDownShooter01\TopDownShooter01\Content\Blueprint\BP\BP_Spider.uasset: Failed to load '/Game/Characters/Enemy_Great_Spider/Animations/SpiderAtack01': Can't find file.
[2026.01.03-20.45.18:243][211]LogLinker: Warning: Failed to load '/Game/blueprints/characters_blueprits/BP_Soldier': Can't find file.
[2026.01.03-20.45.18:244][211]LogLinker: Warning: Failed to load '/Game/blueprints/animatio_blueprints/AnimBP_Spider': Can't find file.
[2026.01.03-20.45.18:244][211]LogLinker: Warning: Failed to load '/Game/Characters/Enemy_Great_Spider/Animations/SpiderAtack01': Can't find file.
[2026.01.03-20.45.18:244][211]LogLinker: Warning: Failed to load '/Game/blueprints/characters_blueprits/BP_Soldier': Can't find file.
[2026.01.03-20.45.18:245][211]LogLinker: Warning: Failed to load '/Game/blueprints/animatio_blueprints/AnimBP_Spider': Can't find file.
[2026.01.03-20.45.18:246][211]LogLinker: Warning: Failed to load '/Game/blueprints/characters_blueprits/BP_Soldier': Can't find file.
[2026.01.03-20.45.18:246][211]LogLinker: Warning: Failed to load '/Game/Characters/Enemy_Great_Spider/Animations/SpiderAtack01': Can't find file.
[2026.01.03-20.45.18:247][211]LogLinker: Warning: [AssetLog] C:\Users\Dom\Desktop\unreal\TopDownShooter01\TopDownShooter01\Content\Blueprint\BP\BP_Spider.uasset: Failed to load '/Game/blueprints/animatio_blueprints/AnimBP_Spider': Can't find file.
[2026.01.03-20.45.18:247][211]LoadErrors: Failed to load /Game/blueprints/animatio_blueprints/AnimBP_Spider.AnimBP_Spider_C Referenced by Default__BP_Spider_C
[2026.01.03-20.45.18:251][211]LogLinker: Warning: [AssetLog] C:\Users\Dom\Desktop\unreal\TopDownShooter01\TopDownShooter01\Content\Blueprint\BP\BP_Spider.uasset: Failed to load '/Game/Characters/Enemy_Great_Spider/Animations/SpiderAtack01': Can't find file.
[2026.01.03-20.45.18:251][211]LoadErrors: Failed to load /Game/Characters/Enemy_Great_Spider/Animations/SpiderAtack01.SpiderAtack01 Referenced by K2Node_PlayMontage_0
[2026.01.03-20.45.18:253][211]LogLinker: Warning: [AssetLog] C:\Users\Dom\Desktop\unreal\TopDownShooter01\TopDownShooter01\Content\Blueprint\BP\BP_Spider.uasset: Failed to load '/Game/blueprints/characters_blueprits/BP_Soldier': Can't find file.
[2026.01.03-20.45.18:253][211]LoadErrors: Failed to load /Game/blueprints/characters_blueprits/BP_Soldier.BP_Soldier_C Referenced by K2Node_DynamicCast_0
[2026.01.03-20.45.18:254][211]LogLinker: Warning: [AssetLog] C:\Users\Dom\Desktop\unreal\TopDownShooter01\TopDownShooter01\Content\Blueprint\BP\BP_Spider.uasset: Failed to load '/Game/blueprints/characters_blueprits/BP_Soldier': Can't find file.
[2026.01.03-20.45.18:265][211]LogBlueprint: Error: [AssetLog] C:\Users\Dom\Desktop\unreal\TopDownShooter01\TopDownShooter01\Content\Blueprint\BP\BP_Spider.uasset: [Compiler] Can't connect pins  Object  and  Return Value : This cast has an invalid target type (was the class deleted without a redirect?).
[2026.01.03-20.45.18:265][211]LogBlueprint: Error: [AssetLog] C:\Users\Dom\Desktop\unreal\TopDownShooter01\TopDownShooter01\Content\Blueprint\BP\BP_Spider.uasset: [Compiler] In use pin  As BP Soldier  no longer exists on node  Bad cast node . Please refresh node or break links to remove pin.
[2026.01.03-20.45.18:266][211]LogBlueprint: Error: [AssetLog] C:\Users\Dom\Desktop\unreal\TopDownShooter01\TopDownShooter01\Content\Blueprint\BP\BP_Spider.uasset: [Compiler] Can't connect pins  Return Value  and  Object : This cast has an invalid target type (was the class deleted without a redirect?).
[2026.01.03-20.45.18:417][211]LogAssetEditorSubsystem: Opening Asset editor for Blueprint /Game/Blueprint/BP/BP_Spider.BP_Spider
[2026.01.03-20.48.24:766][308]LogUObjectHash: Compacting FUObjectHashTables data took   6.48ms
[2026.01.03-20.48.24:769][308]LogFileHelpers: Editor autosave (incl. external actors) for '/Game/shooter' took 0.063
[2026.01.03-20.48.24:769][308]OBJ SavePackage: Generating thumbnails for [2] asset(s) in package [/Game/Blueprint/BP/spider1] ([2] browsable assets)...
[2026.01.03-20.48.24:824][308]OBJ SavePackage:     Rendered thumbnail for [BlueprintGeneratedClass /Game/Blueprint/BP/spider1.spider1_C]
[2026.01.03-20.48.24:865][308]OBJ SavePackage:     Rendered thumbnail for [Blueprint /Game/Blueprint/BP/spider1.spider1]
[2026.01.03-20.48.24:865][308]OBJ SavePackage: Finished generating thumbnails for package [/Game/Blueprint/BP/spider1]
[2026.01.03-20.48.24:900][308]LogSavePackage: Moving '../../../../../../Users/Dom/Desktop/unreal/TopDownShooter01/TopDownShooter01/Saved/spider1_Auto3575D04D44CA38B41ADCFE8B651FD265C.tmp' to '../../../../../../Users/Dom/Desktop/unreal/TopDownShooter01/TopDownShooter01/Saved/Autosaves/Game/Blueprint/BP/spider1_Auto3.uasset'
[2026.01.03-20.48.24:903][308]OBJ SavePackage: Generating thumbnails for [1] asset(s) in package [/Game/Blueprint/BP/BP_Soldier] ([4] browsable assets)...
[2026.01.03-20.48.24:946][308]OBJ SavePackage:     Rendered thumbnail for [Blueprint /Game/Blueprint/BP/BP_Soldier.BP_Soldier]
[2026.01.03-20.48.24:986][308]OBJ SavePackage:     Rendered thumbnail for [Blueprint /Game/Blueprint/BP/BP_Soldier.BP_Soldier]
[2026.01.03-20.48.24:987][308]OBJ SavePackage: Finished generating thumbnails for package [/Game/Blueprint/BP/BP_Soldier]
[2026.01.03-20.48.25:053][308]LogSavePackage: Moving '../../../../../../Users/Dom/Desktop/unreal/TopDownShooter01/TopDownShooter01/Saved/BP_Soldier_Auto3BEB176B943CAFFFCD6E439A69076EB19.tmp' to '../../../../../../Users/Dom/Desktop/unreal/TopDownShooter01/TopDownShooter01/Saved/Autosaves/Game/Blueprint/BP/BP_Soldier_Auto3.uasset'
[2026.01.03-20.48.25:055][308]OBJ SavePackage: Generating thumbnails for [0] asset(s) in package [/Game/UI/W_PlayerHUD] ([2] browsable assets)...
[2026.01.03-20.48.25:055][308]OBJ SavePackage: Finished generating thumbnails for package [/Game/UI/W_PlayerHUD]
[2026.01.03-20.48.25:070][308]LogSavePackage: Moving '../../../../../../Users/Dom/Desktop/unreal/TopDownShooter01/TopDownShooter01/Saved/W_PlayerHUD_Auto381A9BF5B48822641EAC19DA3998B18CD.tmp' to '../../../../../../Users/Dom/Desktop/unreal/TopDownShooter01/TopDownShooter01/Saved/Autosaves/Game/UI/W_PlayerHUD_Auto3.uasset'
[2026.01.03-20.48.25:072][308]OBJ SavePackage: Generating thumbnails for [2] asset(s) in package [/Game/Blueprint/BP/BP_Spider] ([2] browsable assets)...
[2026.01.03-20.48.25:123][308]OBJ SavePackage:     Rendered thumbnail for [BlueprintGeneratedClass /Game/Blueprint/BP/BP_Spider.BP_Spider_C]
[2026.01.03-20.48.25:167][308]OBJ SavePackage:     Rendered thumbnail for [Blueprint /Game/Blueprint/BP/BP_Spider.BP_Spider]
[2026.01.03-20.48.25:167][308]OBJ SavePackage: Finished generating thumbnails for package [/Game/Blueprint/BP/BP_Spider]
[2026.01.03-20.48.25:198][308]LogSavePackage: Moving '../../../../../../Users/Dom/Desktop/unreal/TopDownShooter01/TopDownShooter01/Saved/BP_Spider_Auto37C43CF2D4D71F611E12EE29D8F89EC45.tmp' to '../../../../../../Users/Dom/Desktop/unreal/TopDownShooter01/TopDownShooter01/Saved/Autosaves/Game/Blueprint/BP/BP_Spider_Auto3.uasset'
[2026.01.03-20.48.25:198][308]LogFileHelpers: Auto-saving content packages took 0.430
[2026.01.03-20.51.56:992][762]LogEditorTransaction: Undo Rename Variable
[2026.01.03-20.51.57:357][769]LogEditorTransaction: Undo Change Parameter Type
[2026.01.03-20.51.58:216][835]LogEditorTransaction: Undo Add Variable
[2026.01.03-20.53.10:300][545]BlueprintLog: New page: Compile spider1
[2026.01.03-20.53.10:505][545]LogUObjectHash: Compacting FUObjectHashTables data took   5.71ms
[2026.01.03-20.55.40:539][888]BlueprintLog: New page: Compile spider1
[2026.01.03-20.55.40:743][888]LogUObjectHash: Compacting FUObjectHashTables data took   5.80ms
[2026.01.03-20.55.45:053][ 65]LogTemp: Repeating last play command: Selected Viewport
[2026.01.03-20.55.45:074][ 65]LogPlayLevel: PlayLevel: No blueprints needed recompiling
[2026.01.03-20.55.45:074][ 65]BlueprintLog: Warning: Blueprint failed to compile:  BP_Spider
[2026.01.03-20.55.45:074][ 65]LogCustomDialog: Dialog displayed:
[2026.01.03-20.55.49:860][ 65]LogSlate: Window 'Blueprint Compilation Errors' being destroyed
[2026.01.03-20.55.51:701][123]LogSlate: Window 'Message Log' being destroyed
[2026.01.03-20.55.51:760][123]LogSlate: Window 'Message Log' being destroyed
[2026.01.03-20.56.01:814][390]LogSlate: Window 'BP_Spider' being destroyed
[2026.01.03-20.56.01:869][390]LogSlate: Window 'BP_Spider' being destroyed
[2026.01.03-20.56.01:880][390]LogWorld: UWorld::CleanupWorld for World_11, bSessionEnded=true, bCleanupResources=true
[2026.01.03-20.56.01:880][390]LogSlate: InvalidateAllWidgets triggered.  All widgets were invalidated
[2026.01.03-20.56.19:419][764]LogUObjectHash: Compacting FUObjectHashTables data took  15.13ms
[2026.01.03-20.56.20:768][764]LogSlate: Window 'Delete Assets' being destroyed
[2026.01.03-20.56.20:904][764]LogUObjectGlobals: Force Deleting 1 Package(s):
	Asset Name: /Game/Blueprint/BP/BP_Spider.BP_Spider
[2026.01.03-20.56.21:381][764]LogUObjectHash: Compacting FUObjectHashTables data took   4.14ms
[2026.01.03-20.56.21:460][764]LogUObjectHash: Compacting FUObjectHashTables data took   4.06ms
[2026.01.03-20.56.21:500][764]LogUObjectHash: Compacting FUObjectHashTables data took   3.06ms
[2026.01.03-20.56.21:535][764]LogUObjectHash: Compacting FUObjectHashTables data took   0.97ms
[2026.01.03-20.56.23:097][815]Cmd: OBJ SAVEPACKAGE PACKAGE="/Game/shooter" FILE="../../../../../../Users/Dom/Desktop/unreal/TopDownShooter01/TopDownShooter01/Content/shooter.umap" SILENT=true AUTOSAVING=false KEEPDIRTY=false
[2026.01.03-20.56.23:149][815]LogUObjectHash: Compacting FUObjectHashTables data took   1.79ms
[2026.01.03-20.56.23:176][815]LogSavePackage: Moving '../../../../../../Users/Dom/Desktop/unreal/TopDownShooter01/TopDownShooter01/Saved/shooter1C9991DA4D57D90A162E9ABBEAF7CE1B.tmp' to '../../../../../../Users/Dom/Desktop/unreal/TopDownShooter01/TopDownShooter01/Content/shooter.umap'
[2026.01.03-20.56.23:191][815]Cmd: OBJ SAVEPACKAGE PACKAGE="/Game/shooter_BuiltData" FILE="../../../../../../Users/Dom/Desktop/unreal/TopDownShooter01/TopDownShooter01/Content/shooter_BuiltData.uasset" SILENT=true
[2026.01.03-20.56.23:221][815]LogSavePackage: Moving '../../../../../../Users/Dom/Desktop/unreal/TopDownShooter01/TopDownShooter01/Saved/shooter_BuiltData6CC292DC40C41B8333E729B646509BFA.tmp' to '../../../../../../Users/Dom/Desktop/unreal/TopDownShooter01/TopDownShooter01/Content/shooter_BuiltData.uasset'
[2026.01.03-20.56.23:248][815]AssetCheck: New page: Asset Save: multiple assets
[2026.01.03-20.56.23:248][815]LogContentValidation: Display: Validating MapBuildDataRegistry /Game/shooter_BuiltData.shooter_BuiltData
[2026.01.03-20.56.23:248][815]LogContentValidation: Display: Validating World /Game/shooter.shooter
[2026.01.03-20.56.25:618][876]LogTemp: Repeating last play command: Selected Viewport
[2026.01.03-20.56.25:637][876]LogPlayLevel: PlayLevel: No blueprints needed recompiling
[2026.01.03-20.56.25:637][876]PIE: New page: PIE session: shooter (3 sty 2026, 22:56:25)
[2026.01.03-20.56.25:637][876]LogPlayLevel: Creating play world package: /Game/UEDPIE_0_shooter
[2026.01.03-20.56.25:643][876]LogPlayLevel: PIE: StaticDuplicateObject took: (0.005462s)
[2026.01.03-20.56.25:644][876]LogAIModule: Creating AISystem for world shooter
[2026.01.03-20.56.25:644][876]LogPlayLevel: PIE: World Init took: (0.001685s)
[2026.01.03-20.56.25:644][876]LogPlayLevel: PIE: Created PIE world by copying editor world from /Game/shooter.shooter to /Game/UEDPIE_0_shooter.shooter (0.007383s)
[2026.01.03-20.56.25:693][876]LogUObjectHash: Compacting FUObjectHashTables data took   4.79ms
[2026.01.03-20.56.25:694][876]LogAudio: Display: Creating Audio Device:                 Id: 9, Scope: Unique, Realtime: True
[2026.01.03-20.56.25:694][876]LogAudioMixer: Display: Audio Mixer Platform Settings:
[2026.01.03-20.56.25:695][876]LogAudioMixer: Display: 	Sample Rate:						  48000
[2026.01.03-20.56.25:695][876]LogAudioMixer: Display: 	Callback Buffer Frame Size Requested: 1024
[2026.01.03-20.56.25:695][876]LogAudioMixer: Display: 	Callback Buffer Frame Size To Use:	  1024
[2026.01.03-20.56.25:695][876]LogAudioMixer: Display: 	Number of buffers to queue:			  2
[2026.01.03-20.56.25:695][876]LogAudioMixer: Display: 	Max Channels (voices):				  32
[2026.01.03-20.56.25:695][876]LogAudioMixer: Display: 	Number of Async Source Workers:		  0
[2026.01.03-20.56.25:695][876]LogAudio: Display: AudioDevice MaxSources: 32
[2026.01.03-20.56.25:695][876]LogAudio: Display: Audio Spatialization Plugin: None (built-in).
[2026.01.03-20.56.25:695][876]LogAudio: Display: Audio Reverb Plugin: None (built-in).
[2026.01.03-20.56.25:695][876]LogAudio: Display: Audio Occlusion Plugin: None (built-in).
[2026.01.03-20.56.25:695][876]LogAudioMixer: Display: Initializing audio mixer.
[2026.01.03-20.56.25:708][876]LogAudioMixer: Display: 0: FrontLeft
[2026.01.03-20.56.25:709][876]LogAudioMixer: Display: 1: FrontRight
[2026.01.03-20.56.25:758][876]LogAudioMixer: Display: Using Audio Device Headphones (Tonsil R35BT)
[2026.01.03-20.56.25:758][876]LogAudioMixer: Display: Initializing Sound Submixes...
[2026.01.03-20.56.25:758][876]LogAudioMixer: Display: Creating Master Submix 'MasterSubmixDefault'
[2026.01.03-20.56.25:758][876]LogAudioMixer: Display: Creating Master Submix 'MasterReverbSubmixDefault'
[2026.01.03-20.56.25:759][876]LogAudioMixer: Display: Creating Master Submix 'MasterEQSubmixDefault'
[2026.01.03-20.56.25:759][876]LogAudioMixer: FMixerPlatformXAudio2::StartAudioStream() called
[2026.01.03-20.56.25:759][876]LogAudioMixer: Display: Output buffers initialized: Frames=1024, Channels=2, Samples=2048
[2026.01.03-20.56.25:761][876]LogAudioMixer: Display: Starting AudioMixerPlatformInterface::RunInternal()
[2026.01.03-20.56.25:761][876]LogAudioMixer: Display: FMixerPlatformXAudio2::SubmitBuffer() called for the first time
[2026.01.03-20.56.25:761][876]LogInit: FAudioDevice initialized.
[2026.01.03-20.56.25:761][876]LogAudio: Display: Audio Device (ID: 9) registered with world 'shooter'.
[2026.01.03-20.56.25:775][876]LogLoad: Game class is 'gamemode_C'
[2026.01.03-20.56.25:777][876]LogWorld: Bringing World /Game/UEDPIE_0_shooter.shooter up for play (max tick rate 0) at 2026.01.03-21.56.25
[2026.01.03-20.56.25:778][876]LogWorld: Bringing up level for play took: 0.002189
[2026.01.03-20.56.25:779][876]LogOnline: OSS: Creating online subsystem instance for: :Context_22
[2026.01.03-20.56.25:784][876]PIE: Server logged in
[2026.01.03-20.56.25:785][876]PIE: Play in editor total start time 0,155 seconds.
[2026.01.03-20.56.29:676][997]LogSlate: Updating window title bar state: overlay mode, drag disabled, window buttons hidden, title bar hidden
[2026.01.03-20.56.29:676][997]LogWorld: BeginTearingDown for /Game/UEDPIE_0_shooter
[2026.01.03-20.56.29:677][997]LogWorld: UWorld::CleanupWorld for shooter, bSessionEnded=true, bCleanupResources=true
[2026.01.03-20.56.29:677][997]LogSlate: InvalidateAllWidgets triggered.  All widgets were invalidated
[2026.01.03-20.56.29:726][997]LogPlayLevel: Display: Shutting down PIE online subsystems
[2026.01.03-20.56.29:803][997]LogSlate: InvalidateAllWidgets triggered.  All widgets were invalidated
[2026.01.03-20.56.29:851][997]LogAudio: Display: Audio Device unregistered from world 'None'.
[2026.01.03-20.56.29:851][997]LogAudioMixer: FMixerPlatformXAudio2::StopAudioStream() called
[2026.01.03-20.56.29:852][997]LogAudioMixer: FMixerPlatformXAudio2::StopAudioStream() called
[2026.01.03-20.56.29:855][997]LogSlate: Updating window title bar state: overlay mode, drag disabled, window buttons hidden, title bar hidden
[2026.01.03-20.56.29:862][997]LogUObjectHash: Compacting FUObjectHashTables data took   5.21ms
[2026.01.03-20.56.29:925][998]LogPlayLevel: Display: Destroying online subsystem :Context_22
[2026.01.03-20.56.45:339][435]LogContentBrowser: Attempting asset rename: spider1 -> BP_Spider
[2026.01.03-20.56.45:491][435]LogBlueprint: Warning: [AssetLog] C:\Users\Dom\Desktop\unreal\TopDownShooter01\TopDownShooter01\Content\Blueprint\Anim\spider_anim.uasset: [Compiler] ExoGame_Greater_Spider_Idle to ExoGame_Greater_Spider_Walk_Fwd  will never be taken, please connect something to  Can Enter Transition
[2026.01.03-20.56.45:492][435]LogBlueprint: Warning: [AssetLog] C:\Users\Dom\Desktop\unreal\TopDownShooter01\TopDownShooter01\Content\Blueprint\Anim\spider_anim.uasset: [Compiler] ExoGame_Greater_Spider_Walk_Fwd to ExoGame_Greater_Spider_Idle  will never be taken, please connect something to  Can Enter Transition
[2026.01.03-20.56.45:555][435]LogMetaData: Removing '/Game/Blueprint/BP/BP_Spider.BP_Spider_C' ref from Metadata '/Game/Blueprint/BP/spider1.PackageMetaData'
[2026.01.03-20.56.45:555][435]LogMetaData: Removing '/Game/Blueprint/BP/BP_Spider.BP_Spider:UserConstructionScript.K2Node_FunctionEntry_0' ref from Metadata '/Game/Blueprint/BP/spider1.PackageMetaData'
[2026.01.03-20.56.45:555][435]LogMetaData: Removing '/Game/Blueprint/BP/BP_Spider.SKEL_BP_Spider_C:ReceiveBeginPlay' ref from Metadata '/Game/Blueprint/BP/spider1.PackageMetaData'
[2026.01.03-20.56.45:555][435]LogMetaData: Removing '/Game/Blueprint/BP/BP_Spider.BP_Spider:IsAttackRange.K2Node_FunctionEntry_0' ref from Metadata '/Game/Blueprint/BP/spider1.PackageMetaData'
[2026.01.03-20.56.45:555][435]LogMetaData: Removing '/Game/Blueprint/BP/BP_Spider.BP_Spider:IsAttacking.K2Node_FunctionEntry_0' ref from Metadata '/Game/Blueprint/BP/spider1.PackageMetaData'
[2026.01.03-20.56.45:556][435]LogMetaData: Removing '/Game/Blueprint/BP/BP_Spider.SKEL_BP_Spider_C' ref from Metadata '/Game/Blueprint/BP/spider1.PackageMetaData'
[2026.01.03-20.56.45:556][435]LogMetaData: Removing '/Game/Blueprint/BP/BP_Spider.SKEL_BP_Spider_C:ReceiveTick' ref from Metadata '/Game/Blueprint/BP/spider1.PackageMetaData'
[2026.01.03-20.56.45:556][435]LogMetaData: Removing '/Game/Blueprint/BP/BP_Spider.SKEL_BP_Spider_C:UserConstructionScript' ref from Metadata '/Game/Blueprint/BP/spider1.PackageMetaData'
[2026.01.03-20.56.45:556][435]LogMetaData: Removing '/Game/Blueprint/BP/BP_Spider.BP_Spider_C:ReceiveTick' ref from Metadata '/Game/Blueprint/BP/spider1.PackageMetaData'
[2026.01.03-20.56.45:556][435]LogMetaData: Removing '/Game/Blueprint/BP/BP_Spider.BP_Spider_C:ReceiveBeginPlay' ref from Metadata '/Game/Blueprint/BP/spider1.PackageMetaData'
[2026.01.03-20.56.45:556][435]LogMetaData: Removing '/Game/Blueprint/BP/BP_Spider.BP_Spider_C:OnCompleted_350D65E444B0B7A6A6E88DB672B7A8C1' ref from Metadata '/Game/Blueprint/BP/spider1.PackageMetaData'
[2026.01.03-20.56.45:556][435]LogMetaData: Removing '/Game/Blueprint/BP/BP_Spider.BP_Spider_C:OnBlendOut_350D65E444B0B7A6A6E88DB672B7A8C1' ref from Metadata '/Game/Blueprint/BP/spider1.PackageMetaData'
[2026.01.03-20.56.45:556][435]LogMetaData: Removing '/Game/Blueprint/BP/BP_Spider.BP_Spider_C:OnInterrupted_350D65E444B0B7A6A6E88DB672B7A8C1' ref from Metadata '/Game/Blueprint/BP/spider1.PackageMetaData'
[2026.01.03-20.56.45:556][435]LogMetaData: Removing '/Game/Blueprint/BP/BP_Spider.BP_Spider_C:OnNotifyBegin_350D65E444B0B7A6A6E88DB672B7A8C1' ref from Metadata '/Game/Blueprint/BP/spider1.PackageMetaData'
[2026.01.03-20.56.45:556][435]LogMetaData: Removing '/Game/Blueprint/BP/BP_Spider.BP_Spider_C:OnNotifyEnd_350D65E444B0B7A6A6E88DB672B7A8C1' ref from Metadata '/Game/Blueprint/BP/spider1.PackageMetaData'
[2026.01.03-20.56.45:556][435]LogMetaData: Removing '/Game/Blueprint/BP/BP_Spider.BP_Spider_C:OnSuccess_40DEA86640DD9527B2F5FA9569A138D2' ref from Metadata '/Game/Blueprint/BP/spider1.PackageMetaData'
[2026.01.03-20.56.45:556][435]LogMetaData: Removing '/Game/Blueprint/BP/BP_Spider.BP_Spider_C:OnFail_40DEA86640DD9527B2F5FA9569A138D2' ref from Metadata '/Game/Blueprint/BP/spider1.PackageMetaData'
[2026.01.03-20.56.45:681][435]Cmd: OBJ SAVEPACKAGE PACKAGE="/Game/Blueprint/BP/BP_Spider" FILE="../../../../../../Users/Dom/Desktop/unreal/TopDownShooter01/TopDownShooter01/Content/Blueprint/BP/BP_Spider.uasset" SILENT=true
[2026.01.03-20.56.45:725][435]LogSavePackage: Moving '../../../../../../Users/Dom/Desktop/unreal/TopDownShooter01/TopDownShooter01/Saved/BP_SpiderE492280C46AC78082F2996878CDC34FD.tmp' to '../../../../../../Users/Dom/Desktop/unreal/TopDownShooter01/TopDownShooter01/Content/Blueprint/BP/BP_Spider.uasset'
[2026.01.03-20.56.45:730][435]Cmd: OBJ SAVEPACKAGE PACKAGE="/Game/Blueprint/BP/spider1" FILE="../../../../../../Users/Dom/Desktop/unreal/TopDownShooter01/TopDownShooter01/Content/Blueprint/BP/spider1.uasset" SILENT=true
[2026.01.03-20.56.45:731][435]LogSavePackage: Moving '../../../../../../Users/Dom/Desktop/unreal/TopDownShooter01/TopDownShooter01/Saved/spider1D25DD250408039CEF2389C822D2DC8D5.tmp' to '../../../../../../Users/Dom/Desktop/unreal/TopDownShooter01/TopDownShooter01/Content/Blueprint/BP/spider1.uasset'
[2026.01.03-20.56.45:813][435]AssetCheck: New page: Asset Save: multiple assets
[2026.01.03-20.56.45:813][435]LogContentValidation: Display: Validating Blueprint /Game/Blueprint/BP/BP_Spider.BP_Spider
[2026.01.03-20.56.45:813][435]LogContentValidation: Display: Validating ObjectRedirector /Game/Blueprint/BP/spider1.spider1
[2026.01.03-20.56.45:813][435]LogContentValidation: Display: Validating ObjectRedirector /Game/Blueprint/BP/spider1.Default__spider1_C
[2026.01.03-20.56.45:813][435]LogContentValidation: Display: Validating ObjectRedirector /Game/Blueprint/BP/spider1.spider1_C
[2026.01.03-20.57.00:333][739]LogWorld: UWorld::CleanupWorld for World_6, bSessionEnded=true, bCleanupResources=true
[2026.01.03-20.57.00:333][739]LogSlate: InvalidateAllWidgets triggered.  All widgets were invalidated
[2026.01.03-20.57.00:345][739]LogWorld: UWorld::CleanupWorld for World_5, bSessionEnded=true, bCleanupResources=true
[2026.01.03-20.57.00:345][739]LogSlate: InvalidateAllWidgets triggered.  All widgets were invalidated
[2026.01.03-20.58.08:742][196]BlueprintLog: New page: Compile BP_Spider
[2026.01.03-20.58.08:935][196]LogUObjectHash: Compacting FUObjectHashTables data took   6.06ms
[2026.01.03-21.01.59:917][502]Cmd: OBJ SAVEPACKAGE PACKAGE="/Game/shooter" FILE="../../../../../../Users/Dom/Desktop/unreal/TopDownShooter01/TopDownShooter01/Content/shooter.umap" SILENT=true AUTOSAVING=false KEEPDIRTY=false
[2026.01.03-21.01.59:979][502]LogUObjectHash: Compacting FUObjectHashTables data took   8.17ms
[2026.01.03-21.02.00:013][502]LogSavePackage: Moving '../../../../../../Users/Dom/Desktop/unreal/TopDownShooter01/TopDownShooter01/Saved/shooterE7D509DE4E2914096C920497734E3DF9.tmp' to '../../../../../../Users/Dom/Desktop/unreal/TopDownShooter01/TopDownShooter01/Content/shooter.umap'
[2026.01.03-21.02.00:028][502]Cmd: OBJ SAVEPACKAGE PACKAGE="/Game/shooter_BuiltData" FILE="../../../../../../Users/Dom/Desktop/unreal/TopDownShooter01/TopDownShooter01/Content/shooter_BuiltData.uasset" SILENT=true
[2026.01.03-21.02.00:057][502]LogSavePackage: Moving '../../../../../../Users/Dom/Desktop/unreal/TopDownShooter01/TopDownShooter01/Saved/shooter_BuiltData4B8E8FB146B6C155201D9FA7ED5088B0.tmp' to '../../../../../../Users/Dom/Desktop/unreal/TopDownShooter01/TopDownShooter01/Content/shooter_BuiltData.uasset'
[2026.01.03-21.02.00:088][502]AssetCheck: New page: Asset Save: multiple assets
[2026.01.03-21.02.00:088][502]LogContentValidation: Display: Validating MapBuildDataRegistry /Game/shooter_BuiltData.shooter_BuiltData
[2026.01.03-21.02.00:088][502]LogContentValidation: Display: Validating World /Game/shooter.shooter
[2026.01.03-21.02.55:906][ 21]LogSlate: Prevented a slow task dialog from being summoned while a context menu was open
[2026.01.03-21.02.55:947][ 21]LogEditorClassViewer: Warning: Class /Engine/Tutorial/InWorldBlueprintEditing/TutorialAssets/IWBE_Blutility.IWBE_Blutility_C has parent /Script/Blutility.PlacedEditorUtilityBase, but this parent is not found. The Class will not be shown in ClassViewer.
[2026.01.03-21.03.04:035][203]Cmd: OBJ SAVEPACKAGE PACKAGE="/Game/shooter" FILE="../../../../../../Users/Dom/Desktop/unreal/TopDownShooter01/TopDownShooter01/Content/shooter.umap" SILENT=true AUTOSAVING=false KEEPDIRTY=false
[2026.01.03-21.03.04:105][203]LogUObjectHash: Compacting FUObjectHashTables data took   4.76ms
[2026.01.03-21.03.04:144][203]LogSavePackage: Moving '../../../../../../Users/Dom/Desktop/unreal/TopDownShooter01/TopDownShooter01/Saved/shooter5B2C9A77431CE8F3D118139905CF3D60.tmp' to '../../../../../../Users/Dom/Desktop/unreal/TopDownShooter01/TopDownShooter01/Content/shooter.umap'
[2026.01.03-21.03.04:169][203]Cmd: OBJ SAVEPACKAGE PACKAGE="/Game/shooter_BuiltData" FILE="../../../../../../Users/Dom/Desktop/unreal/TopDownShooter01/TopDownShooter01/Content/shooter_BuiltData.uasset" SILENT=true
[2026.01.03-21.03.04:211][203]LogSavePackage: Moving '../../../../../../Users/Dom/Desktop/unreal/TopDownShooter01/TopDownShooter01/Saved/shooter_BuiltData8E89961949C1A090DF62BCA0D9B6DBFD.tmp' to '../../../../../../Users/Dom/Desktop/unreal/TopDownShooter01/TopDownShooter01/Content/shooter_BuiltData.uasset'
[2026.01.03-21.03.04:243][203]AssetCheck: New page: Asset Save: multiple assets
[2026.01.03-21.03.04:244][203]LogContentValidation: Display: Validating MapBuildDataRegistry /Game/shooter_BuiltData.shooter_BuiltData
[2026.01.03-21.03.04:244][203]LogContentValidation: Display: Validating World /Game/shooter.shooter
[2026.01.03-21.03.10:253][362]LogTemp: Repeating last play command: Selected Viewport
[2026.01.03-21.03.10:269][362]BlueprintLog: New page: Pre-Play auto-recompile
[2026.01.03-21.03.10:275][362]LogPlayLevel: [PlayLevel] Compiling BP_Soldier before play...
[2026.01.03-21.03.10:380][362]LogPlayLevel: [PlayLevel] Compiling spider_anim before play...
[2026.01.03-21.03.10:384][362]LogBlueprint: Warning: [AssetLog] C:\Users\Dom\Desktop\unreal\TopDownShooter01\TopDownShooter01\Content\Blueprint\Anim\spider_anim.uasset: [Compiler] ExoGame_Greater_Spider_Idle to ExoGame_Greater_Spider_Walk_Fwd  will never be taken, please connect something to  Can Enter Transition
[2026.01.03-21.03.10:384][362]LogBlueprint: Warning: [AssetLog] C:\Users\Dom\Desktop\unreal\TopDownShooter01\TopDownShooter01\Content\Blueprint\Anim\spider_anim.uasset: [Compiler] ExoGame_Greater_Spider_Walk_Fwd to ExoGame_Greater_Spider_Idle  will never be taken, please connect something to  Can Enter Transition
[2026.01.03-21.03.10:394][362]LogPlayLevel: [PlayLevel] Compiling W_PlayerHUD before play...
[2026.01.03-21.03.10:469][362]LogUObjectHash: Compacting FUObjectHashTables data took   5.98ms
[2026.01.03-21.03.10:471][362]LogPlayLevel: PlayLevel: Blueprint regeneration took 201 ms (3 blueprints)
[2026.01.03-21.03.10:471][362]PIE: New page: PIE session: shooter (3 sty 2026, 23:03:10)
[2026.01.03-21.03.10:472][362]LogPlayLevel: Creating play world package: /Game/UEDPIE_0_shooter
[2026.01.03-21.03.10:477][362]LogPlayLevel: PIE: StaticDuplicateObject took: (0.005360s)
[2026.01.03-21.03.10:479][362]LogAIModule: Creating AISystem for world shooter
[2026.01.03-21.03.10:479][362]LogPlayLevel: PIE: World Init took: (0.001794s)
[2026.01.03-21.03.10:479][362]LogPlayLevel: PIE: Created PIE world by copying editor world from /Game/shooter.shooter to /Game/UEDPIE_0_shooter.shooter (0.007434s)
[2026.01.03-21.03.10:520][362]LogUObjectHash: Compacting FUObjectHashTables data took   4.26ms
[2026.01.03-21.03.10:521][362]LogAudio: Display: Creating Audio Device:                 Id: 10, Scope: Unique, Realtime: True
[2026.01.03-21.03.10:521][362]LogAudioMixer: Display: Audio Mixer Platform Settings:
[2026.01.03-21.03.10:521][362]LogAudioMixer: Display: 	Sample Rate:						  48000
[2026.01.03-21.03.10:521][362]LogAudioMixer: Display: 	Callback Buffer Frame Size Requested: 1024
[2026.01.03-21.03.10:521][362]LogAudioMixer: Display: 	Callback Buffer Frame Size To Use:	  1024
[2026.01.03-21.03.10:521][362]LogAudioMixer: Display: 	Number of buffers to queue:			  2
[2026.01.03-21.03.10:521][362]LogAudioMixer: Display: 	Max Channels (voices):				  32
[2026.01.03-21.03.10:521][362]LogAudioMixer: Display: 	Number of Async Source Workers:		  0
[2026.01.03-21.03.10:521][362]LogAudio: Display: AudioDevice MaxSources: 32
[2026.01.03-21.03.10:522][362]LogAudio: Display: Audio Spatialization Plugin: None (built-in).
[2026.01.03-21.03.10:522][362]LogAudio: Display: Audio Reverb Plugin: None (built-in).
[2026.01.03-21.03.10:522][362]LogAudio: Display: Audio Occlusion Plugin: None (built-in).
[2026.01.03-21.03.10:522][362]LogAudioMixer: Display: Initializing audio mixer.
[2026.01.03-21.03.10:532][362]LogAudioMixer: Display: 0: FrontLeft
[2026.01.03-21.03.10:533][362]LogAudioMixer: Display: 1: FrontRight
[2026.01.03-21.03.10:578][362]LogAudioMixer: Display: Using Audio Device Headphones (Tonsil R35BT)
[2026.01.03-21.03.10:578][362]LogAudioMixer: Display: Initializing Sound Submixes...
[2026.01.03-21.03.10:578][362]LogAudioMixer: Display: Creating Master Submix 'MasterSubmixDefault'
[2026.01.03-21.03.10:578][362]LogAudioMixer: Display: Creating Master Submix 'MasterReverbSubmixDefault'
[2026.01.03-21.03.10:578][362]LogAudioMixer: Display: Creating Master Submix 'MasterEQSubmixDefault'
[2026.01.03-21.03.10:580][362]LogAudioMixer: FMixerPlatformXAudio2::StartAudioStream() called
[2026.01.03-21.03.10:580][362]LogAudioMixer: Display: Output buffers initialized: Frames=1024, Channels=2, Samples=2048
[2026.01.03-21.03.10:581][362]LogAudioMixer: Display: Starting AudioMixerPlatformInterface::RunInternal()
[2026.01.03-21.03.10:581][362]LogAudioMixer: Display: FMixerPlatformXAudio2::SubmitBuffer() called for the first time
[2026.01.03-21.03.10:581][362]LogInit: FAudioDevice initialized.
[2026.01.03-21.03.10:581][362]LogAudio: Display: Audio Device (ID: 10) registered with world 'shooter'.
[2026.01.03-21.03.10:593][362]LogLoad: Game class is 'gamemode_C'
[2026.01.03-21.03.10:595][362]LogWorld: Bringing World /Game/UEDPIE_0_shooter.shooter up for play (max tick rate 0) at 2026.01.03-22.03.10
[2026.01.03-21.03.10:596][362]LogWorld: Bringing up level for play took: 0.001766
[2026.01.03-21.03.10:596][362]LogOnline: OSS: Creating online subsystem instance for: :Context_24
[2026.01.03-21.03.10:601][362]PIE: Server logged in
[2026.01.03-21.03.10:602][362]PIE: Play in editor total start time 0,339 seconds.
[2026.01.03-21.03.13:406][454]LogSlate: Updating window title bar state: overlay mode, drag disabled, window buttons hidden, title bar hidden
[2026.01.03-21.03.13:406][454]LogWorld: BeginTearingDown for /Game/UEDPIE_0_shooter
[2026.01.03-21.03.13:407][454]LogWorld: UWorld::CleanupWorld for shooter, bSessionEnded=true, bCleanupResources=true
[2026.01.03-21.03.13:407][454]LogSlate: InvalidateAllWidgets triggered.  All widgets were invalidated
[2026.01.03-21.03.13:440][454]LogPlayLevel: Display: Shutting down PIE online subsystems
[2026.01.03-21.03.13:519][454]LogSlate: InvalidateAllWidgets triggered.  All widgets were invalidated
[2026.01.03-21.03.13:562][454]LogAudio: Display: Audio Device unregistered from world 'None'.
[2026.01.03-21.03.13:563][454]LogAudioMixer: FMixerPlatformXAudio2::StopAudioStream() called
[2026.01.03-21.03.13:565][454]LogAudioMixer: FMixerPlatformXAudio2::StopAudioStream() called
[2026.01.03-21.03.13:568][454]LogSlate: Updating window title bar state: overlay mode, drag disabled, window buttons hidden, title bar hidden
[2026.01.03-21.03.13:575][454]LogUObjectHash: Compacting FUObjectHashTables data took   4.83ms
[2026.01.03-21.03.13:627][455]LogPlayLevel: Display: Destroying online subsystem :Context_24
[2026.01.03-21.03.16:983][558]LogEditorViewport: Clicking on Actor (LMB): BP_Spider_C (spider2)
[2026.01.03-21.03.44:577][375]LogBlueprint: Warning: [AssetLog] C:\Users\Dom\Desktop\unreal\TopDownShooter01\TopDownShooter01\Content\Animation\spideranim.uasset: [Compiler] ExoGame_Greater_Spider_Idle to ExoGame_Greater_Spider_Walk_Fwd  will never be taken, please connect something to  Can Enter Transition
[2026.01.03-21.03.44:578][375]LogBlueprint: Warning: [AssetLog] C:\Users\Dom\Desktop\unreal\TopDownShooter01\TopDownShooter01\Content\Animation\spideranim.uasset: [Compiler] ExoGame_Greater_Spider_Walk_Fwd to ExoGame_Greater_Spider_Idle  will never be taken, please connect something to  Can Enter Transition
[2026.01.03-21.03.44:631][375]LogAssetEditorSubsystem: Opening Asset editor for AnimBlueprint /Game/Animation/spideranim.spideranim
[2026.01.03-21.03.44:672][375]LogNativeClassHierarchy: Verbose: Native class hierarchy updated for 'SkeletonEditor' in 0.0008 seconds. Added 1 classes and 2 folders.
[2026.01.03-21.03.44:683][375]LogTexture: Default maximum texture size for cubemaps generated from long-lat sources has been changed from 512 to unlimited. In order to preserve old behaiour for '/Engine/EditorMaterials/AssetViewer/EpicQuadPanorama_CC+EV1.EpicQuadPanorama_CC+EV1', its maximum texture size has been explicitly set to 512.
[2026.01.03-21.03.44:875][375]LogTexture: Default maximum texture size for cubemaps generated from long-lat sources has been changed from 512 to unlimited. In order to preserve old behaiour for '/Engine/MapTemplates/Sky/SunsetAmbientCubemap.SunsetAmbientCubemap', its maximum texture size has been explicitly set to 512.
[2026.01.03-21.03.45:023][375]LogActorComponent: RegisterComponentWithWorld: (/Engine/Transient.World_17:PersistentLevel.AnimationEditorPreviewActor_0.DebugSkelMeshComponent_0) Already registered. Aborting.
[2026.01.03-21.03.45:032][375]LogNativeClassHierarchy: Verbose: Native class hierarchy updated for 'PinnedCommandList' in 0.0005 seconds. Added 1 classes and 0 folders.
[2026.01.03-21.06.08:538][549]BlueprintLog: New page: Compile spideranim
[2026.01.03-21.06.08:547][549]LogBlueprint: Warning: [AssetLog] C:\Users\Dom\Desktop\unreal\TopDownShooter01\TopDownShooter01\Content\Animation\spideranim.uasset: [Compiler] ExoGame_Greater_Spider_Idle to ExoGame_Greater_Spider_Walk_Fwd  will never be taken, please connect something to  Can Enter Transition
[2026.01.03-21.06.08:547][549]LogBlueprint: Warning: [AssetLog] C:\Users\Dom\Desktop\unreal\TopDownShooter01\TopDownShooter01\Content\Animation\spideranim.uasset: [Compiler] ExoGame_Greater_Spider_Walk_Fwd to ExoGame_Greater_Spider_Idle  will never be taken, please connect something to  Can Enter Transition
[2026.01.03-21.06.08:747][549]LogUObjectHash: Compacting FUObjectHashTables data took  13.46ms
[2026.01.03-21.07.02:324][ 77]LogContentBrowser: Attempting asset rename: spideranim -> BS_Spider
[2026.01.03-21.07.02:383][ 77]LogMetaData: Removing '/Game/Animation/BS_Spider.BS_Spider_C' ref from Metadata '/Game/Animation/spideranim.PackageMetaData'
[2026.01.03-21.07.02:383][ 77]LogMetaData: Removing '/Game/Animation/BS_Spider.BS_Spider:AnimGraph.AnimGraphNode_Root_0' ref from Metadata '/Game/Animation/spideranim.PackageMetaData'
[2026.01.03-21.07.02:383][ 77]LogMetaData: Removing '/Game/Animation/BS_Spider.BS_Spider:EventGraph.K2Node_Event_0' ref from Metadata '/Game/Animation/spideranim.PackageMetaData'
[2026.01.03-21.07.02:383][ 77]LogMetaData: Removing '/Game/Animation/BS_Spider.BS_Spider:EventGraph.K2Node_CallFunction_0' ref from Metadata '/Game/Animation/spideranim.PackageMetaData'
[2026.01.03-21.07.02:383][ 77]LogMetaData: Removing '/Game/Animation/BS_Spider.BS_Spider:AnimGraph.AnimGraphNode_StateMachine_0.movement.AnimStateEntryNode_0' ref from Metadata '/Game/Animation/spideranim.PackageMetaData'
[2026.01.03-21.07.02:383][ 77]LogMetaData: Removing '/Game/Animation/BS_Spider.BS_Spider:AnimGraph.AnimGraphNode_StateMachine_0.movement.AnimStateNode_0.ExoGame_Greater_Spider_Idle.AnimGraphNode_StateResult_0' ref from Metadata '/Game/Animation/spideranim.PackageMetaData'
[2026.01.03-21.07.02:383][ 77]LogMetaData: Removing '/Game/Animation/BS_Spider.BS_Spider:AnimGraph.AnimGraphNode_StateMachine_0.movement.AnimStateNode_1.ExoGame_Greater_Spider_Walk_Fwd.AnimGraphNode_StateResult_0' ref from Metadata '/Game/Animation/spideranim.PackageMetaData'
[2026.01.03-21.07.02:383][ 77]LogMetaData: Removing '/Game/Animation/BS_Spider.BS_Spider:AnimGraph.AnimGraphNode_StateMachine_0.movement.AnimStateTransitionNode_0.Transition.AnimGraphNode_TransitionResult_0' ref from Metadata '/Game/Animation/spideranim.PackageMetaData'
[2026.01.03-21.07.02:383][ 77]LogMetaData: Removing '/Game/Animation/BS_Spider.BS_Spider:AnimGraph.AnimGraphNode_StateMachine_0.movement.AnimStateTransitionNode_1.Transition.AnimGraphNode_TransitionResult_0' ref from Metadata '/Game/Animation/spideranim.PackageMetaData'
[2026.01.03-21.07.02:383][ 77]LogMetaData: Removing '/Game/Animation/BS_Spider.SKEL_BS_Spider_C' ref from Metadata '/Game/Animation/spideranim.PackageMetaData'
[2026.01.03-21.07.02:383][ 77]LogMetaData: Removing '/Game/Animation/BS_Spider.SKEL_BS_Spider_C:BlueprintUpdateAnimation' ref from Metadata '/Game/Animation/spideranim.PackageMetaData'
[2026.01.03-21.07.02:383][ 77]LogMetaData: Removing '/Game/Animation/BS_Spider.SKEL_BS_Spider_C:AnimGraph' ref from Metadata '/Game/Animation/spideranim.PackageMetaData'
[2026.01.03-21.07.02:383][ 77]LogMetaData: Removing '/Game/Animation/BS_Spider.BS_Spider_C:AnimGraph' ref from Metadata '/Game/Animation/spideranim.PackageMetaData'
[2026.01.03-21.07.02:519][ 77]Cmd: OBJ SAVEPACKAGE PACKAGE="/Game/Animation/BS_Spider" FILE="../../../../../../Users/Dom/Desktop/unreal/TopDownShooter01/TopDownShooter01/Content/Animation/BS_Spider.uasset" SILENT=true
[2026.01.03-21.07.02:550][ 77]LogSavePackage: Moving '../../../../../../Users/Dom/Desktop/unreal/TopDownShooter01/TopDownShooter01/Saved/BS_SpiderD4B3DB7F4F1CE9E282076BA2DE3DBD06.tmp' to '../../../../../../Users/Dom/Desktop/unreal/TopDownShooter01/TopDownShooter01/Content/Animation/BS_Spider.uasset'
[2026.01.03-21.07.02:713][ 77]LogUObjectHash: Compacting FUObjectHashTables data took   8.68ms
[2026.01.03-21.07.02:784][ 77]LogUObjectHash: Compacting FUObjectHashTables data took   4.56ms
[2026.01.03-21.07.02:835][ 77]LogUObjectHash: Compacting FUObjectHashTables data took   1.37ms
[2026.01.03-21.07.02:967][ 77]AssetCheck: New page: Asset Save: BS_Spider
[2026.01.03-21.07.02:967][ 77]LogContentValidation: Display: Validating AnimBlueprint /Game/Animation/BS_Spider.BS_Spider
[2026.01.03-21.07.10:532][277]LogSlate: Prevented a slow task dialog from being summoned while a context menu was open
[2026.01.03-21.07.10:573][277]LogEditorClassViewer: Warning: Class /Engine/Tutorial/InWorldBlueprintEditing/TutorialAssets/IWBE_Blutility.IWBE_Blutility_C has parent /Script/Blutility.PlacedEditorUtilityBase, but this parent is not found. The Class will not be shown in ClassViewer.
[2026.01.03-21.07.12:993][394]LogEditorViewport: Clicking on Actor (LMB): BP_Spider_C (spider1)
[2026.01.03-21.07.25:389][956]LogTemp: Repeating last play command: Selected Viewport
[2026.01.03-21.07.25:403][956]BlueprintLog: New page: Pre-Play auto-recompile
[2026.01.03-21.07.25:407][956]LogPlayLevel: [PlayLevel] Compiling BP_Soldier before play...
[2026.01.03-21.07.25:490][956]LogPlayLevel: [PlayLevel] Compiling BP_Spider before play...
[2026.01.03-21.07.25:646][956]LogPlayLevel: [PlayLevel] Compiling spider_anim before play...
[2026.01.03-21.07.25:649][956]LogBlueprint: Warning: [AssetLog] C:\Users\Dom\Desktop\unreal\TopDownShooter01\TopDownShooter01\Content\Blueprint\Anim\spider_anim.uasset: [Compiler] ExoGame_Greater_Spider_Idle to ExoGame_Greater_Spider_Walk_Fwd  will never be taken, please connect something to  Can Enter Transition
[2026.01.03-21.07.25:649][956]LogBlueprint: Warning: [AssetLog] C:\Users\Dom\Desktop\unreal\TopDownShooter01\TopDownShooter01\Content\Blueprint\Anim\spider_anim.uasset: [Compiler] ExoGame_Greater_Spider_Walk_Fwd to ExoGame_Greater_Spider_Idle  will never be taken, please connect something to  Can Enter Transition
[2026.01.03-21.07.25:658][956]LogPlayLevel: [PlayLevel] Compiling W_PlayerHUD before play...
[2026.01.03-21.07.25:742][956]LogUObjectHash: Compacting FUObjectHashTables data took   6.84ms
[2026.01.03-21.07.25:744][956]LogPlayLevel: PlayLevel: Blueprint regeneration took 341 ms (4 blueprints)
[2026.01.03-21.07.25:744][956]PIE: New page: PIE session: shooter (3 sty 2026, 23:07:25)
[2026.01.03-21.07.25:745][956]LogPlayLevel: Creating play world package: /Game/UEDPIE_0_shooter
[2026.01.03-21.07.25:749][956]LogPlayLevel: PIE: StaticDuplicateObject took: (0.004525s)
[2026.01.03-21.07.25:751][956]LogAIModule: Creating AISystem for world shooter
[2026.01.03-21.07.25:751][956]LogPlayLevel: PIE: World Init took: (0.001393s)
[2026.01.03-21.07.25:751][956]LogPlayLevel: PIE: Created PIE world by copying editor world from /Game/shooter.shooter to /Game/UEDPIE_0_shooter.shooter (0.006102s)
[2026.01.03-21.07.25:801][956]LogUObjectHash: Compacting FUObjectHashTables data took   6.25ms
[2026.01.03-21.07.25:801][956]LogAudio: Display: Creating Audio Device:                 Id: 11, Scope: Unique, Realtime: True
[2026.01.03-21.07.25:801][956]LogAudioMixer: Display: Audio Mixer Platform Settings:
[2026.01.03-21.07.25:801][956]LogAudioMixer: Display: 	Sample Rate:						  48000
[2026.01.03-21.07.25:802][956]LogAudioMixer: Display: 	Callback Buffer Frame Size Requested: 1024
[2026.01.03-21.07.25:802][956]LogAudioMixer: Display: 	Callback Buffer Frame Size To Use:	  1024
[2026.01.03-21.07.25:802][956]LogAudioMixer: Display: 	Number of buffers to queue:			  2
[2026.01.03-21.07.25:802][956]LogAudioMixer: Display: 	Max Channels (voices):				  32
[2026.01.03-21.07.25:802][956]LogAudioMixer: Display: 	Number of Async Source Workers:		  0
[2026.01.03-21.07.25:802][956]LogAudio: Display: AudioDevice MaxSources: 32
[2026.01.03-21.07.25:802][956]LogAudio: Display: Audio Spatialization Plugin: None (built-in).
[2026.01.03-21.07.25:802][956]LogAudio: Display: Audio Reverb Plugin: None (built-in).
[2026.01.03-21.07.25:802][956]LogAudio: Display: Audio Occlusion Plugin: None (built-in).
[2026.01.03-21.07.25:802][956]LogAudioMixer: Display: Initializing audio mixer.
[2026.01.03-21.07.25:814][956]LogAudioMixer: Display: 0: FrontLeft
[2026.01.03-21.07.25:814][956]LogAudioMixer: Display: 1: FrontRight
[2026.01.03-21.07.25:855][956]LogAudioMixer: Display: Using Audio Device Headphones (Tonsil R35BT)
[2026.01.03-21.07.25:855][956]LogAudioMixer: Display: Initializing Sound Submixes...
[2026.01.03-21.07.25:855][956]LogAudioMixer: Display: Creating Master Submix 'MasterSubmixDefault'
[2026.01.03-21.07.25:855][956]LogAudioMixer: Display: Creating Master Submix 'MasterReverbSubmixDefault'
[2026.01.03-21.07.25:855][956]LogAudioMixer: Display: Creating Master Submix 'MasterEQSubmixDefault'
[2026.01.03-21.07.25:855][956]LogAudioMixer: FMixerPlatformXAudio2::StartAudioStream() called
[2026.01.03-21.07.25:855][956]LogAudioMixer: Display: Output buffers initialized: Frames=1024, Channels=2, Samples=2048
[2026.01.03-21.07.25:857][956]LogAudioMixer: Display: Starting AudioMixerPlatformInterface::RunInternal()
[2026.01.03-21.07.25:857][956]LogAudioMixer: Display: FMixerPlatformXAudio2::SubmitBuffer() called for the first time
[2026.01.03-21.07.25:857][956]LogInit: FAudioDevice initialized.
[2026.01.03-21.07.25:857][956]LogAudio: Display: Audio Device (ID: 11) registered with world 'shooter'.
[2026.01.03-21.07.25:869][956]LogLoad: Game class is 'gamemode_C'
[2026.01.03-21.07.25:871][956]LogWorld: Bringing World /Game/UEDPIE_0_shooter.shooter up for play (max tick rate 0) at 2026.01.03-22.07.25
[2026.01.03-21.07.25:871][956]LogWorld: Bringing up level for play took: 0.001644
[2026.01.03-21.07.25:871][956]LogOnline: OSS: Creating online subsystem instance for: :Context_30
[2026.01.03-21.07.25:876][956]PIE: Server logged in
[2026.01.03-21.07.25:877][956]PIE: Play in editor total start time 0,48 seconds.
[2026.01.03-21.07.30:647][118]LogSlate: Updating window title bar state: overlay mode, drag disabled, window buttons hidden, title bar hidden
[2026.01.03-21.07.30:647][118]LogWorld: BeginTearingDown for /Game/UEDPIE_0_shooter
[2026.01.03-21.07.30:647][118]LogWorld: UWorld::CleanupWorld for shooter, bSessionEnded=true, bCleanupResources=true
[2026.01.03-21.07.30:648][118]LogSlate: InvalidateAllWidgets triggered.  All widgets were invalidated
[2026.01.03-21.07.30:673][118]LogPlayLevel: Display: Shutting down PIE online subsystems
[2026.01.03-21.07.30:752][118]LogSlate: InvalidateAllWidgets triggered.  All widgets were invalidated
[2026.01.03-21.07.30:810][118]LogSlate: Updating window title bar state: overlay mode, drag disabled, window buttons hidden, title bar hidden
[2026.01.03-21.07.30:810][118]LogAudioMixer: FMixerPlatformXAudio2::StopAudioStream() called
[2026.01.03-21.07.30:812][118]LogAudioMixer: FMixerPlatformXAudio2::StopAudioStream() called
[2026.01.03-21.07.30:824][118]LogUObjectHash: Compacting FUObjectHashTables data took   7.28ms
[2026.01.03-21.07.30:894][119]LogPlayLevel: Display: Destroying online subsystem :Context_30
[2026.01.03-21.10.09:070][607]BlueprintLog: New page: Compile BS_Spider
[2026.01.03-21.10.09:082][607]LogBlueprint: Warning: [AssetLog] C:\Users\Dom\Desktop\unreal\TopDownShooter01\TopDownShooter01\Content\Animation\BS_Spider.uasset: [Compiler] ExoGame_Greater_Spider_Idle to ExoGame_Greater_Spider_Walk_Fwd  will never be taken, please connect something to  Can Enter Transition
[2026.01.03-21.10.09:082][607]LogBlueprint: Warning: [AssetLog] C:\Users\Dom\Desktop\unreal\TopDownShooter01\TopDownShooter01\Content\Animation\BS_Spider.uasset: [Compiler] ExoGame_Greater_Spider_Walk_Fwd to ExoGame_Greater_Spider_Idle  will never be taken, please connect something to  Can Enter Transition
[2026.01.03-21.10.09:135][607]LogScript: Warning: Accessed None trying to read property K2Node_DynamicCast_AsBP_Spider
	BS_Spider_C /Engine/Transient.World_17:PersistentLevel.AnimationEditorPreviewActor_0.DebugSkelMeshComponent_0.BS_Spider_C_2
	Function /Game/Animation/BS_Spider.BS_Spider_C:ExecuteUbergraph_BS_Spider:0099
[2026.01.03-21.10.09:135][607]LogScript: Warning: Accessed None trying to read property K2Node_DynamicCast_AsBP_Spider
	BS_Spider_C /Engine/Transient.World_19:PersistentLevel.SkeletalMeshActor_0.SkeletalMeshComponent0.BS_Spider_C_2
	Function /Game/Animation/BS_Spider.BS_Spider_C:ExecuteUbergraph_BS_Spider:0099
[2026.01.03-21.10.09:136][607]LogScript: Warning: Accessed None trying to read property K2Node_DynamicCast_AsBP_Spider
	BS_Spider_C /Engine/Transient.World_20:PersistentLevel.SkeletalMeshActor_0.SkeletalMeshComponent0.BS_Spider_C_1
	Function /Game/Animation/BS_Spider.BS_Spider_C:ExecuteUbergraph_BS_Spider:0099
[2026.01.03-21.10.09:136][607]LogScript: Warning: Accessed None trying to read property K2Node_DynamicCast_AsBP_Spider
	BS_Spider_C /Game/shooter.shooter:PersistentLevel.spider2_2.CharacterMesh0.BS_Spider_C_1
	Function /Game/Animation/BS_Spider.BS_Spider_C:ExecuteUbergraph_BS_Spider:0099
[2026.01.03-21.10.09:136][607]LogScript: Warning: Accessed None trying to read property K2Node_DynamicCast_AsBP_Spider
	BS_Spider_C /Game/shooter.shooter:PersistentLevel.spider1_2.CharacterMesh0.BS_Spider_C_1
	Function /Game/Animation/BS_Spider.BS_Spider_C:ExecuteUbergraph_BS_Spider:0099
[2026.01.03-21.10.09:225][607]LogUObjectHash: Compacting FUObjectHashTables data took  11.49ms
[2026.01.03-21.10.09:499][609]LogScript: Warning: Accessed None trying to read property K2Node_DynamicCast_AsBP_Spider
	BS_Spider_C /Engine/Transient.World_17:PersistentLevel.AnimationEditorPreviewActor_0.DebugSkelMeshComponent_0.BS_Spider_C_2
	Function /Game/Animation/BS_Spider.BS_Spider_C:ExecuteUbergraph_BS_Spider:0099
[2026.01.03-21.10.09:549][610]LogScript: Warning: Accessed None trying to read property K2Node_DynamicCast_AsBP_Spider
	BS_Spider_C /Engine/Transient.World_17:PersistentLevel.AnimationEditorPreviewActor_0.DebugSkelMeshComponent_0.BS_Spider_C_2
	Function /Game/Animation/BS_Spider.BS_Spider_C:ExecuteUbergraph_BS_Spider:0099
[2026.01.03-21.10.09:567][611]LogScript: Warning: Accessed None trying to read property K2Node_DynamicCast_AsBP_Spider
	BS_Spider_C /Engine/Transient.World_17:PersistentLevel.AnimationEditorPreviewActor_0.DebugSkelMeshComponent_0.BS_Spider_C_2
	Function /Game/Animation/BS_Spider.BS_Spider_C:ExecuteUbergraph_BS_Spider:0099
[2026.01.03-21.10.09:587][612]LogScript: Warning: Accessed None trying to read property K2Node_DynamicCast_AsBP_Spider
	BS_Spider_C /Engine/Transient.World_17:PersistentLevel.AnimationEditorPreviewActor_0.DebugSkelMeshComponent_0.BS_Spider_C_2
	Function /Game/Animation/BS_Spider.BS_Spider_C:ExecuteUbergraph_BS_Spider:0099
[2026.01.03-21.10.09:607][613]LogScript: Warning: Accessed None trying to read property K2Node_DynamicCast_AsBP_Spider
	BS_Spider_C /Engine/Transient.World_17:PersistentLevel.AnimationEditorPreviewActor_0.DebugSkelMeshComponent_0.BS_Spider_C_2
	Function /Game/Animation/BS_Spider.BS_Spider_C:ExecuteUbergraph_BS_Spider:0099
[2026.01.03-21.10.09:629][614]LogScript: Warning: Accessed None trying to read property K2Node_DynamicCast_AsBP_Spider
	BS_Spider_C /Engine/Transient.World_17:PersistentLevel.AnimationEditorPreviewActor_0.DebugSkelMeshComponent_0.BS_Spider_C_2
	Function /Game/Animation/BS_Spider.BS_Spider_C:ExecuteUbergraph_BS_Spider:0099
[2026.01.03-21.10.09:650][615]LogScript: Warning: Accessed None trying to read property K2Node_DynamicCast_AsBP_Spider
	BS_Spider_C /Engine/Transient.World_17:PersistentLevel.AnimationEditorPreviewActor_0.DebugSkelMeshComponent_0.BS_Spider_C_2
	Function /Game/Animation/BS_Spider.BS_Spider_C:ExecuteUbergraph_BS_Spider:0099
[2026.01.03-21.10.09:671][616]LogScript: Warning: Accessed None trying to read property K2Node_DynamicCast_AsBP_Spider
	BS_Spider_C /Engine/Transient.World_17:PersistentLevel.AnimationEditorPreviewActor_0.DebugSkelMeshComponent_0.BS_Spider_C_2
	Function /Game/Animation/BS_Spider.BS_Spider_C:ExecuteUbergraph_BS_Spider:0099
[2026.01.03-21.10.09:692][617]LogScript: Warning: Accessed None trying to read property K2Node_DynamicCast_AsBP_Spider
	BS_Spider_C /Engine/Transient.World_17:PersistentLevel.AnimationEditorPreviewActor_0.DebugSkelMeshComponent_0.BS_Spider_C_2
	Function /Game/Animation/BS_Spider.BS_Spider_C:ExecuteUbergraph_BS_Spider:0099
[2026.01.03-21.10.09:715][618]LogScript: Warning: Accessed None trying to read property K2Node_DynamicCast_AsBP_Spider
	BS_Spider_C /Engine/Transient.World_17:PersistentLevel.AnimationEditorPreviewActor_0.DebugSkelMeshComponent_0.BS_Spider_C_2
	Function /Game/Animation/BS_Spider.BS_Spider_C:ExecuteUbergraph_BS_Spider:0099
[2026.01.03-21.10.09:738][619]LogScript: Warning: Accessed None trying to read property K2Node_DynamicCast_AsBP_Spider
	BS_Spider_C /Engine/Transient.World_17:PersistentLevel.AnimationEditorPreviewActor_0.DebugSkelMeshComponent_0.BS_Spider_C_2
	Function /Game/Animation/BS_Spider.BS_Spider_C:ExecuteUbergraph_BS_Spider:0099
[2026.01.03-21.10.09:762][620]LogScript: Warning: Accessed None trying to read property K2Node_DynamicCast_AsBP_Spider
	BS_Spider_C /Engine/Transient.World_17:PersistentLevel.AnimationEditorPreviewActor_0.DebugSkelMeshComponent_0.BS_Spider_C_2
	Function /Game/Animation/BS_Spider.BS_Spider_C:ExecuteUbergraph_BS_Spider:0099
[2026.01.03-21.10.09:785][621]LogScript: Warning: Accessed None trying to read property K2Node_DynamicCast_AsBP_Spider
	BS_Spider_C /Engine/Transient.World_17:PersistentLevel.AnimationEditorPreviewActor_0.DebugSkelMeshComponent_0.BS_Spider_C_2
	Function /Game/Animation/BS_Spider.BS_Spider_C:ExecuteUbergraph_BS_Spider:0099
[2026.01.03-21.10.09:807][622]LogScript: Warning: Accessed None trying to read property K2Node_DynamicCast_AsBP_Spider
	BS_Spider_C /Engine/Transient.World_17:PersistentLevel.AnimationEditorPreviewActor_0.DebugSkelMeshComponent_0.BS_Spider_C_2
	Function /Game/Animation/BS_Spider.BS_Spider_C:ExecuteUbergraph_BS_Spider:0099
[2026.01.03-21.11.41:550][600]BlueprintLog: New page: Compile BS_Spider
[2026.01.03-21.11.41:558][600]LogBlueprint: Warning: [AssetLog] C:\Users\Dom\Desktop\unreal\TopDownShooter01\TopDownShooter01\Content\Animation\BS_Spider.uasset: [Compiler] ExoGame_Greater_Spider_Idle to ExoGame_Greater_Spider_Walk_Fwd  will never be taken, please connect something to  Can Enter Transition
[2026.01.03-21.11.41:558][600]LogBlueprint: Warning: [AssetLog] C:\Users\Dom\Desktop\unreal\TopDownShooter01\TopDownShooter01\Content\Animation\BS_Spider.uasset: [Compiler] ExoGame_Greater_Spider_Walk_Fwd to ExoGame_Greater_Spider_Idle  will never be taken, please connect something to  Can Enter Transition
[2026.01.03-21.11.41:601][600]LogScript: Warning: Accessed None trying to read property K2Node_DynamicCast_AsBP_Spider
	BS_Spider_C /Engine/Transient.World_19:PersistentLevel.SkeletalMeshActor_0.SkeletalMeshComponent0.BS_Spider_C_3
	Function /Game/Animation/BS_Spider.BS_Spider_C:ExecuteUbergraph_BS_Spider:0028
[2026.01.03-21.11.41:601][600]LogScript: Warning: Accessed None trying to read property K2Node_DynamicCast_AsBP_Spider
	BS_Spider_C /Engine/Transient.World_17:PersistentLevel.AnimationEditorPreviewActor_0.DebugSkelMeshComponent_0.BS_Spider_C_3
	Function /Game/Animation/BS_Spider.BS_Spider_C:ExecuteUbergraph_BS_Spider:0028
[2026.01.03-21.11.41:671][600]LogUObjectHash: Compacting FUObjectHashTables data took   9.75ms
[2026.01.03-21.11.41:689][600]LogScript: Warning: Accessed None trying to read property K2Node_DynamicCast_AsBP_Spider
	BS_Spider_C /Engine/Transient.World_17:PersistentLevel.AnimationEditorPreviewActor_0.DebugSkelMeshComponent_0.BS_Spider_C_3
	Function /Game/Animation/BS_Spider.BS_Spider_C:ExecuteUbergraph_BS_Spider:0028
[2026.01.03-21.11.41:869][601]LogScript: Warning: Accessed None trying to read property K2Node_DynamicCast_AsBP_Spider
	BS_Spider_C /Engine/Transient.World_17:PersistentLevel.AnimationEditorPreviewActor_0.DebugSkelMeshComponent_0.BS_Spider_C_3
	Function /Game/Animation/BS_Spider.BS_Spider_C:ExecuteUbergraph_BS_Spider:0028
[2026.01.03-21.11.41:891][602]LogScript: Warning: Accessed None trying to read property K2Node_DynamicCast_AsBP_Spider
	BS_Spider_C /Engine/Transient.World_17:PersistentLevel.AnimationEditorPreviewActor_0.DebugSkelMeshComponent_0.BS_Spider_C_3
	Function /Game/Animation/BS_Spider.BS_Spider_C:ExecuteUbergraph_BS_Spider:0028
[2026.01.03-21.11.41:901][603]LogScript: Warning: Accessed None trying to read property K2Node_DynamicCast_AsBP_Spider
	BS_Spider_C /Engine/Transient.World_17:PersistentLevel.AnimationEditorPreviewActor_0.DebugSkelMeshComponent_0.BS_Spider_C_3
	Function /Game/Animation/BS_Spider.BS_Spider_C:ExecuteUbergraph_BS_Spider:0028
[2026.01.03-21.11.41:933][604]LogScript: Warning: Accessed None trying to read property K2Node_DynamicCast_AsBP_Spider
	BS_Spider_C /Engine/Transient.World_17:PersistentLevel.AnimationEditorPreviewActor_0.DebugSkelMeshComponent_0.BS_Spider_C_3
	Function /Game/Animation/BS_Spider.BS_Spider_C:ExecuteUbergraph_BS_Spider:0028
[2026.01.03-21.11.41:955][605]LogScript: Warning: Accessed None trying to read property K2Node_DynamicCast_AsBP_Spider
	BS_Spider_C /Engine/Transient.World_17:PersistentLevel.AnimationEditorPreviewActor_0.DebugSkelMeshComponent_0.BS_Spider_C_3
	Function /Game/Animation/BS_Spider.BS_Spider_C:ExecuteUbergraph_BS_Spider:0028
[2026.01.03-21.11.41:981][606]LogScript: Warning: Accessed None trying to read property K2Node_DynamicCast_AsBP_Spider
	BS_Spider_C /Engine/Transient.World_17:PersistentLevel.AnimationEditorPreviewActor_0.DebugSkelMeshComponent_0.BS_Spider_C_3
	Function /Game/Animation/BS_Spider.BS_Spider_C:ExecuteUbergraph_BS_Spider:0028
[2026.01.03-21.11.41:995][607]LogScript: Warning: Accessed None trying to read property K2Node_DynamicCast_AsBP_Spider
	BS_Spider_C /Engine/Transient.World_17:PersistentLevel.AnimationEditorPreviewActor_0.DebugSkelMeshComponent_0.BS_Spider_C_3
	Function /Game/Animation/BS_Spider.BS_Spider_C:ExecuteUbergraph_BS_Spider:0028
[2026.01.03-21.11.42:014][608]LogScript: Warning: Accessed None trying to read property K2Node_DynamicCast_AsBP_Spider
	BS_Spider_C /Engine/Transient.World_17:PersistentLevel.AnimationEditorPreviewActor_0.DebugSkelMeshComponent_0.BS_Spider_C_3
	Function /Game/Animation/BS_Spider.BS_Spider_C:ExecuteUbergraph_BS_Spider:0028
[2026.01.03-21.11.42:034][609]LogScript: Warning: Accessed None trying to read property K2Node_DynamicCast_AsBP_Spider
	BS_Spider_C /Engine/Transient.World_17:PersistentLevel.AnimationEditorPreviewActor_0.DebugSkelMeshComponent_0.BS_Spider_C_3
	Function /Game/Animation/BS_Spider.BS_Spider_C:ExecuteUbergraph_BS_Spider:0028
[2026.01.03-21.11.42:051][610]LogScript: Warning: Accessed None trying to read property K2Node_DynamicCast_AsBP_Spider
	BS_Spider_C /Engine/Transient.World_17:PersistentLevel.AnimationEditorPreviewActor_0.DebugSkelMeshComponent_0.BS_Spider_C_3
	Function /Game/Animation/BS_Spider.BS_Spider_C:ExecuteUbergraph_BS_Spider:0028
[2026.01.03-21.11.42:070][611]LogScript: Warning: Accessed None trying to read property K2Node_DynamicCast_AsBP_Spider
	BS_Spider_C /Engine/Transient.World_17:PersistentLevel.AnimationEditorPreviewActor_0.DebugSkelMeshComponent_0.BS_Spider_C_3
	Function /Game/Animation/BS_Spider.BS_Spider_C:ExecuteUbergraph_BS_Spider:0028
[2026.01.03-21.11.42:089][612]LogScript: Warning: Accessed None trying to read property K2Node_DynamicCast_AsBP_Spider
	BS_Spider_C /Engine/Transient.World_17:PersistentLevel.AnimationEditorPreviewActor_0.DebugSkelMeshComponent_0.BS_Spider_C_3
	Function /Game/Animation/BS_Spider.BS_Spider_C:ExecuteUbergraph_BS_Spider:0028
[2026.01.03-21.11.42:110][613]LogScript: Warning: Accessed None trying to read property K2Node_DynamicCast_AsBP_Spider
	BS_Spider_C /Engine/Transient.World_17:PersistentLevel.AnimationEditorPreviewActor_0.DebugSkelMeshComponent_0.BS_Spider_C_3
	Function /Game/Animation/BS_Spider.BS_Spider_C:ExecuteUbergraph_BS_Spider:0028
[2026.01.03-21.12.31:917][104]BlueprintLog: New page: Compile BS_Spider
[2026.01.03-21.12.31:924][104]LogBlueprint: Warning: [AssetLog] C:\Users\Dom\Desktop\unreal\TopDownShooter01\TopDownShooter01\Content\Animation\BS_Spider.uasset: [Compiler] ExoGame_Greater_Spider_Idle to ExoGame_Greater_Spider_Walk_Fwd  will never be taken, please connect something to  Can Enter Transition
[2026.01.03-21.12.31:924][104]LogBlueprint: Warning: [AssetLog] C:\Users\Dom\Desktop\unreal\TopDownShooter01\TopDownShooter01\Content\Animation\BS_Spider.uasset: [Compiler] ExoGame_Greater_Spider_Walk_Fwd to ExoGame_Greater_Spider_Idle  will never be taken, please connect something to  Can Enter Transition
[2026.01.03-21.12.31:969][104]LogScript: Warning: Accessed None trying to read property K2Node_DynamicCast_AsBP_Spider
	BS_Spider_C /Engine/Transient.World_17:PersistentLevel.AnimationEditorPreviewActor_0.DebugSkelMeshComponent_0.BS_Spider_C_4
	Function /Game/Animation/BS_Spider.BS_Spider_C:ExecuteUbergraph_BS_Spider:0028
[2026.01.03-21.12.31:970][104]LogScript: Warning: Accessed None trying to read property K2Node_DynamicCast_AsBP_Spider
	BS_Spider_C /Engine/Transient.World_19:PersistentLevel.SkeletalMeshActor_0.SkeletalMeshComponent0.BS_Spider_C_4
	Function /Game/Animation/BS_Spider.BS_Spider_C:ExecuteUbergraph_BS_Spider:0028
[2026.01.03-21.12.32:036][104]LogUObjectHash: Compacting FUObjectHashTables data took   8.54ms
[2026.01.03-21.12.32:054][104]LogScript: Warning: Accessed None trying to read property K2Node_DynamicCast_AsBP_Spider
	BS_Spider_C /Engine/Transient.World_17:PersistentLevel.AnimationEditorPreviewActor_0.DebugSkelMeshComponent_0.BS_Spider_C_4
	Function /Game/Animation/BS_Spider.BS_Spider_C:ExecuteUbergraph_BS_Spider:0028
[2026.01.03-21.12.32:087][105]LogScript: Warning: Accessed None trying to read property K2Node_DynamicCast_AsBP_Spider
	BS_Spider_C /Engine/Transient.World_17:PersistentLevel.AnimationEditorPreviewActor_0.DebugSkelMeshComponent_0.BS_Spider_C_4
	Function /Game/Animation/BS_Spider.BS_Spider_C:ExecuteUbergraph_BS_Spider:0028
[2026.01.03-21.12.32:235][106]LogScript: Warning: Accessed None trying to read property K2Node_DynamicCast_AsBP_Spider
	BS_Spider_C /Engine/Transient.World_17:PersistentLevel.AnimationEditorPreviewActor_0.DebugSkelMeshComponent_0.BS_Spider_C_4
	Function /Game/Animation/BS_Spider.BS_Spider_C:ExecuteUbergraph_BS_Spider:0028
[2026.01.03-21.12.32:258][107]LogScript: Warning: Accessed None trying to read property K2Node_DynamicCast_AsBP_Spider
	BS_Spider_C /Engine/Transient.World_17:PersistentLevel.AnimationEditorPreviewActor_0.DebugSkelMeshComponent_0.BS_Spider_C_4
	Function /Game/Animation/BS_Spider.BS_Spider_C:ExecuteUbergraph_BS_Spider:0028
[2026.01.03-21.12.32:289][108]LogScript: Warning: Accessed None trying to read property K2Node_DynamicCast_AsBP_Spider
	BS_Spider_C /Engine/Transient.World_17:PersistentLevel.AnimationEditorPreviewActor_0.DebugSkelMeshComponent_0.BS_Spider_C_4
	Function /Game/Animation/BS_Spider.BS_Spider_C:ExecuteUbergraph_BS_Spider:0028
[2026.01.03-21.12.32:322][109]LogScript: Warning: Accessed None trying to read property K2Node_DynamicCast_AsBP_Spider
	BS_Spider_C /Engine/Transient.World_17:PersistentLevel.AnimationEditorPreviewActor_0.DebugSkelMeshComponent_0.BS_Spider_C_4
	Function /Game/Animation/BS_Spider.BS_Spider_C:ExecuteUbergraph_BS_Spider:0028
[2026.01.03-21.12.32:364][110]LogScript: Warning: Accessed None trying to read property K2Node_DynamicCast_AsBP_Spider
	BS_Spider_C /Engine/Transient.World_17:PersistentLevel.AnimationEditorPreviewActor_0.DebugSkelMeshComponent_0.BS_Spider_C_4
	Function /Game/Animation/BS_Spider.BS_Spider_C:ExecuteUbergraph_BS_Spider:0028
[2026.01.03-21.12.32:411][111]LogScript: Warning: Accessed None trying to read property K2Node_DynamicCast_AsBP_Spider
	BS_Spider_C /Engine/Transient.World_17:PersistentLevel.AnimationEditorPreviewActor_0.DebugSkelMeshComponent_0.BS_Spider_C_4
	Function /Game/Animation/BS_Spider.BS_Spider_C:ExecuteUbergraph_BS_Spider:0028
[2026.01.03-21.12.32:420][112]LogScript: Warning: Accessed None trying to read property K2Node_DynamicCast_AsBP_Spider
	BS_Spider_C /Engine/Transient.World_17:PersistentLevel.AnimationEditorPreviewActor_0.DebugSkelMeshComponent_0.BS_Spider_C_4
	Function /Game/Animation/BS_Spider.BS_Spider_C:ExecuteUbergraph_BS_Spider:0028
[2026.01.03-21.12.32:430][113]LogScript: Warning: Accessed None trying to read property K2Node_DynamicCast_AsBP_Spider
	BS_Spider_C /Engine/Transient.World_17:PersistentLevel.AnimationEditorPreviewActor_0.DebugSkelMeshComponent_0.BS_Spider_C_4
	Function /Game/Animation/BS_Spider.BS_Spider_C:ExecuteUbergraph_BS_Spider:0028
[2026.01.03-21.12.32:441][114]LogScript: Warning: Accessed None trying to read property K2Node_DynamicCast_AsBP_Spider
	BS_Spider_C /Engine/Transient.World_17:PersistentLevel.AnimationEditorPreviewActor_0.DebugSkelMeshComponent_0.BS_Spider_C_4
	Function /Game/Animation/BS_Spider.BS_Spider_C:ExecuteUbergraph_BS_Spider:0028
[2026.01.03-21.12.32:457][115]LogScript: Warning: Accessed None trying to read property K2Node_DynamicCast_AsBP_Spider
	BS_Spider_C /Engine/Transient.World_17:PersistentLevel.AnimationEditorPreviewActor_0.DebugSkelMeshComponent_0.BS_Spider_C_4
	Function /Game/Animation/BS_Spider.BS_Spider_C:ExecuteUbergraph_BS_Spider:0028
[2026.01.03-21.12.32:476][116]LogScript: Warning: Accessed None trying to read property K2Node_DynamicCast_AsBP_Spider
	BS_Spider_C /Engine/Transient.World_17:PersistentLevel.AnimationEditorPreviewActor_0.DebugSkelMeshComponent_0.BS_Spider_C_4
	Function /Game/Animation/BS_Spider.BS_Spider_C:ExecuteUbergraph_BS_Spider:0028
[2026.01.03-21.12.32:495][117]LogScript: Warning: Accessed None trying to read property K2Node_DynamicCast_AsBP_Spider
	BS_Spider_C /Engine/Transient.World_17:PersistentLevel.AnimationEditorPreviewActor_0.DebugSkelMeshComponent_0.BS_Spider_C_4
	Function /Game/Animation/BS_Spider.BS_Spider_C:ExecuteUbergraph_BS_Spider:0028
[2026.01.03-21.12.49:660][546]BlueprintLog: New page: Compile BS_Spider
[2026.01.03-21.12.49:667][546]LogBlueprint: Warning: [AssetLog] C:\Users\Dom\Desktop\unreal\TopDownShooter01\TopDownShooter01\Content\Animation\BS_Spider.uasset: [Compiler] ExoGame_Greater_Spider_Idle to ExoGame_Greater_Spider_Walk_Fwd  will never be taken, please connect something to  Can Enter Transition
[2026.01.03-21.12.49:668][546]LogBlueprint: Warning: [AssetLog] C:\Users\Dom\Desktop\unreal\TopDownShooter01\TopDownShooter01\Content\Animation\BS_Spider.uasset: [Compiler] ExoGame_Greater_Spider_Walk_Fwd to ExoGame_Greater_Spider_Idle  will never be taken, please connect something to  Can Enter Transition
[2026.01.03-21.12.49:709][546]LogScript: Warning: Accessed None trying to read property K2Node_DynamicCast_AsBP_Spider
	BS_Spider_C /Engine/Transient.World_19:PersistentLevel.SkeletalMeshActor_0.SkeletalMeshComponent0.BS_Spider_C_5
	Function /Game/Animation/BS_Spider.BS_Spider_C:ExecuteUbergraph_BS_Spider:0028
[2026.01.03-21.12.49:709][546]LogScript: Warning: Accessed None trying to read property K2Node_DynamicCast_AsBP_Spider
	BS_Spider_C /Engine/Transient.World_17:PersistentLevel.AnimationEditorPreviewActor_0.DebugSkelMeshComponent_0.BS_Spider_C_5
	Function /Game/Animation/BS_Spider.BS_Spider_C:ExecuteUbergraph_BS_Spider:0028
[2026.01.03-21.12.49:776][546]LogUObjectHash: Compacting FUObjectHashTables data took   9.07ms
[2026.01.03-21.12.50:010][548]LogScript: Warning: Accessed None trying to read property K2Node_DynamicCast_AsBP_Spider
	BS_Spider_C /Engine/Transient.World_17:PersistentLevel.AnimationEditorPreviewActor_0.DebugSkelMeshComponent_0.BS_Spider_C_5
	Function /Game/Animation/BS_Spider.BS_Spider_C:ExecuteUbergraph_BS_Spider:0028
[2026.01.03-21.12.50:034][549]LogScript: Warning: Accessed None trying to read property K2Node_DynamicCast_AsBP_Spider
	BS_Spider_C /Engine/Transient.World_17:PersistentLevel.AnimationEditorPreviewActor_0.DebugSkelMeshComponent_0.BS_Spider_C_5
	Function /Game/Animation/BS_Spider.BS_Spider_C:ExecuteUbergraph_BS_Spider:0028
[2026.01.03-21.12.50:050][550]LogScript: Warning: Accessed None trying to read property K2Node_DynamicCast_AsBP_Spider
	BS_Spider_C /Engine/Transient.World_17:PersistentLevel.AnimationEditorPreviewActor_0.DebugSkelMeshComponent_0.BS_Spider_C_5
	Function /Game/Animation/BS_Spider.BS_Spider_C:ExecuteUbergraph_BS_Spider:0028
[2026.01.03-21.12.50:072][551]LogScript: Warning: Accessed None trying to read property K2Node_DynamicCast_AsBP_Spider
	BS_Spider_C /Engine/Transient.World_17:PersistentLevel.AnimationEditorPreviewActor_0.DebugSkelMeshComponent_0.BS_Spider_C_5
	Function /Game/Animation/BS_Spider.BS_Spider_C:ExecuteUbergraph_BS_Spider:0028
[2026.01.03-21.12.50:089][552]LogScript: Warning: Accessed None trying to read property K2Node_DynamicCast_AsBP_Spider
	BS_Spider_C /Engine/Transient.World_17:PersistentLevel.AnimationEditorPreviewActor_0.DebugSkelMeshComponent_0.BS_Spider_C_5
	Function /Game/Animation/BS_Spider.BS_Spider_C:ExecuteUbergraph_BS_Spider:0028
[2026.01.03-21.12.50:110][553]LogScript: Warning: Accessed None trying to read property K2Node_DynamicCast_AsBP_Spider
	BS_Spider_C /Engine/Transient.World_17:PersistentLevel.AnimationEditorPreviewActor_0.DebugSkelMeshComponent_0.BS_Spider_C_5
	Function /Game/Animation/BS_Spider.BS_Spider_C:ExecuteUbergraph_BS_Spider:0028
[2026.01.03-21.12.50:147][554]LogScript: Warning: Accessed None trying to read property K2Node_DynamicCast_AsBP_Spider
	BS_Spider_C /Engine/Transient.World_17:PersistentLevel.AnimationEditorPreviewActor_0.DebugSkelMeshComponent_0.BS_Spider_C_5
	Function /Game/Animation/BS_Spider.BS_Spider_C:ExecuteUbergraph_BS_Spider:0028
[2026.01.03-21.12.50:157][555]LogScript: Warning: Accessed None trying to read property K2Node_DynamicCast_AsBP_Spider
	BS_Spider_C /Engine/Transient.World_17:PersistentLevel.AnimationEditorPreviewActor_0.DebugSkelMeshComponent_0.BS_Spider_C_5
	Function /Game/Animation/BS_Spider.BS_Spider_C:ExecuteUbergraph_BS_Spider:0028
[2026.01.03-21.12.50:168][556]LogScript: Warning: Accessed None trying to read property K2Node_DynamicCast_AsBP_Spider
	BS_Spider_C /Engine/Transient.World_17:PersistentLevel.AnimationEditorPreviewActor_0.DebugSkelMeshComponent_0.BS_Spider_C_5
	Function /Game/Animation/BS_Spider.BS_Spider_C:ExecuteUbergraph_BS_Spider:0028
[2026.01.03-21.12.50:179][557]LogScript: Warning: Accessed None trying to read property K2Node_DynamicCast_AsBP_Spider
	BS_Spider_C /Engine/Transient.World_17:PersistentLevel.AnimationEditorPreviewActor_0.DebugSkelMeshComponent_0.BS_Spider_C_5
	Function /Game/Animation/BS_Spider.BS_Spider_C:ExecuteUbergraph_BS_Spider:0028
[2026.01.03-21.12.50:199][558]LogScript: Warning: Accessed None trying to read property K2Node_DynamicCast_AsBP_Spider
	BS_Spider_C /Engine/Transient.World_17:PersistentLevel.AnimationEditorPreviewActor_0.DebugSkelMeshComponent_0.BS_Spider_C_5
	Function /Game/Animation/BS_Spider.BS_Spider_C:ExecuteUbergraph_BS_Spider:0028
[2026.01.03-21.12.50:219][559]LogScript: Warning: Accessed None trying to read property K2Node_DynamicCast_AsBP_Spider
	BS_Spider_C /Engine/Transient.World_17:PersistentLevel.AnimationEditorPreviewActor_0.DebugSkelMeshComponent_0.BS_Spider_C_5
	Function /Game/Animation/BS_Spider.BS_Spider_C:ExecuteUbergraph_BS_Spider:0028
[2026.01.03-21.12.50:237][560]LogScript: Warning: Accessed None trying to read property K2Node_DynamicCast_AsBP_Spider
	BS_Spider_C /Engine/Transient.World_17:PersistentLevel.AnimationEditorPreviewActor_0.DebugSkelMeshComponent_0.BS_Spider_C_5
	Function /Game/Animation/BS_Spider.BS_Spider_C:ExecuteUbergraph_BS_Spider:0028
[2026.01.03-21.12.50:256][561]LogScript: Warning: Accessed None trying to read property K2Node_DynamicCast_AsBP_Spider
	BS_Spider_C /Engine/Transient.World_17:PersistentLevel.AnimationEditorPreviewActor_0.DebugSkelMeshComponent_0.BS_Spider_C_5
	Function /Game/Animation/BS_Spider.BS_Spider_C:ExecuteUbergraph_BS_Spider:0028
[2026.01.03-21.13.13:731][337]BlueprintLog: New page: Compile BS_Spider
[2026.01.03-21.13.13:740][337]LogBlueprint: Warning: [AssetLog] C:\Users\Dom\Desktop\unreal\TopDownShooter01\TopDownShooter01\Content\Animation\BS_Spider.uasset: [Compiler] ExoGame_Greater_Spider_Idle to ExoGame_Greater_Spider_Walk_Fwd  will never be taken, please connect something to  Can Enter Transition
[2026.01.03-21.13.13:740][337]LogBlueprint: Warning: [AssetLog] C:\Users\Dom\Desktop\unreal\TopDownShooter01\TopDownShooter01\Content\Animation\BS_Spider.uasset: [Compiler] ExoGame_Greater_Spider_Walk_Fwd to ExoGame_Greater_Spider_Idle  will never be taken, please connect something to  Can Enter Transition
[2026.01.03-21.13.13:782][337]LogScript: Warning: Accessed None trying to read property K2Node_DynamicCast_AsBP_Spider
	BS_Spider_C /Engine/Transient.World_17:PersistentLevel.AnimationEditorPreviewActor_0.DebugSkelMeshComponent_0.BS_Spider_C_6
	Function /Game/Animation/BS_Spider.BS_Spider_C:ExecuteUbergraph_BS_Spider:0028
[2026.01.03-21.13.13:782][337]LogScript: Warning: Accessed None trying to read property K2Node_DynamicCast_AsBP_Spider
	BS_Spider_C /Engine/Transient.World_19:PersistentLevel.SkeletalMeshActor_0.SkeletalMeshComponent0.BS_Spider_C_6
	Function /Game/Animation/BS_Spider.BS_Spider_C:ExecuteUbergraph_BS_Spider:0028
[2026.01.03-21.13.13:851][337]LogUObjectHash: Compacting FUObjectHashTables data took   9.21ms
[2026.01.03-21.13.13:869][337]LogScript: Warning: Accessed None trying to read property K2Node_DynamicCast_AsBP_Spider
	BS_Spider_C /Engine/Transient.World_17:PersistentLevel.AnimationEditorPreviewActor_0.DebugSkelMeshComponent_0.BS_Spider_C_6
	Function /Game/Animation/BS_Spider.BS_Spider_C:ExecuteUbergraph_BS_Spider:0028
[2026.01.03-21.13.13:915][338]LogScript: Warning: Accessed None trying to read property K2Node_DynamicCast_AsBP_Spider
	BS_Spider_C /Engine/Transient.World_17:PersistentLevel.AnimationEditorPreviewActor_0.DebugSkelMeshComponent_0.BS_Spider_C_6
	Function /Game/Animation/BS_Spider.BS_Spider_C:ExecuteUbergraph_BS_Spider:0028
[2026.01.03-21.13.14:120][339]LogScript: Warning: Accessed None trying to read property K2Node_DynamicCast_AsBP_Spider
	BS_Spider_C /Engine/Transient.World_17:PersistentLevel.AnimationEditorPreviewActor_0.DebugSkelMeshComponent_0.BS_Spider_C_6
	Function /Game/Animation/BS_Spider.BS_Spider_C:ExecuteUbergraph_BS_Spider:0028
[2026.01.03-21.13.14:133][340]LogScript: Warning: Accessed None trying to read property K2Node_DynamicCast_AsBP_Spider
	BS_Spider_C /Engine/Transient.World_17:PersistentLevel.AnimationEditorPreviewActor_0.DebugSkelMeshComponent_0.BS_Spider_C_6
	Function /Game/Animation/BS_Spider.BS_Spider_C:ExecuteUbergraph_BS_Spider:0028
[2026.01.03-21.13.14:147][341]LogScript: Warning: Accessed None trying to read property K2Node_DynamicCast_AsBP_Spider
	BS_Spider_C /Engine/Transient.World_17:PersistentLevel.AnimationEditorPreviewActor_0.DebugSkelMeshComponent_0.BS_Spider_C_6
	Function /Game/Animation/BS_Spider.BS_Spider_C:ExecuteUbergraph_BS_Spider:0028
[2026.01.03-21.13.14:162][342]LogScript: Warning: Accessed None trying to read property K2Node_DynamicCast_AsBP_Spider
	BS_Spider_C /Engine/Transient.World_17:PersistentLevel.AnimationEditorPreviewActor_0.DebugSkelMeshComponent_0.BS_Spider_C_6
	Function /Game/Animation/BS_Spider.BS_Spider_C:ExecuteUbergraph_BS_Spider:0028
[2026.01.03-21.13.14:173][343]LogScript: Warning: Accessed None trying to read property K2Node_DynamicCast_AsBP_Spider
	BS_Spider_C /Engine/Transient.World_17:PersistentLevel.AnimationEditorPreviewActor_0.DebugSkelMeshComponent_0.BS_Spider_C_6
	Function /Game/Animation/BS_Spider.BS_Spider_C:ExecuteUbergraph_BS_Spider:0028
[2026.01.03-21.13.14:193][344]LogScript: Warning: Accessed None trying to read property K2Node_DynamicCast_AsBP_Spider
	BS_Spider_C /Engine/Transient.World_17:PersistentLevel.AnimationEditorPreviewActor_0.DebugSkelMeshComponent_0.BS_Spider_C_6
	Function /Game/Animation/BS_Spider.BS_Spider_C:ExecuteUbergraph_BS_Spider:0028
[2026.01.03-21.13.14:211][345]LogScript: Warning: Accessed None trying to read property K2Node_DynamicCast_AsBP_Spider
	BS_Spider_C /Engine/Transient.World_17:PersistentLevel.AnimationEditorPreviewActor_0.DebugSkelMeshComponent_0.BS_Spider_C_6
	Function /Game/Animation/BS_Spider.BS_Spider_C:ExecuteUbergraph_BS_Spider:0028
[2026.01.03-21.13.14:227][346]LogScript: Warning: Accessed None trying to read property K2Node_DynamicCast_AsBP_Spider
	BS_Spider_C /Engine/Transient.World_17:PersistentLevel.AnimationEditorPreviewActor_0.DebugSkelMeshComponent_0.BS_Spider_C_6
	Function /Game/Animation/BS_Spider.BS_Spider_C:ExecuteUbergraph_BS_Spider:0028
[2026.01.03-21.13.14:246][347]LogScript: Warning: Accessed None trying to read property K2Node_DynamicCast_AsBP_Spider
	BS_Spider_C /Engine/Transient.World_17:PersistentLevel.AnimationEditorPreviewActor_0.DebugSkelMeshComponent_0.BS_Spider_C_6
	Function /Game/Animation/BS_Spider.BS_Spider_C:ExecuteUbergraph_BS_Spider:0028
[2026.01.03-21.13.14:266][348]LogScript: Warning: Accessed None trying to read property K2Node_DynamicCast_AsBP_Spider
	BS_Spider_C /Engine/Transient.World_17:PersistentLevel.AnimationEditorPreviewActor_0.DebugSkelMeshComponent_0.BS_Spider_C_6
	Function /Game/Animation/BS_Spider.BS_Spider_C:ExecuteUbergraph_BS_Spider:0028
[2026.01.03-21.13.14:288][349]LogScript: Warning: Accessed None trying to read property K2Node_DynamicCast_AsBP_Spider
	BS_Spider_C /Engine/Transient.World_17:PersistentLevel.AnimationEditorPreviewActor_0.DebugSkelMeshComponent_0.BS_Spider_C_6
	Function /Game/Animation/BS_Spider.BS_Spider_C:ExecuteUbergraph_BS_Spider:0028
[2026.01.03-21.13.14:308][350]LogScript: Warning: Accessed None trying to read property K2Node_DynamicCast_AsBP_Spider
	BS_Spider_C /Engine/Transient.World_17:PersistentLevel.AnimationEditorPreviewActor_0.DebugSkelMeshComponent_0.BS_Spider_C_6
	Function /Game/Animation/BS_Spider.BS_Spider_C:ExecuteUbergraph_BS_Spider:0028
[2026.01.03-21.15.52:057][119]BlueprintLog: New page: Compile BS_Spider
[2026.01.03-21.15.52:065][119]LogBlueprint: Warning: [AssetLog] C:\Users\Dom\Desktop\unreal\TopDownShooter01\TopDownShooter01\Content\Animation\BS_Spider.uasset: [Compiler] Walk to Idle  will never be taken, please connect something to  Can Enter Transition
[2026.01.03-21.15.52:100][119]LogScript: Warning: Accessed None trying to read property K2Node_DynamicCast_AsBP_Spider
	BS_Spider_C /Engine/Transient.World_19:PersistentLevel.SkeletalMeshActor_0.SkeletalMeshComponent0.BS_Spider_C_7
	Function /Game/Animation/BS_Spider.BS_Spider_C:ExecuteUbergraph_BS_Spider:0028
[2026.01.03-21.15.52:100][119]LogScript: Warning: Accessed None trying to read property K2Node_DynamicCast_AsBP_Spider
	BS_Spider_C /Engine/Transient.World_17:PersistentLevel.AnimationEditorPreviewActor_0.DebugSkelMeshComponent_0.BS_Spider_C_7
	Function /Game/Animation/BS_Spider.BS_Spider_C:ExecuteUbergraph_BS_Spider:0028
[2026.01.03-21.15.52:159][119]LogUObjectHash: Compacting FUObjectHashTables data took   7.97ms
[2026.01.03-21.15.52:178][119]LogScript: Warning: Accessed None trying to read property K2Node_DynamicCast_AsBP_Spider
	BS_Spider_C /Engine/Transient.World_17:PersistentLevel.AnimationEditorPreviewActor_0.DebugSkelMeshComponent_0.BS_Spider_C_7
	Function /Game/Animation/BS_Spider.BS_Spider_C:ExecuteUbergraph_BS_Spider:0028
[2026.01.03-21.15.52:343][120]LogScript: Warning: Accessed None trying to read property K2Node_DynamicCast_AsBP_Spider
	BS_Spider_C /Engine/Transient.World_17:PersistentLevel.AnimationEditorPreviewActor_0.DebugSkelMeshComponent_0.BS_Spider_C_7
	Function /Game/Animation/BS_Spider.BS_Spider_C:ExecuteUbergraph_BS_Spider:0028
[2026.01.03-21.15.52:361][121]LogScript: Warning: Accessed None trying to read property K2Node_DynamicCast_AsBP_Spider
	BS_Spider_C /Engine/Transient.World_17:PersistentLevel.AnimationEditorPreviewActor_0.DebugSkelMeshComponent_0.BS_Spider_C_7
	Function /Game/Animation/BS_Spider.BS_Spider_C:ExecuteUbergraph_BS_Spider:0028
[2026.01.03-21.15.52:377][122]LogScript: Warning: Accessed None trying to read property K2Node_DynamicCast_AsBP_Spider
	BS_Spider_C /Engine/Transient.World_17:PersistentLevel.AnimationEditorPreviewActor_0.DebugSkelMeshComponent_0.BS_Spider_C_7
	Function /Game/Animation/BS_Spider.BS_Spider_C:ExecuteUbergraph_BS_Spider:0028
[2026.01.03-21.15.52:394][123]LogScript: Warning: Accessed None trying to read property K2Node_DynamicCast_AsBP_Spider
	BS_Spider_C /Engine/Transient.World_17:PersistentLevel.AnimationEditorPreviewActor_0.DebugSkelMeshComponent_0.BS_Spider_C_7
	Function /Game/Animation/BS_Spider.BS_Spider_C:ExecuteUbergraph_BS_Spider:0028
[2026.01.03-21.15.52:420][124]LogScript: Warning: Accessed None trying to read property K2Node_DynamicCast_AsBP_Spider
	BS_Spider_C /Engine/Transient.World_17:PersistentLevel.AnimationEditorPreviewActor_0.DebugSkelMeshComponent_0.BS_Spider_C_7
	Function /Game/Animation/BS_Spider.BS_Spider_C:ExecuteUbergraph_BS_Spider:0028
[2026.01.03-21.15.52:438][125]LogScript: Warning: Accessed None trying to read property K2Node_DynamicCast_AsBP_Spider
	BS_Spider_C /Engine/Transient.World_17:PersistentLevel.AnimationEditorPreviewActor_0.DebugSkelMeshComponent_0.BS_Spider_C_7
	Function /Game/Animation/BS_Spider.BS_Spider_C:ExecuteUbergraph_BS_Spider:0028
[2026.01.03-21.15.52:456][126]LogScript: Warning: Accessed None trying to read property K2Node_DynamicCast_AsBP_Spider
	BS_Spider_C /Engine/Transient.World_17:PersistentLevel.AnimationEditorPreviewActor_0.DebugSkelMeshComponent_0.BS_Spider_C_7
	Function /Game/Animation/BS_Spider.BS_Spider_C:ExecuteUbergraph_BS_Spider:0028
[2026.01.03-21.15.52:497][127]LogScript: Warning: Accessed None trying to read property K2Node_DynamicCast_AsBP_Spider
	BS_Spider_C /Engine/Transient.World_17:PersistentLevel.AnimationEditorPreviewActor_0.DebugSkelMeshComponent_0.BS_Spider_C_7
	Function /Game/Animation/BS_Spider.BS_Spider_C:ExecuteUbergraph_BS_Spider:0028
[2026.01.03-21.15.52:512][128]LogScript: Warning: Accessed None trying to read property K2Node_DynamicCast_AsBP_Spider
	BS_Spider_C /Engine/Transient.World_17:PersistentLevel.AnimationEditorPreviewActor_0.DebugSkelMeshComponent_0.BS_Spider_C_7
	Function /Game/Animation/BS_Spider.BS_Spider_C:ExecuteUbergraph_BS_Spider:0028
[2026.01.03-21.15.52:528][129]LogScript: Warning: Accessed None trying to read property K2Node_DynamicCast_AsBP_Spider
	BS_Spider_C /Engine/Transient.World_17:PersistentLevel.AnimationEditorPreviewActor_0.DebugSkelMeshComponent_0.BS_Spider_C_7
	Function /Game/Animation/BS_Spider.BS_Spider_C:ExecuteUbergraph_BS_Spider:0028
[2026.01.03-21.15.52:545][130]LogScript: Warning: Accessed None trying to read property K2Node_DynamicCast_AsBP_Spider
	BS_Spider_C /Engine/Transient.World_17:PersistentLevel.AnimationEditorPreviewActor_0.DebugSkelMeshComponent_0.BS_Spider_C_7
	Function /Game/Animation/BS_Spider.BS_Spider_C:ExecuteUbergraph_BS_Spider:0028
[2026.01.03-21.15.52:562][131]LogScript: Warning: Accessed None trying to read property K2Node_DynamicCast_AsBP_Spider
	BS_Spider_C /Engine/Transient.World_17:PersistentLevel.AnimationEditorPreviewActor_0.DebugSkelMeshComponent_0.BS_Spider_C_7
	Function /Game/Animation/BS_Spider.BS_Spider_C:ExecuteUbergraph_BS_Spider:0028
[2026.01.03-21.15.52:578][132]LogScript: Warning: Accessed None trying to read property K2Node_DynamicCast_AsBP_Spider
	BS_Spider_C /Engine/Transient.World_17:PersistentLevel.AnimationEditorPreviewActor_0.DebugSkelMeshComponent_0.BS_Spider_C_7
	Function /Game/Animation/BS_Spider.BS_Spider_C:ExecuteUbergraph_BS_Spider:0028
[2026.01.03-21.16.16:587][101]BlueprintLog: New page: Compile BS_Spider
[2026.01.03-21.16.16:635][101]LogScript: Warning: Accessed None trying to read property K2Node_DynamicCast_AsBP_Spider
	BS_Spider_C /Engine/Transient.World_17:PersistentLevel.AnimationEditorPreviewActor_0.DebugSkelMeshComponent_0.BS_Spider_C_8
	Function /Game/Animation/BS_Spider.BS_Spider_C:ExecuteUbergraph_BS_Spider:0028
[2026.01.03-21.16.16:635][101]LogScript: Warning: Accessed None trying to read property K2Node_DynamicCast_AsBP_Spider
	BS_Spider_C /Engine/Transient.World_19:PersistentLevel.SkeletalMeshActor_0.SkeletalMeshComponent0.BS_Spider_C_8
	Function /Game/Animation/BS_Spider.BS_Spider_C:ExecuteUbergraph_BS_Spider:0028
[2026.01.03-21.16.16:706][101]LogUObjectHash: Compacting FUObjectHashTables data took  11.78ms
[2026.01.03-21.16.16:726][101]LogScript: Warning: Accessed None trying to read property K2Node_DynamicCast_AsBP_Spider
	BS_Spider_C /Engine/Transient.World_17:PersistentLevel.AnimationEditorPreviewActor_0.DebugSkelMeshComponent_0.BS_Spider_C_8
	Function /Game/Animation/BS_Spider.BS_Spider_C:ExecuteUbergraph_BS_Spider:0028
[2026.01.03-21.16.16:772][102]LogScript: Warning: Accessed None trying to read property K2Node_DynamicCast_AsBP_Spider
	BS_Spider_C /Engine/Transient.World_17:PersistentLevel.AnimationEditorPreviewActor_0.DebugSkelMeshComponent_0.BS_Spider_C_8
	Function /Game/Animation/BS_Spider.BS_Spider_C:ExecuteUbergraph_BS_Spider:0028
[2026.01.03-21.16.16:978][103]LogScript: Warning: Accessed None trying to read property K2Node_DynamicCast_AsBP_Spider
	BS_Spider_C /Engine/Transient.World_17:PersistentLevel.AnimationEditorPreviewActor_0.DebugSkelMeshComponent_0.BS_Spider_C_8
	Function /Game/Animation/BS_Spider.BS_Spider_C:ExecuteUbergraph_BS_Spider:0028
[2026.01.03-21.16.16:992][104]LogScript: Warning: Accessed None trying to read property K2Node_DynamicCast_AsBP_Spider
	BS_Spider_C /Engine/Transient.World_17:PersistentLevel.AnimationEditorPreviewActor_0.DebugSkelMeshComponent_0.BS_Spider_C_8
	Function /Game/Animation/BS_Spider.BS_Spider_C:ExecuteUbergraph_BS_Spider:0028
[2026.01.03-21.16.17:015][105]LogScript: Warning: Accessed None trying to read property K2Node_DynamicCast_AsBP_Spider
	BS_Spider_C /Engine/Transient.World_17:PersistentLevel.AnimationEditorPreviewActor_0.DebugSkelMeshComponent_0.BS_Spider_C_8
	Function /Game/Animation/BS_Spider.BS_Spider_C:ExecuteUbergraph_BS_Spider:0028
[2026.01.03-21.16.17:034][106]LogScript: Warning: Accessed None trying to read property K2Node_DynamicCast_AsBP_Spider
	BS_Spider_C /Engine/Transient.World_17:PersistentLevel.AnimationEditorPreviewActor_0.DebugSkelMeshComponent_0.BS_Spider_C_8
	Function /Game/Animation/BS_Spider.BS_Spider_C:ExecuteUbergraph_BS_Spider:0028
[2026.01.03-21.16.17:060][107]LogScript: Warning: Accessed None trying to read property K2Node_DynamicCast_AsBP_Spider
	BS_Spider_C /Engine/Transient.World_17:PersistentLevel.AnimationEditorPreviewActor_0.DebugSkelMeshComponent_0.BS_Spider_C_8
	Function /Game/Animation/BS_Spider.BS_Spider_C:ExecuteUbergraph_BS_Spider:0028
[2026.01.03-21.16.17:082][108]LogScript: Warning: Accessed None trying to read property K2Node_DynamicCast_AsBP_Spider
	BS_Spider_C /Engine/Transient.World_17:PersistentLevel.AnimationEditorPreviewActor_0.DebugSkelMeshComponent_0.BS_Spider_C_8
	Function /Game/Animation/BS_Spider.BS_Spider_C:ExecuteUbergraph_BS_Spider:0028
[2026.01.03-21.16.17:103][109]LogScript: Warning: Accessed None trying to read property K2Node_DynamicCast_AsBP_Spider
	BS_Spider_C /Engine/Transient.World_17:PersistentLevel.AnimationEditorPreviewActor_0.DebugSkelMeshComponent_0.BS_Spider_C_8
	Function /Game/Animation/BS_Spider.BS_Spider_C:ExecuteUbergraph_BS_Spider:0028
[2026.01.03-21.16.17:121][110]LogScript: Warning: Accessed None trying to read property K2Node_DynamicCast_AsBP_Spider
	BS_Spider_C /Engine/Transient.World_17:PersistentLevel.AnimationEditorPreviewActor_0.DebugSkelMeshComponent_0.BS_Spider_C_8
	Function /Game/Animation/BS_Spider.BS_Spider_C:ExecuteUbergraph_BS_Spider:0028
[2026.01.03-21.16.17:141][111]LogScript: Warning: Accessed None trying to read property K2Node_DynamicCast_AsBP_Spider
	BS_Spider_C /Engine/Transient.World_17:PersistentLevel.AnimationEditorPreviewActor_0.DebugSkelMeshComponent_0.BS_Spider_C_8
	Function /Game/Animation/BS_Spider.BS_Spider_C:ExecuteUbergraph_BS_Spider:0028
[2026.01.03-21.16.17:161][112]LogScript: Warning: Accessed None trying to read property K2Node_DynamicCast_AsBP_Spider
	BS_Spider_C /Engine/Transient.World_17:PersistentLevel.AnimationEditorPreviewActor_0.DebugSkelMeshComponent_0.BS_Spider_C_8
	Function /Game/Animation/BS_Spider.BS_Spider_C:ExecuteUbergraph_BS_Spider:0028
[2026.01.03-21.16.17:181][113]LogScript: Warning: Accessed None trying to read property K2Node_DynamicCast_AsBP_Spider
	BS_Spider_C /Engine/Transient.World_17:PersistentLevel.AnimationEditorPreviewActor_0.DebugSkelMeshComponent_0.BS_Spider_C_8
	Function /Game/Animation/BS_Spider.BS_Spider_C:ExecuteUbergraph_BS_Spider:0028
[2026.01.03-21.16.17:204][114]LogScript: Warning: Accessed None trying to read property K2Node_DynamicCast_AsBP_Spider
	BS_Spider_C /Engine/Transient.World_17:PersistentLevel.AnimationEditorPreviewActor_0.DebugSkelMeshComponent_0.BS_Spider_C_8
	Function /Game/Animation/BS_Spider.BS_Spider_C:ExecuteUbergraph_BS_Spider:0028
[2026.01.03-21.17.02:466][630]BlueprintLog: New page: Compile BS_Spider
[2026.01.03-21.17.02:507][630]LogScript: Warning: Accessed None trying to read property K2Node_DynamicCast_AsBP_Spider
	BS_Spider_C /Engine/Transient.World_19:PersistentLevel.SkeletalMeshActor_0.SkeletalMeshComponent0.BS_Spider_C_9
	Function /Game/Animation/BS_Spider.BS_Spider_C:ExecuteUbergraph_BS_Spider:0028
[2026.01.03-21.17.02:508][630]LogScript: Warning: Accessed None trying to read property K2Node_DynamicCast_AsBP_Spider
	BS_Spider_C /Engine/Transient.World_17:PersistentLevel.AnimationEditorPreviewActor_0.DebugSkelMeshComponent_0.BS_Spider_C_9
	Function /Game/Animation/BS_Spider.BS_Spider_C:ExecuteUbergraph_BS_Spider:0028
[2026.01.03-21.17.02:565][630]LogUObjectHash: Compacting FUObjectHashTables data took   7.70ms
[2026.01.03-21.17.02:724][632]LogScript: Warning: Accessed None trying to read property K2Node_DynamicCast_AsBP_Spider
	BS_Spider_C /Engine/Transient.World_17:PersistentLevel.AnimationEditorPreviewActor_0.DebugSkelMeshComponent_0.BS_Spider_C_9
	Function /Game/Animation/BS_Spider.BS_Spider_C:ExecuteUbergraph_BS_Spider:0028
[2026.01.03-21.17.02:752][633]LogScript: Warning: Accessed None trying to read property K2Node_DynamicCast_AsBP_Spider
	BS_Spider_C /Engine/Transient.World_17:PersistentLevel.AnimationEditorPreviewActor_0.DebugSkelMeshComponent_0.BS_Spider_C_9
	Function /Game/Animation/BS_Spider.BS_Spider_C:ExecuteUbergraph_BS_Spider:0028
[2026.01.03-21.17.02:783][634]LogScript: Warning: Accessed None trying to read property K2Node_DynamicCast_AsBP_Spider
	BS_Spider_C /Engine/Transient.World_17:PersistentLevel.AnimationEditorPreviewActor_0.DebugSkelMeshComponent_0.BS_Spider_C_9
	Function /Game/Animation/BS_Spider.BS_Spider_C:ExecuteUbergraph_BS_Spider:0028
[2026.01.03-21.17.02:803][635]LogScript: Warning: Accessed None trying to read property K2Node_DynamicCast_AsBP_Spider
	BS_Spider_C /Engine/Transient.World_17:PersistentLevel.AnimationEditorPreviewActor_0.DebugSkelMeshComponent_0.BS_Spider_C_9
	Function /Game/Animation/BS_Spider.BS_Spider_C:ExecuteUbergraph_BS_Spider:0028
[2026.01.03-21.17.02:820][636]LogScript: Warning: Accessed None trying to read property K2Node_DynamicCast_AsBP_Spider
	BS_Spider_C /Engine/Transient.World_17:PersistentLevel.AnimationEditorPreviewActor_0.DebugSkelMeshComponent_0.BS_Spider_C_9
	Function /Game/Animation/BS_Spider.BS_Spider_C:ExecuteUbergraph_BS_Spider:0028
[2026.01.03-21.17.02:838][637]LogScript: Warning: Accessed None trying to read property K2Node_DynamicCast_AsBP_Spider
	BS_Spider_C /Engine/Transient.World_17:PersistentLevel.AnimationEditorPreviewActor_0.DebugSkelMeshComponent_0.BS_Spider_C_9
	Function /Game/Animation/BS_Spider.BS_Spider_C:ExecuteUbergraph_BS_Spider:0028
[2026.01.03-21.17.02:856][638]LogScript: Warning: Accessed None trying to read property K2Node_DynamicCast_AsBP_Spider
	BS_Spider_C /Engine/Transient.World_17:PersistentLevel.AnimationEditorPreviewActor_0.DebugSkelMeshComponent_0.BS_Spider_C_9
	Function /Game/Animation/BS_Spider.BS_Spider_C:ExecuteUbergraph_BS_Spider:0028
[2026.01.03-21.17.02:874][639]LogScript: Warning: Accessed None trying to read property K2Node_DynamicCast_AsBP_Spider
	BS_Spider_C /Engine/Transient.World_17:PersistentLevel.AnimationEditorPreviewActor_0.DebugSkelMeshComponent_0.BS_Spider_C_9
	Function /Game/Animation/BS_Spider.BS_Spider_C:ExecuteUbergraph_BS_Spider:0028
[2026.01.03-21.17.02:890][640]LogScript: Warning: Accessed None trying to read property K2Node_DynamicCast_AsBP_Spider
	BS_Spider_C /Engine/Transient.World_17:PersistentLevel.AnimationEditorPreviewActor_0.DebugSkelMeshComponent_0.BS_Spider_C_9
	Function /Game/Animation/BS_Spider.BS_Spider_C:ExecuteUbergraph_BS_Spider:0028
[2026.01.03-21.17.02:912][641]LogScript: Warning: Accessed None trying to read property K2Node_DynamicCast_AsBP_Spider
	BS_Spider_C /Engine/Transient.World_17:PersistentLevel.AnimationEditorPreviewActor_0.DebugSkelMeshComponent_0.BS_Spider_C_9
	Function /Game/Animation/BS_Spider.BS_Spider_C:ExecuteUbergraph_BS_Spider:0028
[2026.01.03-21.17.02:928][642]LogScript: Warning: Accessed None trying to read property K2Node_DynamicCast_AsBP_Spider
	BS_Spider_C /Engine/Transient.World_17:PersistentLevel.AnimationEditorPreviewActor_0.DebugSkelMeshComponent_0.BS_Spider_C_9
	Function /Game/Animation/BS_Spider.BS_Spider_C:ExecuteUbergraph_BS_Spider:0028
[2026.01.03-21.17.02:948][643]LogScript: Warning: Accessed None trying to read property K2Node_DynamicCast_AsBP_Spider
	BS_Spider_C /Engine/Transient.World_17:PersistentLevel.AnimationEditorPreviewActor_0.DebugSkelMeshComponent_0.BS_Spider_C_9
	Function /Game/Animation/BS_Spider.BS_Spider_C:ExecuteUbergraph_BS_Spider:0028
[2026.01.03-21.17.02:964][644]LogScript: Warning: Accessed None trying to read property K2Node_DynamicCast_AsBP_Spider
	BS_Spider_C /Engine/Transient.World_17:PersistentLevel.AnimationEditorPreviewActor_0.DebugSkelMeshComponent_0.BS_Spider_C_9
	Function /Game/Animation/BS_Spider.BS_Spider_C:ExecuteUbergraph_BS_Spider:0028
[2026.01.03-21.17.02:982][645]LogScript: Warning: Accessed None trying to read property K2Node_DynamicCast_AsBP_Spider
	BS_Spider_C /Engine/Transient.World_17:PersistentLevel.AnimationEditorPreviewActor_0.DebugSkelMeshComponent_0.BS_Spider_C_9
	Function /Game/Animation/BS_Spider.BS_Spider_C:ExecuteUbergraph_BS_Spider:0028
[2026.01.03-21.17.08:763][831]LogTemp: Repeating last play command: Selected Viewport
[2026.01.03-21.17.08:782][831]LogPlayLevel: PlayLevel: No blueprints needed recompiling
[2026.01.03-21.17.08:782][831]PIE: New page: PIE session: shooter (3 sty 2026, 23:17:08)
[2026.01.03-21.17.08:782][831]LogPlayLevel: Creating play world package: /Game/UEDPIE_0_shooter
[2026.01.03-21.17.08:790][831]LogPlayLevel: PIE: StaticDuplicateObject took: (0.007608s)
[2026.01.03-21.17.08:792][831]LogAIModule: Creating AISystem for world shooter
[2026.01.03-21.17.08:792][831]LogPlayLevel: PIE: World Init took: (0.002038s)
[2026.01.03-21.17.08:792][831]LogPlayLevel: PIE: Created PIE world by copying editor world from /Game/shooter.shooter to /Game/UEDPIE_0_shooter.shooter (0.009932s)
[2026.01.03-21.17.08:854][831]LogUObjectHash: Compacting FUObjectHashTables data took   7.94ms
[2026.01.03-21.17.08:857][831]LogAudio: Display: Creating Audio Device:                 Id: 12, Scope: Unique, Realtime: True
[2026.01.03-21.17.08:858][831]LogAudioMixer: Display: Audio Mixer Platform Settings:
[2026.01.03-21.17.08:858][831]LogAudioMixer: Display: 	Sample Rate:						  48000
[2026.01.03-21.17.08:858][831]LogAudioMixer: Display: 	Callback Buffer Frame Size Requested: 1024
[2026.01.03-21.17.08:858][831]LogAudioMixer: Display: 	Callback Buffer Frame Size To Use:	  1024
[2026.01.03-21.17.08:858][831]LogAudioMixer: Display: 	Number of buffers to queue:			  2
[2026.01.03-21.17.08:858][831]LogAudioMixer: Display: 	Max Channels (voices):				  32
[2026.01.03-21.17.08:858][831]LogAudioMixer: Display: 	Number of Async Source Workers:		  0
[2026.01.03-21.17.08:858][831]LogAudio: Display: AudioDevice MaxSources: 32
[2026.01.03-21.17.08:859][831]LogAudio: Display: Audio Spatialization Plugin: None (built-in).
[2026.01.03-21.17.08:859][831]LogAudio: Display: Audio Reverb Plugin: None (built-in).
[2026.01.03-21.17.08:859][831]LogAudio: Display: Audio Occlusion Plugin: None (built-in).
[2026.01.03-21.17.08:859][831]LogAudioMixer: Display: Initializing audio mixer.
[2026.01.03-21.17.08:869][831]LogAudioMixer: Display: 0: FrontLeft
[2026.01.03-21.17.08:869][831]LogAudioMixer: Display: 1: FrontRight
[2026.01.03-21.17.08:918][831]LogAudioMixer: Display: Using Audio Device Headphones (Tonsil R35BT)
[2026.01.03-21.17.08:918][831]LogAudioMixer: Display: Initializing Sound Submixes...
[2026.01.03-21.17.08:918][831]LogAudioMixer: Display: Creating Master Submix 'MasterSubmixDefault'
[2026.01.03-21.17.08:919][831]LogAudioMixer: Display: Creating Master Submix 'MasterReverbSubmixDefault'
[2026.01.03-21.17.08:919][831]LogAudioMixer: Display: Creating Master Submix 'MasterEQSubmixDefault'
[2026.01.03-21.17.08:919][831]LogAudioMixer: FMixerPlatformXAudio2::StartAudioStream() called
[2026.01.03-21.17.08:919][831]LogAudioMixer: Display: Output buffers initialized: Frames=1024, Channels=2, Samples=2048
[2026.01.03-21.17.08:921][831]LogAudioMixer: Display: Starting AudioMixerPlatformInterface::RunInternal()
[2026.01.03-21.17.08:921][831]LogAudioMixer: Display: FMixerPlatformXAudio2::SubmitBuffer() called for the first time
[2026.01.03-21.17.08:921][831]LogInit: FAudioDevice initialized.
[2026.01.03-21.17.08:921][831]LogAudio: Display: Audio Device (ID: 12) registered with world 'shooter'.
[2026.01.03-21.17.08:935][831]LogLoad: Game class is 'gamemode_C'
[2026.01.03-21.17.08:937][831]LogScript: Warning: Accessed None trying to read property K2Node_DynamicCast_AsBP_Spider
	BS_Spider_C /Game/UEDPIE_0_shooter.shooter:PersistentLevel.spider1_2.CharacterMesh0.BS_Spider_C_0
	Function /Game/Animation/BS_Spider.BS_Spider_C:ExecuteUbergraph_BS_Spider:0028
[2026.01.03-21.17.08:937][831]PIE: Error: Blueprint Runtime Error: "Accessed None trying to read property K2Node_DynamicCast_AsBP_Spider". Blueprint:  BS_Spider Function:  Execute Ubergraph BS Spider Graph:  EventGraph Node:  Set is walk
[2026.01.03-21.17.08:938][831]LogScript: Warning: Accessed None trying to read property K2Node_DynamicCast_AsBP_Spider
	BS_Spider_C /Game/UEDPIE_0_shooter.shooter:PersistentLevel.spider2_2.CharacterMesh0.BS_Spider_C_0
	Function /Game/Animation/BS_Spider.BS_Spider_C:ExecuteUbergraph_BS_Spider:0028
[2026.01.03-21.17.08:938][831]PIE: Error: Blueprint Runtime Error: "Accessed None trying to read property K2Node_DynamicCast_AsBP_Spider". Blueprint:  BS_Spider Function:  Execute Ubergraph BS Spider Graph:  EventGraph Node:  Set is walk
[2026.01.03-21.17.08:938][831]LogWorld: Bringing World /Game/UEDPIE_0_shooter.shooter up for play (max tick rate 60) at 2026.01.03-22.17.08
[2026.01.03-21.17.08:939][831]LogWorld: Bringing up level for play took: 0.002943
[2026.01.03-21.17.08:939][831]LogOnline: OSS: Creating online subsystem instance for: :Context_31
[2026.01.03-21.17.08:945][831]PIE: Server logged in
[2026.01.03-21.17.08:947][831]PIE: Play in editor total start time 0,172 seconds.
[2026.01.03-21.17.17:277][114]LogSlate: Updating window title bar state: overlay mode, drag disabled, window buttons hidden, title bar hidden
[2026.01.03-21.17.17:277][114]LogWorld: BeginTearingDown for /Game/UEDPIE_0_shooter
[2026.01.03-21.17.17:277][114]LogWorld: UWorld::CleanupWorld for shooter, bSessionEnded=true, bCleanupResources=true
[2026.01.03-21.17.17:279][114]LogSlate: InvalidateAllWidgets triggered.  All widgets were invalidated
[2026.01.03-21.17.17:294][114]LogPlayLevel: Display: Shutting down PIE online subsystems
[2026.01.03-21.17.17:378][114]LogSlate: InvalidateAllWidgets triggered.  All widgets were invalidated
[2026.01.03-21.17.17:438][114]LogAudio: Display: Audio Device unregistered from world 'None'.
[2026.01.03-21.17.17:438][114]LogAudioMixer: FMixerPlatformXAudio2::StopAudioStream() called
[2026.01.03-21.17.17:440][114]LogAudioMixer: FMixerPlatformXAudio2::StopAudioStream() called
[2026.01.03-21.17.17:441][114]LogSlate: Updating window title bar state: overlay mode, drag disabled, window buttons hidden, title bar hidden
[2026.01.03-21.17.17:451][114]LogUObjectHash: Compacting FUObjectHashTables data took   6.49ms
[2026.01.03-21.17.17:631][115]LogPlayLevel: Display: Destroying online subsystem :Context_31
[2026.01.03-21.17.24:546][312]LogSlate: Window 'Message Log' being destroyed
[2026.01.03-21.17.24:617][312]LogSlate: Window 'Message Log' being destroyed
[2026.01.03-21.17.26:691][372]Cmd: OBJ SAVEPACKAGE PACKAGE="/Game/shooter" FILE="../../../../../../Users/Dom/Desktop/unreal/TopDownShooter01/TopDownShooter01/Content/shooter.umap" SILENT=true AUTOSAVING=false KEEPDIRTY=false
[2026.01.03-21.17.26:757][372]LogUObjectHash: Compacting FUObjectHashTables data took   7.40ms
[2026.01.03-21.17.26:786][372]LogSavePackage: Moving '../../../../../../Users/Dom/Desktop/unreal/TopDownShooter01/TopDownShooter01/Saved/shooterFA09C5D64BE9BC1D05C59883A6356B49.tmp' to '../../../../../../Users/Dom/Desktop/unreal/TopDownShooter01/TopDownShooter01/Content/shooter.umap'
[2026.01.03-21.17.26:801][372]Cmd: OBJ SAVEPACKAGE PACKAGE="/Game/shooter_BuiltData" FILE="../../../../../../Users/Dom/Desktop/unreal/TopDownShooter01/TopDownShooter01/Content/shooter_BuiltData.uasset" SILENT=true
[2026.01.03-21.17.26:831][372]LogSavePackage: Moving '../../../../../../Users/Dom/Desktop/unreal/TopDownShooter01/TopDownShooter01/Saved/shooter_BuiltData976A9B5B457049EA9A0271B50A0D3252.tmp' to '../../../../../../Users/Dom/Desktop/unreal/TopDownShooter01/TopDownShooter01/Content/shooter_BuiltData.uasset'
[2026.01.03-21.17.26:860][372]AssetCheck: New page: Asset Save: multiple assets
[2026.01.03-21.17.26:860][372]LogContentValidation: Display: Validating MapBuildDataRegistry /Game/shooter_BuiltData.shooter_BuiltData
[2026.01.03-21.17.26:861][372]LogContentValidation: Display: Validating World /Game/shooter.shooter
[2026.01.03-21.19.49:739][675]Cmd: TRANSACTION UNDO
[2026.01.03-21.19.49:739][675]LogEditorTransaction: Undo Add New Function
[2026.01.03-21.19.49:931][675]LogActorComponent: RegisterComponentWithWorld: (/Engine/Transient.World_17:PersistentLevel.AnimationEditorPreviewActor_0.DebugSkelMeshComponent_0) Already registered. Aborting.
[2026.01.03-21.19.50:473][689]Cmd: TRANSACTION UNDO
[2026.01.03-21.19.50:473][689]LogEditorTransaction: Undo Rename Function
[2026.01.03-21.19.50:627][689]LogActorComponent: RegisterComponentWithWorld: (/Engine/Transient.World_17:PersistentLevel.AnimationEditorPreviewActor_0.DebugSkelMeshComponent_0) Already registered. Aborting.
[2026.01.03-21.20.29:161][506]BlueprintLog: New page: Compile BS_Spider
[2026.01.03-21.20.29:219][506]LogScript: Warning: Accessed None trying to read property K2Node_DynamicCast_AsBP_Spider
	BS_Spider_C /Engine/Transient.World_17:PersistentLevel.AnimationEditorPreviewActor_0.DebugSkelMeshComponent_0.BS_Spider_C_10
	Function /Game/Animation/BS_Spider.BS_Spider_C:ExecuteUbergraph_BS_Spider:0028
[2026.01.03-21.20.29:219][506]LogScript: Warning: Accessed None trying to read property K2Node_DynamicCast_AsBP_Spider
	BS_Spider_C /Engine/Transient.World_19:PersistentLevel.SkeletalMeshActor_0.SkeletalMeshComponent0.BS_Spider_C_10
	Function /Game/Animation/BS_Spider.BS_Spider_C:ExecuteUbergraph_BS_Spider:0028
[2026.01.03-21.20.29:286][506]LogUObjectHash: Compacting FUObjectHashTables data took   8.61ms
[2026.01.03-21.20.29:297][506]LogScript: Warning: Accessed None trying to read property K2Node_DynamicCast_AsBP_Spider
	BS_Spider_C /Engine/Transient.World_17:PersistentLevel.AnimationEditorPreviewActor_0.DebugSkelMeshComponent_0.BS_Spider_C_10
	Function /Game/Animation/BS_Spider.BS_Spider_C:ExecuteUbergraph_BS_Spider:0028
[2026.01.03-21.20.29:325][507]LogScript: Warning: Accessed None trying to read property K2Node_DynamicCast_AsBP_Spider
	BS_Spider_C /Engine/Transient.World_17:PersistentLevel.AnimationEditorPreviewActor_0.DebugSkelMeshComponent_0.BS_Spider_C_10
	Function /Game/Animation/BS_Spider.BS_Spider_C:ExecuteUbergraph_BS_Spider:0028
[2026.01.03-21.20.29:530][508]LogScript: Warning: Accessed None trying to read property K2Node_DynamicCast_AsBP_Spider
	BS_Spider_C /Engine/Transient.World_17:PersistentLevel.AnimationEditorPreviewActor_0.DebugSkelMeshComponent_0.BS_Spider_C_10
	Function /Game/Animation/BS_Spider.BS_Spider_C:ExecuteUbergraph_BS_Spider:0028
[2026.01.03-21.20.29:573][509]LogScript: Warning: Accessed None trying to read property K2Node_DynamicCast_AsBP_Spider
	BS_Spider_C /Engine/Transient.World_17:PersistentLevel.AnimationEditorPreviewActor_0.DebugSkelMeshComponent_0.BS_Spider_C_10
	Function /Game/Animation/BS_Spider.BS_Spider_C:ExecuteUbergraph_BS_Spider:0028
[2026.01.03-21.20.29:587][510]LogScript: Warning: Accessed None trying to read property K2Node_DynamicCast_AsBP_Spider
	BS_Spider_C /Engine/Transient.World_17:PersistentLevel.AnimationEditorPreviewActor_0.DebugSkelMeshComponent_0.BS_Spider_C_10
	Function /Game/Animation/BS_Spider.BS_Spider_C:ExecuteUbergraph_BS_Spider:0028
[2026.01.03-21.20.29:603][511]LogScript: Warning: Accessed None trying to read property K2Node_DynamicCast_AsBP_Spider
	BS_Spider_C /Engine/Transient.World_17:PersistentLevel.AnimationEditorPreviewActor_0.DebugSkelMeshComponent_0.BS_Spider_C_10
	Function /Game/Animation/BS_Spider.BS_Spider_C:ExecuteUbergraph_BS_Spider:0028
[2026.01.03-21.20.29:620][512]LogScript: Warning: Accessed None trying to read property K2Node_DynamicCast_AsBP_Spider
	BS_Spider_C /Engine/Transient.World_17:PersistentLevel.AnimationEditorPreviewActor_0.DebugSkelMeshComponent_0.BS_Spider_C_10
	Function /Game/Animation/BS_Spider.BS_Spider_C:ExecuteUbergraph_BS_Spider:0028
[2026.01.03-21.20.29:637][513]LogScript: Warning: Accessed None trying to read property K2Node_DynamicCast_AsBP_Spider
	BS_Spider_C /Engine/Transient.World_17:PersistentLevel.AnimationEditorPreviewActor_0.DebugSkelMeshComponent_0.BS_Spider_C_10
	Function /Game/Animation/BS_Spider.BS_Spider_C:ExecuteUbergraph_BS_Spider:0028
[2026.01.03-21.20.29:653][514]LogScript: Warning: Accessed None trying to read property K2Node_DynamicCast_AsBP_Spider
	BS_Spider_C /Engine/Transient.World_17:PersistentLevel.AnimationEditorPreviewActor_0.DebugSkelMeshComponent_0.BS_Spider_C_10
	Function /Game/Animation/BS_Spider.BS_Spider_C:ExecuteUbergraph_BS_Spider:0028
[2026.01.03-21.20.29:670][515]LogScript: Warning: Accessed None trying to read property K2Node_DynamicCast_AsBP_Spider
	BS_Spider_C /Engine/Transient.World_17:PersistentLevel.AnimationEditorPreviewActor_0.DebugSkelMeshComponent_0.BS_Spider_C_10
	Function /Game/Animation/BS_Spider.BS_Spider_C:ExecuteUbergraph_BS_Spider:0028
[2026.01.03-21.20.29:688][516]LogScript: Warning: Accessed None trying to read property K2Node_DynamicCast_AsBP_Spider
	BS_Spider_C /Engine/Transient.World_17:PersistentLevel.AnimationEditorPreviewActor_0.DebugSkelMeshComponent_0.BS_Spider_C_10
	Function /Game/Animation/BS_Spider.BS_Spider_C:ExecuteUbergraph_BS_Spider:0028
[2026.01.03-21.20.29:704][517]LogScript: Warning: Accessed None trying to read property K2Node_DynamicCast_AsBP_Spider
	BS_Spider_C /Engine/Transient.World_17:PersistentLevel.AnimationEditorPreviewActor_0.DebugSkelMeshComponent_0.BS_Spider_C_10
	Function /Game/Animation/BS_Spider.BS_Spider_C:ExecuteUbergraph_BS_Spider:0028
[2026.01.03-21.20.29:721][518]LogScript: Warning: Accessed None trying to read property K2Node_DynamicCast_AsBP_Spider
	BS_Spider_C /Engine/Transient.World_17:PersistentLevel.AnimationEditorPreviewActor_0.DebugSkelMeshComponent_0.BS_Spider_C_10
	Function /Game/Animation/BS_Spider.BS_Spider_C:ExecuteUbergraph_BS_Spider:0028
[2026.01.03-21.20.29:738][519]LogScript: Warning: Accessed None trying to read property K2Node_DynamicCast_AsBP_Spider
	BS_Spider_C /Engine/Transient.World_17:PersistentLevel.AnimationEditorPreviewActor_0.DebugSkelMeshComponent_0.BS_Spider_C_10
	Function /Game/Animation/BS_Spider.BS_Spider_C:ExecuteUbergraph_BS_Spider:0028
[2026.01.03-21.21.05:513][155]BlueprintLog: New page: Compile BS_Spider
[2026.01.03-21.21.05:564][155]LogScript: Warning: Accessed None trying to read property K2Node_DynamicCast_AsBP_Spider
	BS_Spider_C /Engine/Transient.World_19:PersistentLevel.SkeletalMeshActor_0.SkeletalMeshComponent0.BS_Spider_C_11
	Function /Game/Animation/BS_Spider.BS_Spider_C:ExecuteUbergraph_BS_Spider:0028
[2026.01.03-21.21.05:564][155]LogScript: Warning: Accessed None trying to read property K2Node_DynamicCast_AsBP_Spider
	BS_Spider_C /Engine/Transient.World_17:PersistentLevel.AnimationEditorPreviewActor_0.DebugSkelMeshComponent_0.BS_Spider_C_11
	Function /Game/Animation/BS_Spider.BS_Spider_C:ExecuteUbergraph_BS_Spider:0028
[2026.01.03-21.21.05:631][155]LogUObjectHash: Compacting FUObjectHashTables data took   8.71ms
[2026.01.03-21.21.05:644][155]LogScript: Warning: Accessed None trying to read property K2Node_DynamicCast_AsBP_Spider
	BS_Spider_C /Engine/Transient.World_17:PersistentLevel.AnimationEditorPreviewActor_0.DebugSkelMeshComponent_0.BS_Spider_C_11
	Function /Game/Animation/BS_Spider.BS_Spider_C:ExecuteUbergraph_BS_Spider:0028
[2026.01.03-21.21.05:872][156]LogScript: Warning: Accessed None trying to read property K2Node_DynamicCast_AsBP_Spider
	BS_Spider_C /Engine/Transient.World_17:PersistentLevel.AnimationEditorPreviewActor_0.DebugSkelMeshComponent_0.BS_Spider_C_11
	Function /Game/Animation/BS_Spider.BS_Spider_C:ExecuteUbergraph_BS_Spider:0028
[2026.01.03-21.21.05:907][157]LogScript: Warning: Accessed None trying to read property K2Node_DynamicCast_AsBP_Spider
	BS_Spider_C /Engine/Transient.World_17:PersistentLevel.AnimationEditorPreviewActor_0.DebugSkelMeshComponent_0.BS_Spider_C_11
	Function /Game/Animation/BS_Spider.BS_Spider_C:ExecuteUbergraph_BS_Spider:0028
[2026.01.03-21.21.05:924][158]LogScript: Warning: Accessed None trying to read property K2Node_DynamicCast_AsBP_Spider
	BS_Spider_C /Engine/Transient.World_17:PersistentLevel.AnimationEditorPreviewActor_0.DebugSkelMeshComponent_0.BS_Spider_C_11
	Function /Game/Animation/BS_Spider.BS_Spider_C:ExecuteUbergraph_BS_Spider:0028
[2026.01.03-21.21.05:939][159]LogScript: Warning: Accessed None trying to read property K2Node_DynamicCast_AsBP_Spider
	BS_Spider_C /Engine/Transient.World_17:PersistentLevel.AnimationEditorPreviewActor_0.DebugSkelMeshComponent_0.BS_Spider_C_11
	Function /Game/Animation/BS_Spider.BS_Spider_C:ExecuteUbergraph_BS_Spider:0028
[2026.01.03-21.21.05:956][160]LogScript: Warning: Accessed None trying to read property K2Node_DynamicCast_AsBP_Spider
	BS_Spider_C /Engine/Transient.World_17:PersistentLevel.AnimationEditorPreviewActor_0.DebugSkelMeshComponent_0.BS_Spider_C_11
	Function /Game/Animation/BS_Spider.BS_Spider_C:ExecuteUbergraph_BS_Spider:0028
[2026.01.03-21.21.05:973][161]LogScript: Warning: Accessed None trying to read property K2Node_DynamicCast_AsBP_Spider
	BS_Spider_C /Engine/Transient.World_17:PersistentLevel.AnimationEditorPreviewActor_0.DebugSkelMeshComponent_0.BS_Spider_C_11
	Function /Game/Animation/BS_Spider.BS_Spider_C:ExecuteUbergraph_BS_Spider:0028
[2026.01.03-21.21.05:989][162]LogScript: Warning: Accessed None trying to read property K2Node_DynamicCast_AsBP_Spider
	BS_Spider_C /Engine/Transient.World_17:PersistentLevel.AnimationEditorPreviewActor_0.DebugSkelMeshComponent_0.BS_Spider_C_11
	Function /Game/Animation/BS_Spider.BS_Spider_C:ExecuteUbergraph_BS_Spider:0028
[2026.01.03-21.21.06:006][163]LogScript: Warning: Accessed None trying to read property K2Node_DynamicCast_AsBP_Spider
	BS_Spider_C /Engine/Transient.World_17:PersistentLevel.AnimationEditorPreviewActor_0.DebugSkelMeshComponent_0.BS_Spider_C_11
	Function /Game/Animation/BS_Spider.BS_Spider_C:ExecuteUbergraph_BS_Spider:0028
[2026.01.03-21.21.06:023][164]LogScript: Warning: Accessed None trying to read property K2Node_DynamicCast_AsBP_Spider
	BS_Spider_C /Engine/Transient.World_17:PersistentLevel.AnimationEditorPreviewActor_0.DebugSkelMeshComponent_0.BS_Spider_C_11
	Function /Game/Animation/BS_Spider.BS_Spider_C:ExecuteUbergraph_BS_Spider:0028
[2026.01.03-21.21.06:043][165]LogScript: Warning: Accessed None trying to read property K2Node_DynamicCast_AsBP_Spider
	BS_Spider_C /Engine/Transient.World_17:PersistentLevel.AnimationEditorPreviewActor_0.DebugSkelMeshComponent_0.BS_Spider_C_11
	Function /Game/Animation/BS_Spider.BS_Spider_C:ExecuteUbergraph_BS_Spider:0028
[2026.01.03-21.21.06:060][166]LogScript: Warning: Accessed None trying to read property K2Node_DynamicCast_AsBP_Spider
	BS_Spider_C /Engine/Transient.World_17:PersistentLevel.AnimationEditorPreviewActor_0.DebugSkelMeshComponent_0.BS_Spider_C_11
	Function /Game/Animation/BS_Spider.BS_Spider_C:ExecuteUbergraph_BS_Spider:0028
[2026.01.03-21.21.06:079][167]LogScript: Warning: Accessed None trying to read property K2Node_DynamicCast_AsBP_Spider
	BS_Spider_C /Engine/Transient.World_17:PersistentLevel.AnimationEditorPreviewActor_0.DebugSkelMeshComponent_0.BS_Spider_C_11
	Function /Game/Animation/BS_Spider.BS_Spider_C:ExecuteUbergraph_BS_Spider:0028
[2026.01.03-21.21.06:099][168]LogScript: Warning: Accessed None trying to read property K2Node_DynamicCast_AsBP_Spider
	BS_Spider_C /Engine/Transient.World_17:PersistentLevel.AnimationEditorPreviewActor_0.DebugSkelMeshComponent_0.BS_Spider_C_11
	Function /Game/Animation/BS_Spider.BS_Spider_C:ExecuteUbergraph_BS_Spider:0028
[2026.01.03-21.24.33:266][220]BlueprintLog: New page: Compile BS_Spider
[2026.01.03-21.24.33:322][220]LogScript: Warning: Accessed None trying to read property K2Node_DynamicCast_AsBP_Spider
	BS_Spider_C /Engine/Transient.World_17:PersistentLevel.AnimationEditorPreviewActor_0.DebugSkelMeshComponent_0.BS_Spider_C_12
	Function /Game/Animation/BS_Spider.BS_Spider_C:ExecuteUbergraph_BS_Spider:0028
[2026.01.03-21.24.33:322][220]LogScript: Warning: Accessed None trying to read property K2Node_DynamicCast_AsBP_Spider
	BS_Spider_C /Engine/Transient.World_19:PersistentLevel.SkeletalMeshActor_0.SkeletalMeshComponent0.BS_Spider_C_12
	Function /Game/Animation/BS_Spider.BS_Spider_C:ExecuteUbergraph_BS_Spider:0028
[2026.01.03-21.24.33:392][220]LogUObjectHash: Compacting FUObjectHashTables data took   9.52ms
[2026.01.03-21.24.33:408][220]LogScript: Warning: Accessed None trying to read property K2Node_DynamicCast_AsBP_Spider
	BS_Spider_C /Engine/Transient.World_17:PersistentLevel.AnimationEditorPreviewActor_0.DebugSkelMeshComponent_0.BS_Spider_C_12
	Function /Game/Animation/BS_Spider.BS_Spider_C:ExecuteUbergraph_BS_Spider:0028
[2026.01.03-21.24.33:463][221]LogScript: Warning: Accessed None trying to read property K2Node_DynamicCast_AsBP_Spider
	BS_Spider_C /Engine/Transient.World_17:PersistentLevel.AnimationEditorPreviewActor_0.DebugSkelMeshComponent_0.BS_Spider_C_12
	Function /Game/Animation/BS_Spider.BS_Spider_C:ExecuteUbergraph_BS_Spider:0028
[2026.01.03-21.24.33:595][222]LogScript: Warning: Accessed None trying to read property K2Node_DynamicCast_AsBP_Spider
	BS_Spider_C /Engine/Transient.World_17:PersistentLevel.AnimationEditorPreviewActor_0.DebugSkelMeshComponent_0.BS_Spider_C_12
	Function /Game/Animation/BS_Spider.BS_Spider_C:ExecuteUbergraph_BS_Spider:0028
[2026.01.03-21.24.33:616][223]LogScript: Warning: Accessed None trying to read property K2Node_DynamicCast_AsBP_Spider
	BS_Spider_C /Engine/Transient.World_17:PersistentLevel.AnimationEditorPreviewActor_0.DebugSkelMeshComponent_0.BS_Spider_C_12
	Function /Game/Animation/BS_Spider.BS_Spider_C:ExecuteUbergraph_BS_Spider:0028
[2026.01.03-21.24.33:647][224]LogScript: Warning: Accessed None trying to read property K2Node_DynamicCast_AsBP_Spider
	BS_Spider_C /Engine/Transient.World_17:PersistentLevel.AnimationEditorPreviewActor_0.DebugSkelMeshComponent_0.BS_Spider_C_12
	Function /Game/Animation/BS_Spider.BS_Spider_C:ExecuteUbergraph_BS_Spider:0028
[2026.01.03-21.24.33:674][225]LogScript: Warning: Accessed None trying to read property K2Node_DynamicCast_AsBP_Spider
	BS_Spider_C /Engine/Transient.World_17:PersistentLevel.AnimationEditorPreviewActor_0.DebugSkelMeshComponent_0.BS_Spider_C_12
	Function /Game/Animation/BS_Spider.BS_Spider_C:ExecuteUbergraph_BS_Spider:0028
[2026.01.03-21.24.33:696][226]LogScript: Warning: Accessed None trying to read property K2Node_DynamicCast_AsBP_Spider
	BS_Spider_C /Engine/Transient.World_17:PersistentLevel.AnimationEditorPreviewActor_0.DebugSkelMeshComponent_0.BS_Spider_C_12
	Function /Game/Animation/BS_Spider.BS_Spider_C:ExecuteUbergraph_BS_Spider:0028
[2026.01.03-21.24.33:716][227]LogScript: Warning: Accessed None trying to read property K2Node_DynamicCast_AsBP_Spider
	BS_Spider_C /Engine/Transient.World_17:PersistentLevel.AnimationEditorPreviewActor_0.DebugSkelMeshComponent_0.BS_Spider_C_12
	Function /Game/Animation/BS_Spider.BS_Spider_C:ExecuteUbergraph_BS_Spider:0028
[2026.01.03-21.24.33:736][228]LogScript: Warning: Accessed None trying to read property K2Node_DynamicCast_AsBP_Spider
	BS_Spider_C /Engine/Transient.World_17:PersistentLevel.AnimationEditorPreviewActor_0.DebugSkelMeshComponent_0.BS_Spider_C_12
	Function /Game/Animation/BS_Spider.BS_Spider_C:ExecuteUbergraph_BS_Spider:0028
[2026.01.03-21.24.33:755][229]LogScript: Warning: Accessed None trying to read property K2Node_DynamicCast_AsBP_Spider
	BS_Spider_C /Engine/Transient.World_17:PersistentLevel.AnimationEditorPreviewActor_0.DebugSkelMeshComponent_0.BS_Spider_C_12
	Function /Game/Animation/BS_Spider.BS_Spider_C:ExecuteUbergraph_BS_Spider:0028
[2026.01.03-21.24.33:776][230]LogScript: Warning: Accessed None trying to read property K2Node_DynamicCast_AsBP_Spider
	BS_Spider_C /Engine/Transient.World_17:PersistentLevel.AnimationEditorPreviewActor_0.DebugSkelMeshComponent_0.BS_Spider_C_12
	Function /Game/Animation/BS_Spider.BS_Spider_C:ExecuteUbergraph_BS_Spider:0028
[2026.01.03-21.24.33:797][231]LogScript: Warning: Accessed None trying to read property K2Node_DynamicCast_AsBP_Spider
	BS_Spider_C /Engine/Transient.World_17:PersistentLevel.AnimationEditorPreviewActor_0.DebugSkelMeshComponent_0.BS_Spider_C_12
	Function /Game/Animation/BS_Spider.BS_Spider_C:ExecuteUbergraph_BS_Spider:0028
[2026.01.03-21.24.33:818][232]LogScript: Warning: Accessed None trying to read property K2Node_DynamicCast_AsBP_Spider
	BS_Spider_C /Engine/Transient.World_17:PersistentLevel.AnimationEditorPreviewActor_0.DebugSkelMeshComponent_0.BS_Spider_C_12
	Function /Game/Animation/BS_Spider.BS_Spider_C:ExecuteUbergraph_BS_Spider:0028
[2026.01.03-21.24.33:836][233]LogScript: Warning: Accessed None trying to read property K2Node_DynamicCast_AsBP_Spider
	BS_Spider_C /Engine/Transient.World_17:PersistentLevel.AnimationEditorPreviewActor_0.DebugSkelMeshComponent_0.BS_Spider_C_12
	Function /Game/Animation/BS_Spider.BS_Spider_C:ExecuteUbergraph_BS_Spider:0028
[2026.01.03-21.27.26:962][129]LogUObjectHash: Compacting FUObjectHashTables data took   6.02ms
[2026.01.03-21.27.26:964][129]LogFileHelpers: Editor autosave (incl. external actors) for '/Game/shooter' took 0.055
[2026.01.03-21.27.26:965][129]OBJ SavePackage: Generating thumbnails for [1] asset(s) in package [/Game/Blueprint/BP/BP_Soldier] ([4] browsable assets)...
[2026.01.03-21.27.27:006][129]OBJ SavePackage:     Rendered thumbnail for [Blueprint /Game/Blueprint/BP/BP_Soldier.BP_Soldier]
[2026.01.03-21.27.27:042][129]OBJ SavePackage:     Rendered thumbnail for [Blueprint /Game/Blueprint/BP/BP_Soldier.BP_Soldier]
[2026.01.03-21.27.27:042][129]OBJ SavePackage: Finished generating thumbnails for package [/Game/Blueprint/BP/BP_Soldier]
[2026.01.03-21.27.27:113][129]LogSavePackage: Moving '../../../../../../Users/Dom/Desktop/unreal/TopDownShooter01/TopDownShooter01/Saved/BP_Soldier_Auto4CAFEC46E4F34D7B0F1FC4281822ECB2D.tmp' to '../../../../../../Users/Dom/Desktop/unreal/TopDownShooter01/TopDownShooter01/Saved/Autosaves/Game/Blueprint/BP/BP_Soldier_Auto4.uasset'
[2026.01.03-21.27.27:117][129]OBJ SavePackage: Generating thumbnails for [0] asset(s) in package [/Game/UI/W_PlayerHUD] ([2] browsable assets)...
[2026.01.03-21.27.27:117][129]OBJ SavePackage: Finished generating thumbnails for package [/Game/UI/W_PlayerHUD]
[2026.01.03-21.27.27:130][129]LogSavePackage: Moving '../../../../../../Users/Dom/Desktop/unreal/TopDownShooter01/TopDownShooter01/Saved/W_PlayerHUD_Auto43BAF7294427ED1D3F3BD098EDAB78ABA.tmp' to '../../../../../../Users/Dom/Desktop/unreal/TopDownShooter01/TopDownShooter01/Saved/Autosaves/Game/UI/W_PlayerHUD_Auto4.uasset'
[2026.01.03-21.27.27:132][129]OBJ SavePackage: Generating thumbnails for [2] asset(s) in package [/Game/Blueprint/Anim/spider_anim] ([2] browsable assets)...
[2026.01.03-21.27.27:184][129]OBJ SavePackage:     Rendered thumbnail for [AnimBlueprint /Game/Blueprint/Anim/spider_anim.spider_anim]
[2026.01.03-21.27.27:184][129]OBJ SavePackage: Finished generating thumbnails for package [/Game/Blueprint/Anim/spider_anim]
[2026.01.03-21.27.27:229][129]LogSavePackage: Moving '../../../../../../Users/Dom/Desktop/unreal/TopDownShooter01/TopDownShooter01/Saved/spider_anim_Auto4E9652CBA4C23ABBA01E6A0BE39FD04F0.tmp' to '../../../../../../Users/Dom/Desktop/unreal/TopDownShooter01/TopDownShooter01/Saved/Autosaves/Game/Blueprint/Anim/spider_anim_Auto4.uasset'
[2026.01.03-21.27.27:246][129]OBJ SavePackage: Generating thumbnails for [1] asset(s) in package [/Game/Blueprint/BP/BP_Spider] ([2] browsable assets)...
[2026.01.03-21.27.27:290][129]OBJ SavePackage:     Rendered thumbnail for [Blueprint /Game/Blueprint/BP/BP_Spider.BP_Spider]
[2026.01.03-21.27.27:290][129]OBJ SavePackage: Finished generating thumbnails for package [/Game/Blueprint/BP/BP_Spider]
[2026.01.03-21.27.27:323][129]LogSavePackage: Moving '../../../../../../Users/Dom/Desktop/unreal/TopDownShooter01/TopDownShooter01/Saved/BP_Spider_Auto47612F2204723D2DC03E596932C20C578.tmp' to '../../../../../../Users/Dom/Desktop/unreal/TopDownShooter01/TopDownShooter01/Saved/Autosaves/Game/Blueprint/BP/BP_Spider_Auto4.uasset'
[2026.01.03-21.27.27:325][129]OBJ SavePackage: Generating thumbnails for [2] asset(s) in package [/Game/Animation/BS_Spider] ([4] browsable assets)...
[2026.01.03-21.27.27:365][129]OBJ SavePackage:     Rendered thumbnail for [AnimBlueprint /Game/Animation/BS_Spider.BS_Spider]
[2026.01.03-21.27.27:406][129]OBJ SavePackage:     Rendered thumbnail for [AnimBlueprint /Game/Animation/BS_Spider.BS_Spider]
[2026.01.03-21.27.27:406][129]OBJ SavePackage: Finished generating thumbnails for package [/Game/Animation/BS_Spider]
[2026.01.03-21.27.27:452][129]LogSavePackage: Moving '../../../../../../Users/Dom/Desktop/unreal/TopDownShooter01/TopDownShooter01/Saved/BS_Spider_Auto4199D281B42F565A1D3D991814CB20D10.tmp' to '../../../../../../Users/Dom/Desktop/unreal/TopDownShooter01/TopDownShooter01/Saved/Autosaves/Game/Animation/BS_Spider_Auto4.uasset'
[2026.01.03-21.27.27:453][129]LogFileHelpers: Auto-saving content packages took 0.488
[2026.01.03-21.33.28:713][246]BlueprintLog: New page: Compile BS_Spider
[2026.01.03-21.33.28:781][246]LogScript: Warning: Accessed None trying to read property K2Node_DynamicCast_AsBP_Spider
	BS_Spider_C /Engine/Transient.World_19:PersistentLevel.SkeletalMeshActor_0.SkeletalMeshComponent0.BS_Spider_C_13
	Function /Game/Animation/BS_Spider.BS_Spider_C:ExecuteUbergraph_BS_Spider:0028
[2026.01.03-21.33.28:782][246]LogScript: Warning: Accessed None trying to read property K2Node_DynamicCast_AsBP_Spider
	BS_Spider_C /Engine/Transient.World_17:PersistentLevel.AnimationEditorPreviewActor_0.DebugSkelMeshComponent_0.BS_Spider_C_13
	Function /Game/Animation/BS_Spider.BS_Spider_C:ExecuteUbergraph_BS_Spider:0028
[2026.01.03-21.33.28:859][246]LogUObjectHash: Compacting FUObjectHashTables data took  11.39ms
[2026.01.03-21.33.28:889][246]LogScript: Warning: Accessed None trying to read property K2Node_DynamicCast_AsBP_Spider
	BS_Spider_C /Engine/Transient.World_17:PersistentLevel.AnimationEditorPreviewActor_0.DebugSkelMeshComponent_0.BS_Spider_C_13
	Function /Game/Animation/BS_Spider.BS_Spider_C:ExecuteUbergraph_BS_Spider:0028
[2026.01.03-21.33.28:967][247]LogScript: Warning: Accessed None trying to read property K2Node_DynamicCast_AsBP_Spider
	BS_Spider_C /Engine/Transient.World_17:PersistentLevel.AnimationEditorPreviewActor_0.DebugSkelMeshComponent_0.BS_Spider_C_13
	Function /Game/Animation/BS_Spider.BS_Spider_C:ExecuteUbergraph_BS_Spider:0028
[2026.01.03-21.33.29:327][250]LogScript: Warning: Accessed None trying to read property K2Node_DynamicCast_AsBP_Spider
	BS_Spider_C /Engine/Transient.World_17:PersistentLevel.AnimationEditorPreviewActor_0.DebugSkelMeshComponent_0.BS_Spider_C_13
	Function /Game/Animation/BS_Spider.BS_Spider_C:ExecuteUbergraph_BS_Spider:0028
[2026.01.03-21.33.29:343][251]LogScript: Warning: Accessed None trying to read property K2Node_DynamicCast_AsBP_Spider
	BS_Spider_C /Engine/Transient.World_17:PersistentLevel.AnimationEditorPreviewActor_0.DebugSkelMeshComponent_0.BS_Spider_C_13
	Function /Game/Animation/BS_Spider.BS_Spider_C:ExecuteUbergraph_BS_Spider:0028
[2026.01.03-21.33.29:360][252]LogScript: Warning: Accessed None trying to read property K2Node_DynamicCast_AsBP_Spider
	BS_Spider_C /Engine/Transient.World_17:PersistentLevel.AnimationEditorPreviewActor_0.DebugSkelMeshComponent_0.BS_Spider_C_13
	Function /Game/Animation/BS_Spider.BS_Spider_C:ExecuteUbergraph_BS_Spider:0028
[2026.01.03-21.33.29:377][253]LogScript: Warning: Accessed None trying to read property K2Node_DynamicCast_AsBP_Spider
	BS_Spider_C /Engine/Transient.World_17:PersistentLevel.AnimationEditorPreviewActor_0.DebugSkelMeshComponent_0.BS_Spider_C_13
	Function /Game/Animation/BS_Spider.BS_Spider_C:ExecuteUbergraph_BS_Spider:0028
[2026.01.03-21.33.29:393][254]LogScript: Warning: Accessed None trying to read property K2Node_DynamicCast_AsBP_Spider
	BS_Spider_C /Engine/Transient.World_17:PersistentLevel.AnimationEditorPreviewActor_0.DebugSkelMeshComponent_0.BS_Spider_C_13
	Function /Game/Animation/BS_Spider.BS_Spider_C:ExecuteUbergraph_BS_Spider:0028
[2026.01.03-21.33.29:410][255]LogScript: Warning: Accessed None trying to read property K2Node_DynamicCast_AsBP_Spider
	BS_Spider_C /Engine/Transient.World_17:PersistentLevel.AnimationEditorPreviewActor_0.DebugSkelMeshComponent_0.BS_Spider_C_13
	Function /Game/Animation/BS_Spider.BS_Spider_C:ExecuteUbergraph_BS_Spider:0028
[2026.01.03-21.33.29:427][256]LogScript: Warning: Accessed None trying to read property K2Node_DynamicCast_AsBP_Spider
	BS_Spider_C /Engine/Transient.World_17:PersistentLevel.AnimationEditorPreviewActor_0.DebugSkelMeshComponent_0.BS_Spider_C_13
	Function /Game/Animation/BS_Spider.BS_Spider_C:ExecuteUbergraph_BS_Spider:0028
[2026.01.03-21.33.29:444][257]LogScript: Warning: Accessed None trying to read property K2Node_DynamicCast_AsBP_Spider
	BS_Spider_C /Engine/Transient.World_17:PersistentLevel.AnimationEditorPreviewActor_0.DebugSkelMeshComponent_0.BS_Spider_C_13
	Function /Game/Animation/BS_Spider.BS_Spider_C:ExecuteUbergraph_BS_Spider:0028
[2026.01.03-21.33.29:460][258]LogScript: Warning: Accessed None trying to read property K2Node_DynamicCast_AsBP_Spider
	BS_Spider_C /Engine/Transient.World_17:PersistentLevel.AnimationEditorPreviewActor_0.DebugSkelMeshComponent_0.BS_Spider_C_13
	Function /Game/Animation/BS_Spider.BS_Spider_C:ExecuteUbergraph_BS_Spider:0028
[2026.01.03-21.33.29:477][259]LogScript: Warning: Accessed None trying to read property K2Node_DynamicCast_AsBP_Spider
	BS_Spider_C /Engine/Transient.World_17:PersistentLevel.AnimationEditorPreviewActor_0.DebugSkelMeshComponent_0.BS_Spider_C_13
	Function /Game/Animation/BS_Spider.BS_Spider_C:ExecuteUbergraph_BS_Spider:0028
[2026.01.03-21.33.29:494][260]LogScript: Warning: Accessed None trying to read property K2Node_DynamicCast_AsBP_Spider
	BS_Spider_C /Engine/Transient.World_17:PersistentLevel.AnimationEditorPreviewActor_0.DebugSkelMeshComponent_0.BS_Spider_C_13
	Function /Game/Animation/BS_Spider.BS_Spider_C:ExecuteUbergraph_BS_Spider:0028
[2026.01.03-21.33.29:510][261]LogScript: Warning: Accessed None trying to read property K2Node_DynamicCast_AsBP_Spider
	BS_Spider_C /Engine/Transient.World_17:PersistentLevel.AnimationEditorPreviewActor_0.DebugSkelMeshComponent_0.BS_Spider_C_13
	Function /Game/Animation/BS_Spider.BS_Spider_C:ExecuteUbergraph_BS_Spider:0028
[2026.01.03-21.34.16:534][482]BlueprintLog: New page: Compile BS_Spider
[2026.01.03-21.34.16:597][482]LogScript: Warning: Accessed None trying to read property K2Node_DynamicCast_AsBP_Spider
	BS_Spider_C /Engine/Transient.World_17:PersistentLevel.AnimationEditorPreviewActor_0.DebugSkelMeshComponent_0.BS_Spider_C_14
	Function /Game/Animation/BS_Spider.BS_Spider_C:ExecuteUbergraph_BS_Spider:0028
[2026.01.03-21.34.16:598][482]LogScript: Warning: Accessed None trying to read property K2Node_DynamicCast_AsBP_Spider
	BS_Spider_C /Engine/Transient.World_19:PersistentLevel.SkeletalMeshActor_0.SkeletalMeshComponent0.BS_Spider_C_14
	Function /Game/Animation/BS_Spider.BS_Spider_C:ExecuteUbergraph_BS_Spider:0028
[2026.01.03-21.34.16:671][482]LogUObjectHash: Compacting FUObjectHashTables data took  10.70ms
[2026.01.03-21.34.16:695][482]LogScript: Warning: Accessed None trying to read property K2Node_DynamicCast_AsBP_Spider
	BS_Spider_C /Engine/Transient.World_17:PersistentLevel.AnimationEditorPreviewActor_0.DebugSkelMeshComponent_0.BS_Spider_C_14
	Function /Game/Animation/BS_Spider.BS_Spider_C:ExecuteUbergraph_BS_Spider:0028
[2026.01.03-21.34.16:766][483]LogScript: Warning: Accessed None trying to read property K2Node_DynamicCast_AsBP_Spider
	BS_Spider_C /Engine/Transient.World_17:PersistentLevel.AnimationEditorPreviewActor_0.DebugSkelMeshComponent_0.BS_Spider_C_14
	Function /Game/Animation/BS_Spider.BS_Spider_C:ExecuteUbergraph_BS_Spider:0028
[2026.01.03-21.34.16:997][484]LogScript: Warning: Accessed None trying to read property K2Node_DynamicCast_AsBP_Spider
	BS_Spider_C /Engine/Transient.World_17:PersistentLevel.AnimationEditorPreviewActor_0.DebugSkelMeshComponent_0.BS_Spider_C_14
	Function /Game/Animation/BS_Spider.BS_Spider_C:ExecuteUbergraph_BS_Spider:0028
[2026.01.03-21.34.17:023][485]LogScript: Warning: Accessed None trying to read property K2Node_DynamicCast_AsBP_Spider
	BS_Spider_C /Engine/Transient.World_17:PersistentLevel.AnimationEditorPreviewActor_0.DebugSkelMeshComponent_0.BS_Spider_C_14
	Function /Game/Animation/BS_Spider.BS_Spider_C:ExecuteUbergraph_BS_Spider:0028
[2026.01.03-21.34.17:039][486]LogScript: Warning: Accessed None trying to read property K2Node_DynamicCast_AsBP_Spider
	BS_Spider_C /Engine/Transient.World_17:PersistentLevel.AnimationEditorPreviewActor_0.DebugSkelMeshComponent_0.BS_Spider_C_14
	Function /Game/Animation/BS_Spider.BS_Spider_C:ExecuteUbergraph_BS_Spider:0028
[2026.01.03-21.34.17:076][487]LogScript: Warning: Accessed None trying to read property K2Node_DynamicCast_AsBP_Spider
	BS_Spider_C /Engine/Transient.World_17:PersistentLevel.AnimationEditorPreviewActor_0.DebugSkelMeshComponent_0.BS_Spider_C_14
	Function /Game/Animation/BS_Spider.BS_Spider_C:ExecuteUbergraph_BS_Spider:0028
[2026.01.03-21.34.17:099][488]LogScript: Warning: Accessed None trying to read property K2Node_DynamicCast_AsBP_Spider
	BS_Spider_C /Engine/Transient.World_17:PersistentLevel.AnimationEditorPreviewActor_0.DebugSkelMeshComponent_0.BS_Spider_C_14
	Function /Game/Animation/BS_Spider.BS_Spider_C:ExecuteUbergraph_BS_Spider:0028
[2026.01.03-21.34.17:116][489]LogScript: Warning: Accessed None trying to read property K2Node_DynamicCast_AsBP_Spider
	BS_Spider_C /Engine/Transient.World_17:PersistentLevel.AnimationEditorPreviewActor_0.DebugSkelMeshComponent_0.BS_Spider_C_14
	Function /Game/Animation/BS_Spider.BS_Spider_C:ExecuteUbergraph_BS_Spider:0028
[2026.01.03-21.34.17:154][490]LogScript: Warning: Accessed None trying to read property K2Node_DynamicCast_AsBP_Spider
	BS_Spider_C /Engine/Transient.World_17:PersistentLevel.AnimationEditorPreviewActor_0.DebugSkelMeshComponent_0.BS_Spider_C_14
	Function /Game/Animation/BS_Spider.BS_Spider_C:ExecuteUbergraph_BS_Spider:0028
[2026.01.03-21.34.17:197][491]LogScript: Warning: Accessed None trying to read property K2Node_DynamicCast_AsBP_Spider
	BS_Spider_C /Engine/Transient.World_17:PersistentLevel.AnimationEditorPreviewActor_0.DebugSkelMeshComponent_0.BS_Spider_C_14
	Function /Game/Animation/BS_Spider.BS_Spider_C:ExecuteUbergraph_BS_Spider:0028
[2026.01.03-21.34.17:237][492]LogScript: Warning: Accessed None trying to read property K2Node_DynamicCast_AsBP_Spider
	BS_Spider_C /Engine/Transient.World_17:PersistentLevel.AnimationEditorPreviewActor_0.DebugSkelMeshComponent_0.BS_Spider_C_14
	Function /Game/Animation/BS_Spider.BS_Spider_C:ExecuteUbergraph_BS_Spider:0028
[2026.01.03-21.34.17:269][493]LogScript: Warning: Accessed None trying to read property K2Node_DynamicCast_AsBP_Spider
	BS_Spider_C /Engine/Transient.World_17:PersistentLevel.AnimationEditorPreviewActor_0.DebugSkelMeshComponent_0.BS_Spider_C_14
	Function /Game/Animation/BS_Spider.BS_Spider_C:ExecuteUbergraph_BS_Spider:0028
[2026.01.03-21.34.17:300][494]LogScript: Warning: Accessed None trying to read property K2Node_DynamicCast_AsBP_Spider
	BS_Spider_C /Engine/Transient.World_17:PersistentLevel.AnimationEditorPreviewActor_0.DebugSkelMeshComponent_0.BS_Spider_C_14
	Function /Game/Animation/BS_Spider.BS_Spider_C:ExecuteUbergraph_BS_Spider:0028
[2026.01.03-21.34.17:334][495]LogScript: Warning: Accessed None trying to read property K2Node_DynamicCast_AsBP_Spider
	BS_Spider_C /Engine/Transient.World_17:PersistentLevel.AnimationEditorPreviewActor_0.DebugSkelMeshComponent_0.BS_Spider_C_14
	Function /Game/Animation/BS_Spider.BS_Spider_C:ExecuteUbergraph_BS_Spider:0028
[2026.01.03-21.34.20:347][579]LogTemp: Repeating last play command: Selected Viewport
[2026.01.03-21.34.20:367][579]LogPlayLevel: PlayLevel: No blueprints needed recompiling
[2026.01.03-21.34.20:367][579]PIE: New page: PIE session: shooter (3 sty 2026, 23:34:20)
[2026.01.03-21.34.20:367][579]LogPlayLevel: Creating play world package: /Game/UEDPIE_0_shooter
[2026.01.03-21.34.20:373][579]LogPlayLevel: PIE: StaticDuplicateObject took: (0.006202s)
[2026.01.03-21.34.20:375][579]LogAIModule: Creating AISystem for world shooter
[2026.01.03-21.34.20:376][579]LogPlayLevel: PIE: World Init took: (0.002129s)
[2026.01.03-21.34.20:376][579]LogPlayLevel: PIE: Created PIE world by copying editor world from /Game/shooter.shooter to /Game/UEDPIE_0_shooter.shooter (0.008625s)
[2026.01.03-21.34.20:441][579]LogUObjectHash: Compacting FUObjectHashTables data took   8.53ms
[2026.01.03-21.34.20:442][579]LogAudio: Display: Creating Audio Device:                 Id: 13, Scope: Unique, Realtime: True
[2026.01.03-21.34.20:443][579]LogAudioMixer: Display: Audio Mixer Platform Settings:
[2026.01.03-21.34.20:443][579]LogAudioMixer: Display: 	Sample Rate:						  48000
[2026.01.03-21.34.20:443][579]LogAudioMixer: Display: 	Callback Buffer Frame Size Requested: 1024
[2026.01.03-21.34.20:443][579]LogAudioMixer: Display: 	Callback Buffer Frame Size To Use:	  1024
[2026.01.03-21.34.20:443][579]LogAudioMixer: Display: 	Number of buffers to queue:			  2
[2026.01.03-21.34.20:443][579]LogAudioMixer: Display: 	Max Channels (voices):				  32
[2026.01.03-21.34.20:443][579]LogAudioMixer: Display: 	Number of Async Source Workers:		  0
[2026.01.03-21.34.20:443][579]LogAudio: Display: AudioDevice MaxSources: 32
[2026.01.03-21.34.20:443][579]LogAudio: Display: Audio Spatialization Plugin: None (built-in).
[2026.01.03-21.34.20:445][579]LogAudio: Display: Audio Reverb Plugin: None (built-in).
[2026.01.03-21.34.20:445][579]LogAudio: Display: Audio Occlusion Plugin: None (built-in).
[2026.01.03-21.34.20:445][579]LogAudioMixer: Display: Initializing audio mixer.
[2026.01.03-21.34.20:457][579]LogAudioMixer: Display: 0: FrontLeft
[2026.01.03-21.34.20:457][579]LogAudioMixer: Display: 1: FrontRight
[2026.01.03-21.34.20:514][579]LogAudioMixer: Display: Using Audio Device Headphones (Tonsil R35BT)
[2026.01.03-21.34.20:514][579]LogAudioMixer: Display: Initializing Sound Submixes...
[2026.01.03-21.34.20:514][579]LogAudioMixer: Display: Creating Master Submix 'MasterSubmixDefault'
[2026.01.03-21.34.20:514][579]LogAudioMixer: Display: Creating Master Submix 'MasterReverbSubmixDefault'
[2026.01.03-21.34.20:515][579]LogAudioMixer: Display: Creating Master Submix 'MasterEQSubmixDefault'
[2026.01.03-21.34.20:515][579]LogAudioMixer: FMixerPlatformXAudio2::StartAudioStream() called
[2026.01.03-21.34.20:515][579]LogAudioMixer: Display: Output buffers initialized: Frames=1024, Channels=2, Samples=2048
[2026.01.03-21.34.20:517][579]LogAudioMixer: Display: Starting AudioMixerPlatformInterface::RunInternal()
[2026.01.03-21.34.20:517][579]LogAudioMixer: Display: FMixerPlatformXAudio2::SubmitBuffer() called for the first time
[2026.01.03-21.34.20:517][579]LogInit: FAudioDevice initialized.
[2026.01.03-21.34.20:517][579]LogAudio: Display: Audio Device (ID: 13) registered with world 'shooter'.
[2026.01.03-21.34.20:532][579]LogLoad: Game class is 'gamemode_C'
[2026.01.03-21.34.20:534][579]LogScript: Warning: Accessed None trying to read property K2Node_DynamicCast_AsBP_Spider
	BS_Spider_C /Game/UEDPIE_0_shooter.shooter:PersistentLevel.spider1_2.CharacterMesh0.BS_Spider_C_0
	Function /Game/Animation/BS_Spider.BS_Spider_C:ExecuteUbergraph_BS_Spider:0028
[2026.01.03-21.34.20:535][579]PIE: Error: Blueprint Runtime Error: "Accessed None trying to read property K2Node_DynamicCast_AsBP_Spider". Blueprint:  BS_Spider Function:  Execute Ubergraph BS Spider Graph:  EventGraph Node:  Set is walk
[2026.01.03-21.34.20:535][579]LogScript: Warning: Accessed None trying to read property K2Node_DynamicCast_AsBP_Spider
	BS_Spider_C /Game/UEDPIE_0_shooter.shooter:PersistentLevel.spider2_2.CharacterMesh0.BS_Spider_C_0
	Function /Game/Animation/BS_Spider.BS_Spider_C:ExecuteUbergraph_BS_Spider:0028
[2026.01.03-21.34.20:535][579]PIE: Error: Blueprint Runtime Error: "Accessed None trying to read property K2Node_DynamicCast_AsBP_Spider". Blueprint:  BS_Spider Function:  Execute Ubergraph BS Spider Graph:  EventGraph Node:  Set is walk
[2026.01.03-21.34.20:535][579]LogWorld: Bringing World /Game/UEDPIE_0_shooter.shooter up for play (max tick rate 60) at 2026.01.03-22.34.20
[2026.01.03-21.34.20:536][579]LogWorld: Bringing up level for play took: 0.002634
[2026.01.03-21.34.20:536][579]LogOnline: OSS: Creating online subsystem instance for: :Context_33
[2026.01.03-21.34.20:542][579]PIE: Server logged in
[2026.01.03-21.34.20:543][579]PIE: Play in editor total start time 0,186 seconds.
[2026.01.03-21.34.30:891][865]LogSlate: Updating window title bar state: overlay mode, drag disabled, window buttons hidden, title bar hidden
[2026.01.03-21.34.30:891][865]LogWorld: BeginTearingDown for /Game/UEDPIE_0_shooter
[2026.01.03-21.34.30:891][865]LogWorld: UWorld::CleanupWorld for shooter, bSessionEnded=true, bCleanupResources=true
[2026.01.03-21.34.30:892][865]LogSlate: InvalidateAllWidgets triggered.  All widgets were invalidated
[2026.01.03-21.34.30:916][865]LogPlayLevel: Display: Shutting down PIE online subsystems
[2026.01.03-21.34.31:008][865]LogSlate: InvalidateAllWidgets triggered.  All widgets were invalidated
[2026.01.03-21.34.31:071][865]LogAudio: Display: Audio Device unregistered from world 'None'.
[2026.01.03-21.34.31:071][865]LogAudioMixer: FMixerPlatformXAudio2::StopAudioStream() called
[2026.01.03-21.34.31:073][865]LogAudioMixer: FMixerPlatformXAudio2::StopAudioStream() called
[2026.01.03-21.34.31:076][865]LogSlate: Updating window title bar state: overlay mode, drag disabled, window buttons hidden, title bar hidden
[2026.01.03-21.34.31:087][865]LogUObjectHash: Compacting FUObjectHashTables data took   8.43ms
[2026.01.03-21.34.31:325][866]LogPlayLevel: Display: Destroying online subsystem :Context_33
[2026.01.03-21.34.38:841][ 46]LogSlate: Window 'Message Log' being destroyed
[2026.01.03-21.34.38:900][ 46]LogSlate: Window 'Message Log' being destroyed
[2026.01.03-21.34.47:803][221]LogSlate: Window 'Message Log' being destroyed
[2026.01.03-21.34.47:882][221]LogSlate: Window 'Message Log' being destroyed
[2026.01.03-21.37.44:205][537]LogUObjectHash: Compacting FUObjectHashTables data took   4.65ms
[2026.01.03-21.37.44:207][537]LogFileHelpers: Editor autosave (incl. external actors) for '/Game/shooter' took 0.053
[2026.01.03-21.37.44:208][537]OBJ SavePackage: Generating thumbnails for [1] asset(s) in package [/Game/Blueprint/BP/BP_Spider] ([2] browsable assets)...
[2026.01.03-21.37.44:255][537]OBJ SavePackage:     Rendered thumbnail for [Blueprint /Game/Blueprint/BP/BP_Spider.BP_Spider]
[2026.01.03-21.37.44:255][537]OBJ SavePackage: Finished generating thumbnails for package [/Game/Blueprint/BP/BP_Spider]
[2026.01.03-21.37.44:279][537]LogSavePackage: Moving '../../../../../../Users/Dom/Desktop/unreal/TopDownShooter01/TopDownShooter01/Saved/BP_Spider_Auto58586E81F421A482551DA5391E553CBCA.tmp' to '../../../../../../Users/Dom/Desktop/unreal/TopDownShooter01/TopDownShooter01/Saved/Autosaves/Game/Blueprint/BP/BP_Spider_Auto5.uasset'
[2026.01.03-21.37.44:280][537]LogFileHelpers: Auto-saving content packages took 0.073
[2026.01.03-21.40.31:452][ 47]LogSlate: Window 'Pick Skeleton' being destroyed
[2026.01.03-21.40.31:476][ 47]LogContentBrowser: Deferred new asset file creation: NewAnimMontage
[2026.01.03-21.40.31:491][ 47]LogContentBrowser: Creating deferred item: NewAnimMontage
[2026.01.03-21.40.45:986][278]LogContentBrowser: Attempting asset rename: NewAnimMontage -> Spider_Attack
[2026.01.03-21.40.45:991][278]LogContentBrowser: End creating deferred item NewAnimMontage
[2026.01.03-21.40.52:283][364]LogAssetEditorSubsystem: Opening Asset editor for AnimMontage /Game/Animation/Spider_Attack.Spider_Attack
[2026.01.03-21.40.52:332][364]LogActorComponent: RegisterComponentWithWorld: (/Engine/Transient.World_24:PersistentLevel.AnimationEditorPreviewActor_0.DebugSkelMeshComponent_0) Already registered. Aborting.
[2026.01.03-21.41.15:234][ 55]LogContentBrowser: Verbose: The majority of assets in the view are of type: AnimSequence
[2026.01.03-21.41.33:051][463]LogContentBrowser: Attempting asset rename: ExoGame_Greater_Spider_Attack_Melee_B -> ExoGame_Greater_Spider_Attack_Melee_B
[2026.01.03-21.41.34:518][497]LogAnimationCompression: Building Anim DDC data for AnimSequence /Game/Characters/Enemy_Great_Spider/Animations/ExoGame_Greater_Spider_Attack_Melee_B.ExoGame_Greater_Spider_Attack_Melee_B
[2026.01.03-21.42.15:738][431]Cmd: OBJ SAVEPACKAGE PACKAGE="/Game/Animation/Spider_Attack" FILE="../../../../../../Users/Dom/Desktop/unreal/TopDownShooter01/TopDownShooter01/Content/Animation/Spider_Attack.uasset" SILENT=true
[2026.01.03-21.42.15:749][431]LogSavePackage: Moving '../../../../../../Users/Dom/Desktop/unreal/TopDownShooter01/TopDownShooter01/Saved/Spider_Attack686C9B8D43C7CE8025CFD3B437047C52.tmp' to '../../../../../../Users/Dom/Desktop/unreal/TopDownShooter01/TopDownShooter01/Content/Animation/Spider_Attack.uasset'
[2026.01.03-21.42.15:782][431]AssetCheck: New page: Asset Save: Spider_Attack
[2026.01.03-21.42.15:782][431]LogContentValidation: Display: Validating AnimMontage /Game/Animation/Spider_Attack.Spider_Attack
[2026.01.03-21.46.22:802][ 96]BlueprintLog: New page: Compile BP_Spider
[2026.01.03-21.46.22:814][ 96]LogBlueprint: Warning: [AssetLog] C:\Users\Dom\Desktop\unreal\TopDownShooter01\TopDownShooter01\Content\Blueprint\BP\BP_Spider.uasset: [Compiler] Is Attack Range  was pruned because its Exec pin is not connected, the connected value is not available and will instead be read as default
[2026.01.03-21.46.22:925][ 96]LogScript: Warning: Accessed None trying to read property K2Node_DynamicCast_AsBP_Spider
	BS_Spider_C /Game/shooter.shooter:PersistentLevel.spider1_2.CharacterMesh0.BS_Spider_C_0
	Function /Game/Animation/BS_Spider.BS_Spider_C:ExecuteUbergraph_BS_Spider:0028
[2026.01.03-21.46.22:927][ 96]LogScript: Warning: Accessed None trying to read property K2Node_DynamicCast_AsBP_Spider
	BS_Spider_C /Game/shooter.shooter:PersistentLevel.spider2_2.CharacterMesh0.BS_Spider_C_0
	Function /Game/Animation/BS_Spider.BS_Spider_C:ExecuteUbergraph_BS_Spider:0028
[2026.01.03-21.46.23:300][ 96]LogUObjectHash: Compacting FUObjectHashTables data took  15.34ms
[2026.01.03-21.46.23:318][ 96]LogScript: Warning: Accessed None trying to read property K2Node_DynamicCast_AsBP_Spider
	BS_Spider_C /Game/shooter.shooter:PersistentLevel.spider1_2.CharacterMesh0.BS_Spider_C_0
	Function /Game/Animation/BS_Spider.BS_Spider_C:ExecuteUbergraph_BS_Spider:0028
[2026.01.03-21.46.23:319][ 96]LogScript: Warning: Accessed None trying to read property K2Node_DynamicCast_AsBP_Spider
	BS_Spider_C /Game/shooter.shooter:PersistentLevel.spider2_2.CharacterMesh0.BS_Spider_C_0
	Function /Game/Animation/BS_Spider.BS_Spider_C:ExecuteUbergraph_BS_Spider:0028
[2026.01.03-21.46.23:333][ 96]LogScript: Warning: Accessed None trying to read property K2Node_DynamicCast_AsBP_Spider
	BS_Spider_C /Game/shooter.shooter:PersistentLevel.spider1_2.CharacterMesh0.BS_Spider_C_0
	Function /Game/Animation/BS_Spider.BS_Spider_C:ExecuteUbergraph_BS_Spider:0028
[2026.01.03-21.46.23:334][ 96]LogScript: Warning: Accessed None trying to read property K2Node_DynamicCast_AsBP_Spider
	BS_Spider_C /Game/shooter.shooter:PersistentLevel.spider2_2.CharacterMesh0.BS_Spider_C_0
	Function /Game/Animation/BS_Spider.BS_Spider_C:ExecuteUbergraph_BS_Spider:0028
[2026.01.03-21.49.09:651][703]BlueprintLog: New page: Compile BP_Spider
[2026.01.03-21.49.09:659][703]LogBlueprint: Warning: [AssetLog] C:\Users\Dom\Desktop\unreal\TopDownShooter01\TopDownShooter01\Content\Blueprint\BP\BP_Spider.uasset: [Compiler] Is Attacking  was pruned because its Exec pin is not connected, the connected value is not available and will instead be read as default
[2026.01.03-21.49.09:659][703]LogBlueprint: Warning: [AssetLog] C:\Users\Dom\Desktop\unreal\TopDownShooter01\TopDownShooter01\Content\Blueprint\BP\BP_Spider.uasset: [Compiler] Is Attack Range  was pruned because its Exec pin is not connected, the connected value is not available and will instead be read as default
[2026.01.03-21.49.09:771][703]LogScript: Warning: Accessed None trying to read property K2Node_DynamicCast_AsBP_Spider
	BS_Spider_C /Game/shooter.shooter:PersistentLevel.spider1_2.CharacterMesh0.BS_Spider_C_0
	Function /Game/Animation/BS_Spider.BS_Spider_C:ExecuteUbergraph_BS_Spider:0028
[2026.01.03-21.49.09:773][703]LogScript: Warning: Accessed None trying to read property K2Node_DynamicCast_AsBP_Spider
	BS_Spider_C /Game/shooter.shooter:PersistentLevel.spider2_2.CharacterMesh0.BS_Spider_C_0
	Function /Game/Animation/BS_Spider.BS_Spider_C:ExecuteUbergraph_BS_Spider:0028
[2026.01.03-21.49.10:049][703]LogUObjectHash: Compacting FUObjectHashTables data took  11.36ms
[2026.01.03-21.49.10:056][703]LogScript: Warning: Accessed None trying to read property K2Node_DynamicCast_AsBP_Spider
	BS_Spider_C /Game/shooter.shooter:PersistentLevel.spider1_2.CharacterMesh0.BS_Spider_C_0
	Function /Game/Animation/BS_Spider.BS_Spider_C:ExecuteUbergraph_BS_Spider:0028
[2026.01.03-21.49.10:057][703]LogScript: Warning: Accessed None trying to read property K2Node_DynamicCast_AsBP_Spider
	BS_Spider_C /Game/shooter.shooter:PersistentLevel.spider2_2.CharacterMesh0.BS_Spider_C_0
	Function /Game/Animation/BS_Spider.BS_Spider_C:ExecuteUbergraph_BS_Spider:0028
[2026.01.03-21.49.10:076][703]LogScript: Warning: Accessed None trying to read property K2Node_DynamicCast_AsBP_Spider
	BS_Spider_C /Game/shooter.shooter:PersistentLevel.spider1_2.CharacterMesh0.BS_Spider_C_0
	Function /Game/Animation/BS_Spider.BS_Spider_C:ExecuteUbergraph_BS_Spider:0028
[2026.01.03-21.49.10:076][703]LogScript: Warning: Accessed None trying to read property K2Node_DynamicCast_AsBP_Spider
	BS_Spider_C /Game/shooter.shooter:PersistentLevel.spider2_2.CharacterMesh0.BS_Spider_C_0
	Function /Game/Animation/BS_Spider.BS_Spider_C:ExecuteUbergraph_BS_Spider:0028
[2026.01.03-21.50.14:010][453]Cmd: TRANSACTION UNDO
[2026.01.03-21.50.14:010][453]LogEditorTransaction: Undo Add New Function
[2026.01.03-21.50.14:470][453]LogActorComponent: RegisterComponentWithWorld: (/Engine/Transient.World_17:PersistentLevel.AnimationEditorPreviewActor_0.DebugSkelMeshComponent_0) Already registered. Aborting.
[2026.01.03-21.50.14:473][453]LogActorComponent: RegisterComponentWithWorld: (/Engine/Transient.World_24:PersistentLevel.AnimationEditorPreviewActor_0.DebugSkelMeshComponent_0) Already registered. Aborting.
[2026.01.03-21.51.13:241][ 47]BlueprintLog: New page: Compile BP_Spider
[2026.01.03-21.51.13:248][ 47]LogBlueprint: Warning: [AssetLog] C:\Users\Dom\Desktop\unreal\TopDownShooter01\TopDownShooter01\Content\Blueprint\BP\BP_Spider.uasset: [Compiler] Is Attacking  was pruned because its Exec pin is not connected, the connected value is not available and will instead be read as default
[2026.01.03-21.51.13:248][ 47]LogBlueprint: Warning: [AssetLog] C:\Users\Dom\Desktop\unreal\TopDownShooter01\TopDownShooter01\Content\Blueprint\BP\BP_Spider.uasset: [Compiler] Is Attack Range  was pruned because its Exec pin is not connected, the connected value is not available and will instead be read as default
[2026.01.03-21.51.13:565][ 47]LogUObjectHash: Compacting FUObjectHashTables data took  12.25ms
[2026.01.03-21.51.49:520][ 23]LogUObjectHash: Compacting FUObjectHashTables data took   9.35ms
[2026.01.03-21.51.49:547][ 23]LogSavePackage: Moving '../../../../../../Users/Dom/Desktop/unreal/TopDownShooter01/TopDownShooter01/Saved/shooter_Auto6FA27D90E48C4891D8B311AA161CED760.tmp' to '../../../../../../Users/Dom/Desktop/unreal/TopDownShooter01/TopDownShooter01/Saved/Autosaves/Game/shooter_Auto6.umap'
[2026.01.03-21.51.49:550][ 23]LogFileHelpers: Editor autosave (incl. external actors) for '/Game/shooter' took 0.095
[2026.01.03-21.51.49:550][ 23]LogFileHelpers: Editor autosave (incl. sublevels & external actors) for all levels took 0.095
[2026.01.03-21.51.49:551][ 23]OBJ SavePackage: Generating thumbnails for [1] asset(s) in package [/Game/Blueprint/Anim/spider_anim] ([2] browsable assets)...
[2026.01.03-21.51.49:551][ 23]OBJ SavePackage: Finished generating thumbnails for package [/Game/Blueprint/Anim/spider_anim]
[2026.01.03-21.51.49:577][ 23]LogSavePackage: Moving '../../../../../../Users/Dom/Desktop/unreal/TopDownShooter01/TopDownShooter01/Saved/spider_anim_Auto63BAFF4704F77C06F6F83E098AF9007B0.tmp' to '../../../../../../Users/Dom/Desktop/unreal/TopDownShooter01/TopDownShooter01/Saved/Autosaves/Game/Blueprint/Anim/spider_anim_Auto6.uasset'
[2026.01.03-21.51.49:578][ 23]OBJ SavePackage: Generating thumbnails for [1] asset(s) in package [/Game/Blueprint/BP/BP_Spider] ([4] browsable assets)...
[2026.01.03-21.51.49:619][ 23]OBJ SavePackage:     Rendered thumbnail for [Blueprint /Game/Blueprint/BP/BP_Spider.BP_Spider]
[2026.01.03-21.51.49:658][ 23]OBJ SavePackage:     Rendered thumbnail for [Blueprint /Game/Blueprint/BP/BP_Spider.BP_Spider]
[2026.01.03-21.51.49:658][ 23]OBJ SavePackage: Finished generating thumbnails for package [/Game/Blueprint/BP/BP_Spider]
[2026.01.03-21.51.49:693][ 23]LogSavePackage: Moving '../../../../../../Users/Dom/Desktop/unreal/TopDownShooter01/TopDownShooter01/Saved/BP_Spider_Auto6BCBF419B431024266A57579D1F7C732C.tmp' to '../../../../../../Users/Dom/Desktop/unreal/TopDownShooter01/TopDownShooter01/Saved/Autosaves/Game/Blueprint/BP/BP_Spider_Auto6.uasset'
[2026.01.03-21.51.49:695][ 23]OBJ SavePackage: Generating thumbnails for [2] asset(s) in package [/Game/Animation/BS_Spider] ([4] browsable assets)...
[2026.01.03-21.51.49:735][ 23]OBJ SavePackage:     Rendered thumbnail for [AnimBlueprint /Game/Animation/BS_Spider.BS_Spider]
[2026.01.03-21.51.49:774][ 23]OBJ SavePackage:     Rendered thumbnail for [AnimBlueprint /Game/Animation/BS_Spider.BS_Spider]
[2026.01.03-21.51.49:774][ 23]OBJ SavePackage: Finished generating thumbnails for package [/Game/Animation/BS_Spider]
[2026.01.03-21.51.49:817][ 23]LogSavePackage: Moving '../../../../../../Users/Dom/Desktop/unreal/TopDownShooter01/TopDownShooter01/Saved/BS_Spider_Auto65BED4D1A45F5D3A002BED6A13E26023D.tmp' to '../../../../../../Users/Dom/Desktop/unreal/TopDownShooter01/TopDownShooter01/Saved/Autosaves/Game/Animation/BS_Spider_Auto6.uasset'
[2026.01.03-21.51.49:818][ 23]OBJ SavePackage: Generating thumbnails for [1] asset(s) in package [/Game/Animation/Spider_Attack] ([1] browsable assets)...
[2026.01.03-21.51.49:855][ 23]OBJ SavePackage:     Rendered thumbnail for [AnimMontage /Game/Animation/Spider_Attack.Spider_Attack]
[2026.01.03-21.51.49:855][ 23]OBJ SavePackage: Finished generating thumbnails for package [/Game/Animation/Spider_Attack]
[2026.01.03-21.51.49:867][ 23]LogSavePackage: Moving '../../../../../../Users/Dom/Desktop/unreal/TopDownShooter01/TopDownShooter01/Saved/Spider_Attack_Auto6D74E6A8C47601277939D049EBBA1A349.tmp' to '../../../../../../Users/Dom/Desktop/unreal/TopDownShooter01/TopDownShooter01/Saved/Autosaves/Game/Animation/Spider_Attack_Auto6.uasset'
[2026.01.03-21.51.49:868][ 23]LogFileHelpers: Auto-saving content packages took 0.318
[2026.01.03-21.54.57:494][259]BlueprintLog: New page: Compile BP_Spider
[2026.01.03-21.54.57:906][259]LogUObjectHash: Compacting FUObjectHashTables data took  13.88ms
[2026.01.03-21.55.57:779][906]BlueprintLog: New page: Compile BP_Spider
[2026.01.03-21.55.58:087][906]LogUObjectHash: Compacting FUObjectHashTables data took  10.85ms
[2026.01.03-21.56.01:891][954]LogTemp: Repeating last play command: Selected Viewport
[2026.01.03-21.56.01:910][954]LogPlayLevel: PlayLevel: No blueprints needed recompiling
[2026.01.03-21.56.01:910][954]PIE: New page: PIE session: shooter (3 sty 2026, 23:56:01)
[2026.01.03-21.56.01:910][954]LogPlayLevel: Creating play world package: /Game/UEDPIE_0_shooter
[2026.01.03-21.56.01:915][954]LogPlayLevel: PIE: StaticDuplicateObject took: (0.005503s)
[2026.01.03-21.56.01:917][954]LogAIModule: Creating AISystem for world shooter
[2026.01.03-21.56.01:917][954]LogPlayLevel: PIE: World Init took: (0.001826s)
[2026.01.03-21.56.01:917][954]LogPlayLevel: PIE: Created PIE world by copying editor world from /Game/shooter.shooter to /Game/UEDPIE_0_shooter.shooter (0.007583s)
[2026.01.03-21.56.01:982][954]LogUObjectHash: Compacting FUObjectHashTables data took   8.50ms
[2026.01.03-21.56.01:985][954]LogAudio: Display: Creating Audio Device:                 Id: 14, Scope: Unique, Realtime: True
[2026.01.03-21.56.01:985][954]LogAudioMixer: Display: Audio Mixer Platform Settings:
[2026.01.03-21.56.01:985][954]LogAudioMixer: Display: 	Sample Rate:						  48000
[2026.01.03-21.56.01:985][954]LogAudioMixer: Display: 	Callback Buffer Frame Size Requested: 1024
[2026.01.03-21.56.01:985][954]LogAudioMixer: Display: 	Callback Buffer Frame Size To Use:	  1024
[2026.01.03-21.56.01:985][954]LogAudioMixer: Display: 	Number of buffers to queue:			  2
[2026.01.03-21.56.01:985][954]LogAudioMixer: Display: 	Max Channels (voices):				  32
[2026.01.03-21.56.01:985][954]LogAudioMixer: Display: 	Number of Async Source Workers:		  0
[2026.01.03-21.56.01:985][954]LogAudio: Display: AudioDevice MaxSources: 32
[2026.01.03-21.56.01:985][954]LogAudio: Display: Audio Spatialization Plugin: None (built-in).
[2026.01.03-21.56.01:985][954]LogAudio: Display: Audio Reverb Plugin: None (built-in).
[2026.01.03-21.56.01:986][954]LogAudio: Display: Audio Occlusion Plugin: None (built-in).
[2026.01.03-21.56.01:986][954]LogAudioMixer: Display: Initializing audio mixer.
[2026.01.03-21.56.01:997][954]LogAudioMixer: Display: 0: FrontLeft
[2026.01.03-21.56.01:997][954]LogAudioMixer: Display: 1: FrontRight
[2026.01.03-21.56.02:053][954]LogAudioMixer: Display: Using Audio Device Headphones (Tonsil R35BT)
[2026.01.03-21.56.02:053][954]LogAudioMixer: Display: Initializing Sound Submixes...
[2026.01.03-21.56.02:053][954]LogAudioMixer: Display: Creating Master Submix 'MasterSubmixDefault'
[2026.01.03-21.56.02:053][954]LogAudioMixer: Display: Creating Master Submix 'MasterReverbSubmixDefault'
[2026.01.03-21.56.02:054][954]LogAudioMixer: Display: Creating Master Submix 'MasterEQSubmixDefault'
[2026.01.03-21.56.02:054][954]LogAudioMixer: FMixerPlatformXAudio2::StartAudioStream() called
[2026.01.03-21.56.02:054][954]LogAudioMixer: Display: Output buffers initialized: Frames=1024, Channels=2, Samples=2048
[2026.01.03-21.56.02:055][954]LogAudioMixer: Display: Starting AudioMixerPlatformInterface::RunInternal()
[2026.01.03-21.56.02:055][954]LogAudioMixer: Display: FMixerPlatformXAudio2::SubmitBuffer() called for the first time
[2026.01.03-21.56.02:055][954]LogInit: FAudioDevice initialized.
[2026.01.03-21.56.02:055][954]LogAudio: Display: Audio Device (ID: 14) registered with world 'shooter'.
[2026.01.03-21.56.02:069][954]LogLoad: Game class is 'gamemode_C'
[2026.01.03-21.56.02:071][954]PIE: Error: Blueprint Runtime Error: "Accessed None trying to read property K2Node_DynamicCast_AsBP_Spider". Blueprint:  BS_Spider Function:  Execute Ubergraph BS Spider Graph:  EventGraph Node:  Set is walk
[2026.01.03-21.56.02:071][954]PIE: Error: Blueprint Runtime Error: "Accessed None trying to read property K2Node_DynamicCast_AsBP_Spider". Blueprint:  BS_Spider Function:  Execute Ubergraph BS Spider Graph:  EventGraph Node:  Set is walk
[2026.01.03-21.56.02:072][954]LogWorld: Bringing World /Game/UEDPIE_0_shooter.shooter up for play (max tick rate 60) at 2026.01.03-22.56.02
[2026.01.03-21.56.02:072][954]LogWorld: Bringing up level for play took: 0.002421
[2026.01.03-21.56.02:073][954]LogOnline: OSS: Creating online subsystem instance for: :Context_39
[2026.01.03-21.56.02:079][954]PIE: Server logged in
[2026.01.03-21.56.02:080][954]PIE: Play in editor total start time 0,178 seconds.
[2026.01.03-21.56.23:533][476]LogSlate: Updating window title bar state: overlay mode, drag disabled, window buttons hidden, title bar hidden
[2026.01.03-21.56.23:533][476]LogWorld: BeginTearingDown for /Game/UEDPIE_0_shooter
[2026.01.03-21.56.23:533][476]LogWorld: UWorld::CleanupWorld for shooter, bSessionEnded=true, bCleanupResources=true
[2026.01.03-21.56.23:534][476]LogSlate: InvalidateAllWidgets triggered.  All widgets were invalidated
[2026.01.03-21.56.23:579][476]LogPlayLevel: Display: Shutting down PIE online subsystems
[2026.01.03-21.56.23:709][476]LogSlate: InvalidateAllWidgets triggered.  All widgets were invalidated
[2026.01.03-21.56.23:790][476]LogAudio: Display: Audio Device unregistered from world 'None'.
[2026.01.03-21.56.23:790][476]LogAudioMixer: FMixerPlatformXAudio2::StopAudioStream() called
[2026.01.03-21.56.23:794][476]LogAudioMixer: FMixerPlatformXAudio2::StopAudioStream() called
[2026.01.03-21.56.23:797][476]LogSlate: Updating window title bar state: overlay mode, drag disabled, window buttons hidden, title bar hidden
[2026.01.03-21.56.23:809][476]LogUObjectHash: Compacting FUObjectHashTables data took  10.08ms
[2026.01.03-21.56.24:032][477]LogPlayLevel: Display: Destroying online subsystem :Context_39
[2026.01.03-21.56.25:338][496]LogSlate: Window 'Message Log' being destroyed
[2026.01.03-21.56.25:464][496]LogSlate: Window 'Message Log' being destroyed
[2026.01.03-21.56.33:570][641]LogWorld: UWorld::CleanupWorld for World_24, bSessionEnded=true, bCleanupResources=true
[2026.01.03-21.56.33:570][641]LogSlate: InvalidateAllWidgets triggered.  All widgets were invalidated
[2026.01.03-21.56.33:722][641]LogWorld: UWorld::CleanupWorld for World_26, bSessionEnded=true, bCleanupResources=true
[2026.01.03-21.56.33:722][641]LogSlate: InvalidateAllWidgets triggered.  All widgets were invalidated
[2026.01.03-21.56.33:747][641]LogWorld: UWorld::CleanupWorld for World_25, bSessionEnded=true, bCleanupResources=true
[2026.01.03-21.56.33:747][641]LogSlate: InvalidateAllWidgets triggered.  All widgets were invalidated
[2026.01.03-21.58.40:475][ 71]LogEditorTransaction: Undo Move Node
[2026.01.03-21.58.40:609][ 71]LogActorComponent: RegisterComponentWithWorld: (/Engine/Transient.World_17:PersistentLevel.AnimationEditorPreviewActor_0.DebugSkelMeshComponent_0) Already registered. Aborting.
[2026.01.03-21.58.40:755][ 73]LogEditorTransaction: Undo Create Pin Link
[2026.01.03-21.58.40:930][ 73]LogActorComponent: RegisterComponentWithWorld: (/Engine/Transient.World_17:PersistentLevel.AnimationEditorPreviewActor_0.DebugSkelMeshComponent_0) Already registered. Aborting.
[2026.01.03-21.58.41:235][ 86]LogEditorTransaction: Undo Create Pin Link
[2026.01.03-21.58.41:408][ 86]LogActorComponent: RegisterComponentWithWorld: (/Engine/Transient.World_17:PersistentLevel.AnimationEditorPreviewActor_0.DebugSkelMeshComponent_0) Already registered. Aborting.
[2026.01.03-21.58.41:576][ 92]LogEditorTransaction: Undo Break Pin Links
[2026.01.03-21.58.41:794][ 92]LogActorComponent: RegisterComponentWithWorld: (/Engine/Transient.World_17:PersistentLevel.AnimationEditorPreviewActor_0.DebugSkelMeshComponent_0) Already registered. Aborting.
[2026.01.03-21.58.41:903][ 93]LogEditorTransaction: Undo Move Node
[2026.01.03-21.58.42:082][ 93]LogActorComponent: RegisterComponentWithWorld: (/Engine/Transient.World_17:PersistentLevel.AnimationEditorPreviewActor_0.DebugSkelMeshComponent_0) Already registered. Aborting.
[2026.01.03-21.58.43:235][158]LogEditorTransaction: Undo Add Node
[2026.01.03-21.58.43:411][158]LogActorComponent: RegisterComponentWithWorld: (/Engine/Transient.World_17:PersistentLevel.AnimationEditorPreviewActor_0.DebugSkelMeshComponent_0) Already registered. Aborting.
[2026.01.03-21.58.44:212][202]LogEditorTransaction: Undo Move Node
[2026.01.03-21.58.44:383][202]LogActorComponent: RegisterComponentWithWorld: (/Engine/Transient.World_17:PersistentLevel.AnimationEditorPreviewActor_0.DebugSkelMeshComponent_0) Already registered. Aborting.
[2026.01.03-21.58.44:797][222]LogEditorTransaction: Undo Move Node
[2026.01.03-21.58.44:997][222]LogActorComponent: RegisterComponentWithWorld: (/Engine/Transient.World_17:PersistentLevel.AnimationEditorPreviewActor_0.DebugSkelMeshComponent_0) Already registered. Aborting.
[2026.01.03-21.58.45:337][238]LogEditorTransaction: Undo Add Node
[2026.01.03-21.58.45:513][238]LogActorComponent: RegisterComponentWithWorld: (/Engine/Transient.World_17:PersistentLevel.AnimationEditorPreviewActor_0.DebugSkelMeshComponent_0) Already registered. Aborting.
[2026.01.03-21.58.45:795][250]LogEditorTransaction: Undo Move Node
[2026.01.03-21.58.45:966][250]LogActorComponent: RegisterComponentWithWorld: (/Engine/Transient.World_17:PersistentLevel.AnimationEditorPreviewActor_0.DebugSkelMeshComponent_0) Already registered. Aborting.
[2026.01.03-21.58.53:422][685]LogBlueprint: Warning: [AssetLog] C:\Users\Dom\Desktop\unreal\TopDownShooter01\TopDownShooter01\Content\Blueprint\BP\BP_Spider.uasset: [Compiler] Pasted node  CustomEvent   conflicted with  Event Tick  and was replaced as a Custom Event!
[2026.01.03-21.59.07:481][503]LogEditorTransaction: Undo Move Nodes
[2026.01.03-21.59.07:668][503]LogActorComponent: RegisterComponentWithWorld: (/Engine/Transient.World_17:PersistentLevel.AnimationEditorPreviewActor_0.DebugSkelMeshComponent_0) Already registered. Aborting.
[2026.01.03-21.59.08:229][523]LogEditorTransaction: Undo Move Node
[2026.01.03-21.59.08:396][523]LogActorComponent: RegisterComponentWithWorld: (/Engine/Transient.World_17:PersistentLevel.AnimationEditorPreviewActor_0.DebugSkelMeshComponent_0) Already registered. Aborting.
[2026.01.03-21.59.08:844][545]LogEditorTransaction: Undo Move Nodes
[2026.01.03-21.59.09:015][545]LogActorComponent: RegisterComponentWithWorld: (/Engine/Transient.World_17:PersistentLevel.AnimationEditorPreviewActor_0.DebugSkelMeshComponent_0) Already registered. Aborting.
[2026.01.03-21.59.10:212][612]LogEditorTransaction: Undo Paste clipboard contents
[2026.01.03-21.59.10:386][612]LogActorComponent: RegisterComponentWithWorld: (/Engine/Transient.World_17:PersistentLevel.AnimationEditorPreviewActor_0.DebugSkelMeshComponent_0) Already registered. Aborting.
[2026.01.03-22.01.16:891][910]BlueprintLog: New page: Compile BP_Spider
[2026.01.03-22.01.17:141][910]LogUObjectHash: Compacting FUObjectHashTables data took   8.34ms
[2026.01.03-22.01.27:203][318]LogTemp: Repeating last play command: Selected Viewport
[2026.01.03-22.01.27:234][318]LogPlayLevel: PlayLevel: No blueprints needed recompiling
[2026.01.03-22.01.27:234][318]PIE: New page: PIE session: shooter (4 sty 2026, 00:01:27)
[2026.01.03-22.01.27:234][318]LogPlayLevel: Creating play world package: /Game/UEDPIE_0_shooter
[2026.01.03-22.01.27:244][318]LogPlayLevel: PIE: StaticDuplicateObject took: (0.009561s)
[2026.01.03-22.01.27:246][318]LogAIModule: Creating AISystem for world shooter
[2026.01.03-22.01.27:247][318]LogPlayLevel: PIE: World Init took: (0.002382s)
[2026.01.03-22.01.27:247][318]LogPlayLevel: PIE: Created PIE world by copying editor world from /Game/shooter.shooter to /Game/UEDPIE_0_shooter.shooter (0.012274s)
[2026.01.03-22.01.27:330][318]LogUObjectHash: Compacting FUObjectHashTables data took  12.14ms
[2026.01.03-22.01.27:332][318]LogAudio: Display: Creating Audio Device:                 Id: 15, Scope: Unique, Realtime: True
[2026.01.03-22.01.27:333][318]LogAudioMixer: Display: Audio Mixer Platform Settings:
[2026.01.03-22.01.27:333][318]LogAudioMixer: Display: 	Sample Rate:						  48000
[2026.01.03-22.01.27:333][318]LogAudioMixer: Display: 	Callback Buffer Frame Size Requested: 1024
[2026.01.03-22.01.27:333][318]LogAudioMixer: Display: 	Callback Buffer Frame Size To Use:	  1024
[2026.01.03-22.01.27:333][318]LogAudioMixer: Display: 	Number of buffers to queue:			  2
[2026.01.03-22.01.27:333][318]LogAudioMixer: Display: 	Max Channels (voices):				  32
[2026.01.03-22.01.27:333][318]LogAudioMixer: Display: 	Number of Async Source Workers:		  0
[2026.01.03-22.01.27:333][318]LogAudio: Display: AudioDevice MaxSources: 32
[2026.01.03-22.01.27:334][318]LogAudio: Display: Audio Spatialization Plugin: None (built-in).
[2026.01.03-22.01.27:334][318]LogAudio: Display: Audio Reverb Plugin: None (built-in).
[2026.01.03-22.01.27:334][318]LogAudio: Display: Audio Occlusion Plugin: None (built-in).
[2026.01.03-22.01.27:334][318]LogAudioMixer: Display: Initializing audio mixer.
[2026.01.03-22.01.27:347][318]LogAudioMixer: Display: 0: FrontLeft
[2026.01.03-22.01.27:347][318]LogAudioMixer: Display: 1: FrontRight
[2026.01.03-22.01.27:410][318]LogAudioMixer: Display: Using Audio Device Headphones (Tonsil R35BT)
[2026.01.03-22.01.27:410][318]LogAudioMixer: Display: Initializing Sound Submixes...
[2026.01.03-22.01.27:410][318]LogAudioMixer: Display: Creating Master Submix 'MasterSubmixDefault'
[2026.01.03-22.01.27:410][318]LogAudioMixer: Display: Creating Master Submix 'MasterReverbSubmixDefault'
[2026.01.03-22.01.27:411][318]LogAudioMixer: Display: Creating Master Submix 'MasterEQSubmixDefault'
[2026.01.03-22.01.27:411][318]LogAudioMixer: FMixerPlatformXAudio2::StartAudioStream() called
[2026.01.03-22.01.27:411][318]LogAudioMixer: Display: Output buffers initialized: Frames=1024, Channels=2, Samples=2048
[2026.01.03-22.01.27:414][318]LogAudioMixer: Display: Starting AudioMixerPlatformInterface::RunInternal()
[2026.01.03-22.01.27:414][318]LogAudioMixer: Display: FMixerPlatformXAudio2::SubmitBuffer() called for the first time
[2026.01.03-22.01.27:414][318]LogInit: FAudioDevice initialized.
[2026.01.03-22.01.27:414][318]LogAudio: Display: Audio Device (ID: 15) registered with world 'shooter'.
[2026.01.03-22.01.27:428][318]LogLoad: Game class is 'gamemode_C'
[2026.01.03-22.01.27:430][318]PIE: Error: Blueprint Runtime Error: "Accessed None trying to read property K2Node_DynamicCast_AsBP_Spider". Blueprint:  BS_Spider Function:  Execute Ubergraph BS Spider Graph:  EventGraph Node:  Set is walk
[2026.01.03-22.01.27:430][318]PIE: Error: Blueprint Runtime Error: "Accessed None trying to read property K2Node_DynamicCast_AsBP_Spider". Blueprint:  BS_Spider Function:  Execute Ubergraph BS Spider Graph:  EventGraph Node:  Set is walk
[2026.01.03-22.01.27:432][318]LogWorld: Bringing World /Game/UEDPIE_0_shooter.shooter up for play (max tick rate 60) at 2026.01.03-23.01.27
[2026.01.03-22.01.27:432][318]LogWorld: Bringing up level for play took: 0.002764
[2026.01.03-22.01.27:433][318]LogOnline: OSS: Creating online subsystem instance for: :Context_40
[2026.01.03-22.01.27:439][318]PIE: Server logged in
[2026.01.03-22.01.27:442][318]PIE: Play in editor total start time 0,219 seconds.
[2026.01.03-22.01.53:179][935]LogSlate: Updating window title bar state: overlay mode, drag disabled, window buttons hidden, title bar hidden
[2026.01.03-22.01.53:179][935]LogWorld: BeginTearingDown for /Game/UEDPIE_0_shooter
[2026.01.03-22.01.53:180][935]LogWorld: UWorld::CleanupWorld for shooter, bSessionEnded=true, bCleanupResources=true
[2026.01.03-22.01.53:181][935]LogSlate: InvalidateAllWidgets triggered.  All widgets were invalidated
[2026.01.03-22.01.53:229][935]LogPlayLevel: Display: Shutting down PIE online subsystems
[2026.01.03-22.01.53:344][935]LogSlate: InvalidateAllWidgets triggered.  All widgets were invalidated
[2026.01.03-22.01.53:413][935]LogAudio: Display: Audio Device unregistered from world 'None'.
[2026.01.03-22.01.53:414][935]LogAudioMixer: FMixerPlatformXAudio2::StopAudioStream() called
[2026.01.03-22.01.53:416][935]LogAudioMixer: FMixerPlatformXAudio2::StopAudioStream() called
[2026.01.03-22.01.53:420][935]LogSlate: Updating window title bar state: overlay mode, drag disabled, window buttons hidden, title bar hidden
[2026.01.03-22.01.53:432][935]LogUObjectHash: Compacting FUObjectHashTables data took   8.59ms
[2026.01.03-22.01.53:650][936]LogPlayLevel: Display: Destroying online subsystem :Context_40
[2026.01.03-22.01.55:153][962]LogSlate: Window 'Message Log' being destroyed
[2026.01.03-22.01.55:223][962]LogSlate: Window 'Message Log' being destroyed
[2026.01.03-22.02.38:243][866]LogUObjectHash: Compacting FUObjectHashTables data took   4.90ms
[2026.01.03-22.02.38:268][866]LogSavePackage: Moving '../../../../../../Users/Dom/Desktop/unreal/TopDownShooter01/TopDownShooter01/Saved/shooter_Auto79E603CF04F6B395C38AD368AAA5CA546.tmp' to '../../../../../../Users/Dom/Desktop/unreal/TopDownShooter01/TopDownShooter01/Saved/Autosaves/Game/shooter_Auto7.umap'
[2026.01.03-22.02.38:269][866]LogFileHelpers: Editor autosave (incl. external actors) for '/Game/shooter' took 0.077
[2026.01.03-22.02.38:269][866]LogFileHelpers: Editor autosave (incl. sublevels & external actors) for all levels took 0.077
[2026.01.03-22.02.38:270][866]OBJ SavePackage: Generating thumbnails for [1] asset(s) in package [/Game/Blueprint/Anim/spider_anim] ([2] browsable assets)...
[2026.01.03-22.02.38:270][866]OBJ SavePackage: Finished generating thumbnails for package [/Game/Blueprint/Anim/spider_anim]
[2026.01.03-22.02.38:292][866]LogSavePackage: Moving '../../../../../../Users/Dom/Desktop/unreal/TopDownShooter01/TopDownShooter01/Saved/spider_anim_Auto7BE7E1E984054A9302B9E99B0F118DEA4.tmp' to '../../../../../../Users/Dom/Desktop/unreal/TopDownShooter01/TopDownShooter01/Saved/Autosaves/Game/Blueprint/Anim/spider_anim_Auto7.uasset'
[2026.01.03-22.02.38:293][866]OBJ SavePackage: Generating thumbnails for [1] asset(s) in package [/Game/Blueprint/BP/BP_Spider] ([4] browsable assets)...
[2026.01.03-22.02.38:329][866]OBJ SavePackage:     Rendered thumbnail for [Blueprint /Game/Blueprint/BP/BP_Spider.BP_Spider]
[2026.01.03-22.02.38:366][866]OBJ SavePackage:     Rendered thumbnail for [Blueprint /Game/Blueprint/BP/BP_Spider.BP_Spider]
[2026.01.03-22.02.38:366][866]OBJ SavePackage: Finished generating thumbnails for package [/Game/Blueprint/BP/BP_Spider]
[2026.01.03-22.02.38:397][866]LogSavePackage: Moving '../../../../../../Users/Dom/Desktop/unreal/TopDownShooter01/TopDownShooter01/Saved/BP_Spider_Auto7E9F34437419329A3EAFDC0A455E8E4DA.tmp' to '../../../../../../Users/Dom/Desktop/unreal/TopDownShooter01/TopDownShooter01/Saved/Autosaves/Game/Blueprint/BP/BP_Spider_Auto7.uasset'
[2026.01.03-22.02.38:398][866]OBJ SavePackage: Generating thumbnails for [2] asset(s) in package [/Game/Animation/BS_Spider] ([4] browsable assets)...
[2026.01.03-22.02.38:437][866]OBJ SavePackage:     Rendered thumbnail for [AnimBlueprint /Game/Animation/BS_Spider.BS_Spider]
[2026.01.03-22.02.38:474][866]OBJ SavePackage:     Rendered thumbnail for [AnimBlueprint /Game/Animation/BS_Spider.BS_Spider]
[2026.01.03-22.02.38:474][866]OBJ SavePackage: Finished generating thumbnails for package [/Game/Animation/BS_Spider]
[2026.01.03-22.02.38:521][866]LogSavePackage: Moving '../../../../../../Users/Dom/Desktop/unreal/TopDownShooter01/TopDownShooter01/Saved/BS_Spider_Auto7085192A242E1A79233ACBA95149899D4.tmp' to '../../../../../../Users/Dom/Desktop/unreal/TopDownShooter01/TopDownShooter01/Saved/Autosaves/Game/Animation/BS_Spider_Auto7.uasset'
[2026.01.03-22.02.38:522][866]LogFileHelpers: Auto-saving content packages took 0.251
[2026.01.03-22.02.58:448][ 38]Cmd: OBJ SAVEPACKAGE PACKAGE="/Game/shooter" FILE="../../../../../../Users/Dom/Desktop/unreal/TopDownShooter01/TopDownShooter01/Content/shooter.umap" SILENT=true AUTOSAVING=false KEEPDIRTY=false
[2026.01.03-22.02.58:545][ 38]LogUObjectHash: Compacting FUObjectHashTables data took   2.36ms
[2026.01.03-22.02.58:593][ 38]LogSavePackage: Moving '../../../../../../Users/Dom/Desktop/unreal/TopDownShooter01/TopDownShooter01/Saved/shooter1D1F81E6462E3D18D0B0E58EE9B1AC7E.tmp' to '../../../../../../Users/Dom/Desktop/unreal/TopDownShooter01/TopDownShooter01/Content/shooter.umap'
[2026.01.03-22.02.58:620][ 38]Cmd: OBJ SAVEPACKAGE PACKAGE="/Game/shooter_BuiltData" FILE="../../../../../../Users/Dom/Desktop/unreal/TopDownShooter01/TopDownShooter01/Content/shooter_BuiltData.uasset" SILENT=true
[2026.01.03-22.02.58:666][ 38]LogSavePackage: Moving '../../../../../../Users/Dom/Desktop/unreal/TopDownShooter01/TopDownShooter01/Saved/shooter_BuiltData769DBBBC481C1369F8DE958D12084B2F.tmp' to '../../../../../../Users/Dom/Desktop/unreal/TopDownShooter01/TopDownShooter01/Content/shooter_BuiltData.uasset'
[2026.01.03-22.02.58:717][ 38]AssetCheck: New page: Asset Save: multiple assets
[2026.01.03-22.02.58:717][ 38]LogContentValidation: Display: Validating MapBuildDataRegistry /Game/shooter_BuiltData.shooter_BuiltData
[2026.01.03-22.02.58:717][ 38]LogContentValidation: Display: Validating World /Game/shooter.shooter
[2026.01.03-22.03.00:080][ 62]LogUObjectHash: Compacting FUObjectHashTables data took  15.65ms
[2026.01.03-22.03.02:862][ 62]LogSlate: Window 'Save Content' being destroyed
[2026.01.03-22.03.02:907][ 62]Cmd: OBJ SAVEPACKAGE PACKAGE="/Game/Blueprint/BP/BP_Soldier" FILE="../../../../../../Users/Dom/Desktop/unreal/TopDownShooter01/TopDownShooter01/Content/Blueprint/BP/BP_Soldier.uasset" SILENT=true
[2026.01.03-22.03.02:969][ 62]LogSavePackage: Moving '../../../../../../Users/Dom/Desktop/unreal/TopDownShooter01/TopDownShooter01/Saved/BP_Soldier6508A9354338AB0607323998DB47297B.tmp' to '../../../../../../Users/Dom/Desktop/unreal/TopDownShooter01/TopDownShooter01/Content/Blueprint/BP/BP_Soldier.uasset'
[2026.01.03-22.03.02:970][ 62]Cmd: OBJ SAVEPACKAGE PACKAGE="/Game/Blueprint/BP/BP_Spider" FILE="../../../../../../Users/Dom/Desktop/unreal/TopDownShooter01/TopDownShooter01/Content/Blueprint/BP/BP_Spider.uasset" SILENT=true
[2026.01.03-22.03.02:996][ 62]LogSavePackage: Moving '../../../../../../Users/Dom/Desktop/unreal/TopDownShooter01/TopDownShooter01/Saved/BP_Spider2D92405C49004F1DDCF41FB639D282EA.tmp' to '../../../../../../Users/Dom/Desktop/unreal/TopDownShooter01/TopDownShooter01/Content/Blueprint/BP/BP_Spider.uasset'
[2026.01.03-22.03.03:000][ 62]Cmd: OBJ SAVEPACKAGE PACKAGE="/Game/Animation/BS_Spider" FILE="../../../../../../Users/Dom/Desktop/unreal/TopDownShooter01/TopDownShooter01/Content/Animation/BS_Spider.uasset" SILENT=true
[2026.01.03-22.03.03:038][ 62]LogSavePackage: Moving '../../../../../../Users/Dom/Desktop/unreal/TopDownShooter01/TopDownShooter01/Saved/BS_Spider38D4838A4E3FE488984776980F9D45B4.tmp' to '../../../../../../Users/Dom/Desktop/unreal/TopDownShooter01/TopDownShooter01/Content/Animation/BS_Spider.uasset'
[2026.01.03-22.03.03:039][ 62]Cmd: OBJ SAVEPACKAGE PACKAGE="/Game/Blueprint/Anim/spider_anim" FILE="../../../../../../Users/Dom/Desktop/unreal/TopDownShooter01/TopDownShooter01/Content/Blueprint/Anim/spider_anim.uasset" SILENT=true
[2026.01.03-22.03.03:068][ 62]LogSavePackage: Moving '../../../../../../Users/Dom/Desktop/unreal/TopDownShooter01/TopDownShooter01/Saved/spider_animF2082565419332BBFD3E49BBA64A6A07.tmp' to '../../../../../../Users/Dom/Desktop/unreal/TopDownShooter01/TopDownShooter01/Content/Blueprint/Anim/spider_anim.uasset'
[2026.01.03-22.03.03:071][ 62]Cmd: OBJ SAVEPACKAGE PACKAGE="/Game/Animation/Spider_Attack" FILE="../../../../../../Users/Dom/Desktop/unreal/TopDownShooter01/TopDownShooter01/Content/Animation/Spider_Attack.uasset" SILENT=true
[2026.01.03-22.03.03:073][ 62]LogSavePackage: Moving '../../../../../../Users/Dom/Desktop/unreal/TopDownShooter01/TopDownShooter01/Saved/Spider_Attack028D7F8147F5FFC00E380692D91F8476.tmp' to '../../../../../../Users/Dom/Desktop/unreal/TopDownShooter01/TopDownShooter01/Content/Animation/Spider_Attack.uasset'
[2026.01.03-22.03.03:074][ 62]Cmd: OBJ SAVEPACKAGE PACKAGE="/Game/UI/W_PlayerHUD" FILE="../../../../../../Users/Dom/Desktop/unreal/TopDownShooter01/TopDownShooter01/Content/UI/W_PlayerHUD.uasset" SILENT=true
[2026.01.03-22.03.03:089][ 62]LogSavePackage: Moving '../../../../../../Users/Dom/Desktop/unreal/TopDownShooter01/TopDownShooter01/Saved/W_PlayerHUD65527E1F49CB9DCC745C59857BE089B6.tmp' to '../../../../../../Users/Dom/Desktop/unreal/TopDownShooter01/TopDownShooter01/Content/UI/W_PlayerHUD.uasset'
[2026.01.03-22.03.03:140][ 62]LogActorComponent: UnregisterComponent: (/Engine/Transient.EditorFloorComp) Not registered. Aborting.
[2026.01.03-22.03.03:140][ 62]LogWorld: UWorld::CleanupWorld for World_4, bSessionEnded=true, bCleanupResources=true
[2026.01.03-22.03.03:140][ 62]LogSlate: InvalidateAllWidgets triggered.  All widgets were invalidated
[2026.01.03-22.03.03:315][ 62]LogWorld: UWorld::CleanupWorld for World_18, bSessionEnded=true, bCleanupResources=true
[2026.01.03-22.03.03:315][ 62]LogSlate: InvalidateAllWidgets triggered.  All widgets were invalidated
[2026.01.03-22.03.03:347][ 62]LogWorld: UWorld::CleanupWorld for World_17, bSessionEnded=true, bCleanupResources=true
[2026.01.03-22.03.03:347][ 62]LogSlate: InvalidateAllWidgets triggered.  All widgets were invalidated
[2026.01.03-22.03.03:361][ 62]LogWorld: UWorld::CleanupWorld for World_16, bSessionEnded=true, bCleanupResources=true
[2026.01.03-22.03.03:361][ 62]LogSlate: InvalidateAllWidgets triggered.  All widgets were invalidated
[2026.01.03-22.03.03:469][ 62]LogActorComponent: UnregisterComponent: (/Engine/Transient.EditorFloorComp) Not registered. Aborting.
[2026.01.03-22.03.03:469][ 62]LogWorld: UWorld::CleanupWorld for World_10, bSessionEnded=true, bCleanupResources=true
[2026.01.03-22.03.03:469][ 62]LogSlate: InvalidateAllWidgets triggered.  All widgets were invalidated
[2026.01.03-22.03.03:564][ 62]LogSlate: Window 'TopDownShooter - Unreal Editor' being destroyed
[2026.01.03-22.03.03:753][ 62]AssetCheck: New page: Asset Save: multiple assets
[2026.01.03-22.03.03:753][ 62]LogContentValidation: Display: Validating Blueprint /Game/Blueprint/BP/BP_Soldier.BP_Soldier
[2026.01.03-22.03.03:753][ 62]LogContentValidation: Display: Validating WidgetBlueprint /Game/UI/W_PlayerHUD.W_PlayerHUD
[2026.01.03-22.03.03:754][ 62]LogContentValidation: Display: Validating Blueprint /Game/Blueprint/BP/BP_Spider.BP_Spider
[2026.01.03-22.03.03:754][ 62]LogContentValidation: Display: Validating AnimBlueprint /Game/Animation/BS_Spider.BS_Spider
[2026.01.03-22.03.03:754][ 62]LogContentValidation: Display: Validating AnimMontage /Game/Animation/Spider_Attack.Spider_Attack
[2026.01.03-22.03.03:754][ 62]LogContentValidation: Display: Validating AnimBlueprint /Game/Blueprint/Anim/spider_anim.spider_anim
[2026.01.03-22.03.03:758][ 63]Cmd: QUIT_EDITOR
[2026.01.03-22.03.03:758][ 63]LogCore: Engine exit requested (reason: UUnrealEdEngine::CloseEditor())
[2026.01.03-22.03.03:770][ 63]LogCore: Engine exit requested (reason: EngineExit() was called; note: exit was already requested)
[2026.01.03-22.03.04:608][ 63]LogAudio: Display: Beginning Audio Device Manager Shutdown (Module: AudioMixerXAudio2)...
[2026.01.03-22.03.04:608][ 63]LogAudio: Display: Destroying 1 Remaining Audio Device(s)...
[2026.01.03-22.03.04:608][ 63]LogAudio: Display: Audio Device unregistered from world 'shooter'.
[2026.01.03-22.03.04:608][ 63]LogAudioMixer: FMixerPlatformXAudio2::StopAudioStream() called
[2026.01.03-22.03.04:620][ 63]LogAudioMixer: FMixerPlatformXAudio2::StopAudioStream() called
[2026.01.03-22.03.04:635][ 63]LogAudio: Display: Audio Device Manager Shutdown
[2026.01.03-22.03.04:636][ 63]LogWindowsTextInputMethodSystem: Display: IME system deactivated.
[2026.01.03-22.03.04:654][ 63]LogExit: Preparing to exit.
[2026.01.03-22.03.04:985][ 63]LogUObjectHash: Compacting FUObjectHashTables data took  19.42ms
[2026.01.03-22.03.05:268][ 63]LogActorComponent: UnregisterComponent: (None.None) Not registered. Aborting.
[2026.01.03-22.03.05:268][ 63]LogActorComponent: UnregisterComponent: (None.None) Not registered. Aborting.
[2026.01.03-22.03.05:268][ 63]LogActorComponent: UnregisterComponent: (None.None) Not registered. Aborting.
[2026.01.03-22.03.05:268][ 63]LogActorComponent: UnregisterComponent: (None.None) Not registered. Aborting.
[2026.01.03-22.03.05:268][ 63]LogActorComponent: UnregisterComponent: (None.None) Not registered. Aborting.
[2026.01.03-22.03.05:268][ 63]LogActorComponent: UnregisterComponent: (None.None) Not registered. Aborting.
[2026.01.03-22.03.05:268][ 63]LogActorComponent: UnregisterComponent: (None.None) Not registered. Aborting.
[2026.01.03-22.03.05:268][ 63]LogWorld: UWorld::CleanupWorld for None, bSessionEnded=true, bCleanupResources=true
[2026.01.03-22.03.05:268][ 63]LogActorComponent: UnregisterComponent: (None.None) Not registered. Aborting.
[2026.01.03-22.03.05:268][ 63]LogActorComponent: UnregisterComponent: (None.None) Not registered. Aborting.
[2026.01.03-22.03.05:268][ 63]LogActorComponent: UnregisterComponent: (None.None) Not registered. Aborting.
[2026.01.03-22.03.05:268][ 63]LogActorComponent: UnregisterComponent: (None.None) Not registered. Aborting.
[2026.01.03-22.03.05:268][ 63]LogActorComponent: UnregisterComponent: (None.None) Not registered. Aborting.
[2026.01.03-22.03.05:268][ 63]LogActorComponent: UnregisterComponent: (None.None) Not registered. Aborting.
[2026.01.03-22.03.05:268][ 63]LogActorComponent: UnregisterComponent: (None.None) Not registered. Aborting.
[2026.01.03-22.03.05:268][ 63]LogWorld: UWorld::CleanupWorld for None, bSessionEnded=true, bCleanupResources=true
[2026.01.03-22.03.05:268][ 63]LogActorComponent: UnregisterComponent: (None.None) Not registered. Aborting.
[2026.01.03-22.03.05:270][ 63]LogActorComponent: UnregisterComponent: (None.None) Not registered. Aborting.
[2026.01.03-22.03.05:270][ 63]LogActorComponent: UnregisterComponent: (None.None) Not registered. Aborting.
[2026.01.03-22.03.05:270][ 63]LogActorComponent: UnregisterComponent: (None.None) Not registered. Aborting.
[2026.01.03-22.03.05:270][ 63]LogActorComponent: UnregisterComponent: (None.None) Not registered. Aborting.
[2026.01.03-22.03.05:270][ 63]LogActorComponent: UnregisterComponent: (None.None) Not registered. Aborting.
[2026.01.03-22.03.05:270][ 63]LogActorComponent: UnregisterComponent: (None.None) Not registered. Aborting.
[2026.01.03-22.03.05:270][ 63]LogWorld: UWorld::CleanupWorld for None, bSessionEnded=true, bCleanupResources=true
[2026.01.03-22.03.05:270][ 63]LogActorComponent: UnregisterComponent: (None.None) Not registered. Aborting.
[2026.01.03-22.03.05:270][ 63]LogActorComponent: UnregisterComponent: (None.None) Not registered. Aborting.
[2026.01.03-22.03.05:270][ 63]LogActorComponent: UnregisterComponent: (None.None) Not registered. Aborting.
[2026.01.03-22.03.05:270][ 63]LogActorComponent: UnregisterComponent: (None.None) Not registered. Aborting.
[2026.01.03-22.03.05:270][ 63]LogActorComponent: UnregisterComponent: (None.None) Not registered. Aborting.
[2026.01.03-22.03.05:270][ 63]LogActorComponent: UnregisterComponent: (None.None) Not registered. Aborting.
[2026.01.03-22.03.05:270][ 63]LogActorComponent: UnregisterComponent: (None.None) Not registered. Aborting.
[2026.01.03-22.03.05:270][ 63]LogWorld: UWorld::CleanupWorld for None, bSessionEnded=true, bCleanupResources=true
[2026.01.03-22.03.05:271][ 63]LogActorComponent: UnregisterComponent: (None.None) Not registered. Aborting.
[2026.01.03-22.03.05:271][ 63]LogActorComponent: UnregisterComponent: (None.None) Not registered. Aborting.
[2026.01.03-22.03.05:271][ 63]LogActorComponent: UnregisterComponent: (None.None) Not registered. Aborting.
[2026.01.03-22.03.05:271][ 63]LogActorComponent: UnregisterComponent: (None.None) Not registered. Aborting.
[2026.01.03-22.03.05:271][ 63]LogActorComponent: UnregisterComponent: (None.None) Not registered. Aborting.
[2026.01.03-22.03.05:271][ 63]LogActorComponent: UnregisterComponent: (None.None) Not registered. Aborting.
[2026.01.03-22.03.05:271][ 63]LogActorComponent: UnregisterComponent: (None.None) Not registered. Aborting.
[2026.01.03-22.03.05:271][ 63]LogWorld: UWorld::CleanupWorld for None, bSessionEnded=true, bCleanupResources=true
[2026.01.03-22.03.05:271][ 63]LogActorComponent: UnregisterComponent: (None.None) Not registered. Aborting.
[2026.01.03-22.03.05:271][ 63]LogActorComponent: UnregisterComponent: (None.None) Not registered. Aborting.
[2026.01.03-22.03.05:271][ 63]LogActorComponent: UnregisterComponent: (None.None) Not registered. Aborting.
[2026.01.03-22.03.05:271][ 63]LogActorComponent: UnregisterComponent: (None.None) Not registered. Aborting.
[2026.01.03-22.03.05:271][ 63]LogActorComponent: UnregisterComponent: (None.None) Not registered. Aborting.
[2026.01.03-22.03.05:271][ 63]LogActorComponent: UnregisterComponent: (None.None) Not registered. Aborting.
[2026.01.03-22.03.05:271][ 63]LogActorComponent: UnregisterComponent: (None.None) Not registered. Aborting.
[2026.01.03-22.03.05:271][ 63]LogWorld: UWorld::CleanupWorld for None, bSessionEnded=true, bCleanupResources=true
[2026.01.03-22.03.05:272][ 63]LogActorComponent: UnregisterComponent: (None.None) Not registered. Aborting.
[2026.01.03-22.03.05:272][ 63]LogActorComponent: UnregisterComponent: (None.None) Not registered. Aborting.
[2026.01.03-22.03.05:272][ 63]LogActorComponent: UnregisterComponent: (None.None) Not registered. Aborting.
[2026.01.03-22.03.05:272][ 63]LogActorComponent: UnregisterComponent: (None.None) Not registered. Aborting.
[2026.01.03-22.03.05:272][ 63]LogActorComponent: UnregisterComponent: (None.None) Not registered. Aborting.
[2026.01.03-22.03.05:272][ 63]LogActorComponent: UnregisterComponent: (None.None) Not registered. Aborting.
[2026.01.03-22.03.05:272][ 63]LogActorComponent: UnregisterComponent: (None.None) Not registered. Aborting.
[2026.01.03-22.03.05:272][ 63]LogWorld: UWorld::CleanupWorld for None, bSessionEnded=true, bCleanupResources=true
[2026.01.03-22.03.05:272][ 63]LogActorComponent: UnregisterComponent: (None.None) Not registered. Aborting.
[2026.01.03-22.03.05:272][ 63]LogActorComponent: UnregisterComponent: (None.None) Not registered. Aborting.
[2026.01.03-22.03.05:272][ 63]LogActorComponent: UnregisterComponent: (None.None) Not registered. Aborting.
[2026.01.03-22.03.05:272][ 63]LogActorComponent: UnregisterComponent: (None.None) Not registered. Aborting.
[2026.01.03-22.03.05:272][ 63]LogActorComponent: UnregisterComponent: (None.None) Not registered. Aborting.
[2026.01.03-22.03.05:272][ 63]LogActorComponent: UnregisterComponent: (None.None) Not registered. Aborting.
[2026.01.03-22.03.05:272][ 63]LogActorComponent: UnregisterComponent: (None.None) Not registered. Aborting.
[2026.01.03-22.03.05:272][ 63]LogWorld: UWorld::CleanupWorld for None, bSessionEnded=true, bCleanupResources=true
[2026.01.03-22.03.05:272][ 63]LogActorComponent: UnregisterComponent: (None.None) Not registered. Aborting.
[2026.01.03-22.03.05:273][ 63]LogActorComponent: UnregisterComponent: (None.None) Not registered. Aborting.
[2026.01.03-22.03.05:273][ 63]LogActorComponent: UnregisterComponent: (None.None) Not registered. Aborting.
[2026.01.03-22.03.05:273][ 63]LogActorComponent: UnregisterComponent: (None.None) Not registered. Aborting.
[2026.01.03-22.03.05:273][ 63]LogActorComponent: UnregisterComponent: (None.None) Not registered. Aborting.
[2026.01.03-22.03.05:273][ 63]LogActorComponent: UnregisterComponent: (None.None) Not registered. Aborting.
[2026.01.03-22.03.05:273][ 63]LogActorComponent: UnregisterComponent: (None.None) Not registered. Aborting.
[2026.01.03-22.03.05:273][ 63]LogWorld: UWorld::CleanupWorld for None, bSessionEnded=true, bCleanupResources=true
[2026.01.03-22.03.05:273][ 63]LogActorComponent: UnregisterComponent: (None.None) Not registered. Aborting.
[2026.01.03-22.03.05:273][ 63]LogActorComponent: UnregisterComponent: (None.None) Not registered. Aborting.
[2026.01.03-22.03.05:273][ 63]LogActorComponent: UnregisterComponent: (None.None) Not registered. Aborting.
[2026.01.03-22.03.05:273][ 63]LogActorComponent: UnregisterComponent: (None.None) Not registered. Aborting.
[2026.01.03-22.03.05:273][ 63]LogActorComponent: UnregisterComponent: (None.None) Not registered. Aborting.
[2026.01.03-22.03.05:273][ 63]LogActorComponent: UnregisterComponent: (None.None) Not registered. Aborting.
[2026.01.03-22.03.05:273][ 63]LogActorComponent: UnregisterComponent: (None.None) Not registered. Aborting.
[2026.01.03-22.03.05:273][ 63]LogWorld: UWorld::CleanupWorld for None, bSessionEnded=true, bCleanupResources=true
[2026.01.03-22.03.05:273][ 63]LogActorComponent: UnregisterComponent: (None.None) Not registered. Aborting.
[2026.01.03-22.03.05:274][ 63]LogActorComponent: UnregisterComponent: (None.None) Not registered. Aborting.
[2026.01.03-22.03.05:274][ 63]LogActorComponent: UnregisterComponent: (None.None) Not registered. Aborting.
[2026.01.03-22.03.05:274][ 63]LogActorComponent: UnregisterComponent: (None.None) Not registered. Aborting.
[2026.01.03-22.03.05:274][ 63]LogActorComponent: UnregisterComponent: (None.None) Not registered. Aborting.
[2026.01.03-22.03.05:274][ 63]LogActorComponent: UnregisterComponent: (None.None) Not registered. Aborting.
[2026.01.03-22.03.05:274][ 63]LogActorComponent: UnregisterComponent: (None.None) Not registered. Aborting.
[2026.01.03-22.03.05:274][ 63]LogWorld: UWorld::CleanupWorld for None, bSessionEnded=true, bCleanupResources=true
[2026.01.03-22.03.05:274][ 63]LogActorComponent: UnregisterComponent: (None.None) Not registered. Aborting.
[2026.01.03-22.03.05:274][ 63]LogActorComponent: UnregisterComponent: (None.None) Not registered. Aborting.
[2026.01.03-22.03.05:274][ 63]LogActorComponent: UnregisterComponent: (None.None) Not registered. Aborting.
[2026.01.03-22.03.05:274][ 63]LogActorComponent: UnregisterComponent: (None.None) Not registered. Aborting.
[2026.01.03-22.03.05:274][ 63]LogActorComponent: UnregisterComponent: (None.None) Not registered. Aborting.
[2026.01.03-22.03.05:274][ 63]LogActorComponent: UnregisterComponent: (None.None) Not registered. Aborting.
[2026.01.03-22.03.05:274][ 63]LogActorComponent: UnregisterComponent: (None.None) Not registered. Aborting.
[2026.01.03-22.03.05:274][ 63]LogWorld: UWorld::CleanupWorld for None, bSessionEnded=true, bCleanupResources=true
[2026.01.03-22.03.05:274][ 63]LogActorComponent: UnregisterComponent: (None.None) Not registered. Aborting.
[2026.01.03-22.03.05:275][ 63]LogActorComponent: UnregisterComponent: (None.None) Not registered. Aborting.
[2026.01.03-22.03.05:275][ 63]LogActorComponent: UnregisterComponent: (None.None) Not registered. Aborting.
[2026.01.03-22.03.05:275][ 63]LogActorComponent: UnregisterComponent: (None.None) Not registered. Aborting.
[2026.01.03-22.03.05:275][ 63]LogActorComponent: UnregisterComponent: (None.None) Not registered. Aborting.
[2026.01.03-22.03.05:275][ 63]LogActorComponent: UnregisterComponent: (None.None) Not registered. Aborting.
[2026.01.03-22.03.05:275][ 63]LogActorComponent: UnregisterComponent: (None.None) Not registered. Aborting.
[2026.01.03-22.03.05:275][ 63]LogWorld: UWorld::CleanupWorld for None, bSessionEnded=true, bCleanupResources=true
[2026.01.03-22.03.05:275][ 63]LogActorComponent: UnregisterComponent: (None.None) Not registered. Aborting.
[2026.01.03-22.03.05:275][ 63]LogActorComponent: UnregisterComponent: (None.None) Not registered. Aborting.
[2026.01.03-22.03.05:275][ 63]LogActorComponent: UnregisterComponent: (None.None) Not registered. Aborting.
[2026.01.03-22.03.05:275][ 63]LogActorComponent: UnregisterComponent: (None.None) Not registered. Aborting.
[2026.01.03-22.03.05:275][ 63]LogActorComponent: UnregisterComponent: (None.None) Not registered. Aborting.
[2026.01.03-22.03.05:275][ 63]LogActorComponent: UnregisterComponent: (None.None) Not registered. Aborting.
[2026.01.03-22.03.05:276][ 63]LogActorComponent: UnregisterComponent: (None.None) Not registered. Aborting.
[2026.01.03-22.03.05:276][ 63]LogWorld: UWorld::CleanupWorld for None, bSessionEnded=true, bCleanupResources=true
[2026.01.03-22.03.05:276][ 63]LogActorComponent: UnregisterComponent: (None.None) Not registered. Aborting.
[2026.01.03-22.03.05:276][ 63]LogActorComponent: UnregisterComponent: (None.None) Not registered. Aborting.
[2026.01.03-22.03.05:276][ 63]LogActorComponent: UnregisterComponent: (None.None) Not registered. Aborting.
[2026.01.03-22.03.05:276][ 63]LogActorComponent: UnregisterComponent: (None.None) Not registered. Aborting.
[2026.01.03-22.03.05:276][ 63]LogActorComponent: UnregisterComponent: (None.None) Not registered. Aborting.
[2026.01.03-22.03.05:276][ 63]LogActorComponent: UnregisterComponent: (None.None) Not registered. Aborting.
[2026.01.03-22.03.05:276][ 63]LogActorComponent: UnregisterComponent: (None.None) Not registered. Aborting.
[2026.01.03-22.03.05:276][ 63]LogWorld: UWorld::CleanupWorld for None, bSessionEnded=true, bCleanupResources=true
[2026.01.03-22.03.05:361][ 63]LogDemo: Cleaned up 0 splitscreen connections with owner deletion
[2026.01.03-22.03.05:379][ 63]LogExit: Editor shut down
[2026.01.03-22.03.05:380][ 63]LogExit: Transaction tracking system shut down
[2026.01.03-22.03.05:981][ 63]LogExit: Object subsystem successfully closed.
[2026.01.03-22.03.06:014][ 63]LogShaderCompilers: Display: === FShaderJobCache stats ===
[2026.01.03-22.03.06:014][ 63]LogShaderCompilers: Display: Total job queries 0, among them cache hits 0 (0.00%)
[2026.01.03-22.03.06:014][ 63]LogShaderCompilers: Display: Tracking 0 distinct input hashes that result in 0 distinct outputs (0.00%)
[2026.01.03-22.03.06:014][ 63]LogShaderCompilers: Display: RAM used: 0.00 MB (0.00 GB) of 1638.40 MB (1.60 GB) budget. Usage: 0.00%
[2026.01.03-22.03.06:014][ 63]LogShaderCompilers: Display: ================================================
[2026.01.03-22.03.06:037][ 63]LogShaderCompilers: Display: Shaders left to compile 0
[2026.01.03-22.03.06:113][ 63]LogModuleManager: Shutting down and abandoning module AnimationEditor (884)
[2026.01.03-22.03.06:114][ 63]LogModuleManager: Shutting down and abandoning module PinnedCommandList (882)
[2026.01.03-22.03.06:114][ 63]LogModuleManager: Shutting down and abandoning module SkeletonEditor (880)
[2026.01.03-22.03.06:114][ 63]LogModuleManager: Shutting down and abandoning module SequencerWidgets (878)
[2026.01.03-22.03.06:114][ 63]LogModuleManager: Shutting down and abandoning module BlueprintGraph (876)
[2026.01.03-22.03.06:114][ 63]LogModuleManager: Shutting down and abandoning module MovieSceneCapture (874)
[2026.01.03-22.03.06:114][ 63]LogModuleManager: Shutting down and abandoning module Voice (872)
[2026.01.03-22.03.06:114][ 63]LogModuleManager: Shutting down and abandoning module HierarchicalLODOutliner (870)
[2026.01.03-22.03.06:114][ 63]LogModuleManager: Shutting down and abandoning module SceneOutliner (868)
[2026.01.03-22.03.06:114][ 63]LogModuleManager: Shutting down and abandoning module AddContentDialog (866)
[2026.01.03-22.03.06:115][ 63]LogModuleManager: Shutting down and abandoning module WidgetCarousel (865)
[2026.01.03-22.03.06:115][ 63]LogModuleManager: Shutting down and abandoning module EditorWidgets (862)
[2026.01.03-22.03.06:115][ 63]LogModuleManager: Shutting down and abandoning module StatsViewer (860)
[2026.01.03-22.03.06:115][ 63]LogModuleManager: Shutting down and abandoning module PIEPreviewDeviceProfileSelector (858)
[2026.01.03-22.03.06:116][ 63]LogModuleManager: Shutting down and abandoning module SequenceRecorderSections (856)
[2026.01.03-22.03.06:116][ 63]LogModuleManager: Shutting down and abandoning module AutomationWorker (854)
[2026.01.03-22.03.06:116][ 63]LogModuleManager: Shutting down and abandoning module SteamVREditor (852)
[2026.01.03-22.03.06:116][ 63]LogModuleManager: Shutting down and abandoning module OculusMR (850)
[2026.01.03-22.03.06:116][ 63]LogModuleManager: Shutting down and abandoning module OpenXRInput (848)
[2026.01.03-22.03.06:116][ 63]LogModuleManager: Shutting down and abandoning module GooglePADEditor (846)
[2026.01.03-22.03.06:116][ 63]LogModuleManager: Shutting down and abandoning module AudioCaptureEditor (844)
[2026.01.03-22.03.06:116][ 63]LogModuleManager: Shutting down and abandoning module TakeRecorderSources (842)
[2026.01.03-22.03.06:116][ 63]LogModuleManager: Shutting down and abandoning module TakeRecorder (841)
[2026.01.03-22.03.06:116][ 63]LogModuleManager: Shutting down and abandoning module TakeTrackRecorders (838)
[2026.01.03-22.03.06:117][ 63]LogModuleManager: Shutting down and abandoning module TakesCore (836)
[2026.01.03-22.03.06:117][ 63]LogModuleManager: Shutting down and abandoning module TemplateSequenceEditor (834)
[2026.01.03-22.03.06:117][ 63]LogModuleManager: Shutting down and abandoning module MatineeToLevelSequence (832)
[2026.01.03-22.03.06:117][ 63]LogModuleManager: Shutting down and abandoning module LevelSequenceEditor (830)
[2026.01.03-22.03.06:117][ 63]LogModuleManager: Shutting down and abandoning module ActorSequenceEditor (828)
[2026.01.03-22.03.06:118][ 63]LogModuleManager: Shutting down and abandoning module WmfMediaFactory (826)
[2026.01.03-22.03.06:118][ 63]LogModuleManager: Shutting down and abandoning module WmfMediaEditor (824)
[2026.01.03-22.03.06:118][ 63]LogModuleManager: Shutting down and abandoning module WebMMediaFactory (822)
[2026.01.03-22.03.06:118][ 63]LogModuleManager: Shutting down and abandoning module WebMMediaEditor (820)
[2026.01.03-22.03.06:118][ 63]LogModuleManager: Shutting down and abandoning module WebMMedia (818)
[2026.01.03-22.03.06:118][ 63]LogModuleManager: Shutting down and abandoning module MediaPlayerEditor (816)
[2026.01.03-22.03.06:118][ 63]LogModuleManager: Shutting down and abandoning module MediaCompositingEditor (814)
[2026.01.03-22.03.06:118][ 63]LogModuleManager: Shutting down and abandoning module SequenceRecorder (813)
[2026.01.03-22.03.06:118][ 63]LogModuleManager: Shutting down and abandoning module OpenExrWrapper (810)
[2026.01.03-22.03.06:118][ 63]LogModuleManager: Shutting down and abandoning module ImgMediaFactory (808)
[2026.01.03-22.03.06:118][ 63]LogModuleManager: Shutting down and abandoning module ImgMediaEditor (806)
[2026.01.03-22.03.06:118][ 63]LogModuleManager: Shutting down and abandoning module AvfMediaFactory (804)
[2026.01.03-22.03.06:118][ 63]LogModuleManager: Shutting down and abandoning module AvfMediaEditor (802)
[2026.01.03-22.03.06:118][ 63]LogModuleManager: Shutting down and abandoning module AndroidMediaFactory (800)
[2026.01.03-22.03.06:118][ 63]LogModuleManager: Shutting down and abandoning module AndroidMediaEditor (798)
[2026.01.03-22.03.06:118][ 63]LogModuleManager: Shutting down and abandoning module PlanarCut (796)
[2026.01.03-22.03.06:118][ 63]LogModuleManager: Shutting down and abandoning module MagicLeapMediaCodecFactory (794)
[2026.01.03-22.03.06:118][ 63]LogModuleManager: Shutting down and abandoning module MagicLeapMediaFactory (792)
[2026.01.03-22.03.06:118][ 63]LogModuleManager: Shutting down and abandoning module MagicLeapMediaEditor (790)
[2026.01.03-22.03.06:118][ 63]LogModuleManager: Shutting down and abandoning module TextureAlignMode (788)
[2026.01.03-22.03.06:120][ 63]LogModuleManager: Shutting down and abandoning module BspMode (786)
[2026.01.03-22.03.06:120][ 63]LogModuleManager: Shutting down and abandoning module GeometryMode (784)
[2026.01.03-22.03.06:120][ 63]LogModuleManager: Shutting down and abandoning module CharacterAI (782)
[2026.01.03-22.03.06:120][ 63]LogModuleManager: Shutting down and abandoning module CameraShakePreviewer (780)
[2026.01.03-22.03.06:120][ 63]LogModuleManager: Shutting down and abandoning module SmartSnapping (778)
[2026.01.03-22.03.06:120][ 63]LogModuleManager: Shutting down and abandoning module SessionServices (776)
[2026.01.03-22.03.06:120][ 63]LogModuleManager: Shutting down and abandoning module MeshPaint (774)
[2026.01.03-22.03.06:120][ 63]LogModuleManager: Shutting down and abandoning module VirtualTexturingEditor (772)
[2026.01.03-22.03.06:120][ 63]LogModuleManager: Shutting down and abandoning module FoliageEdit (770)
[2026.01.03-22.03.06:120][ 63]LogModuleManager: Shutting down and abandoning module LandscapeEditor (768)
[2026.01.03-22.03.06:121][ 63]LogModuleManager: Shutting down and abandoning module MeshPaintMode (766)
[2026.01.03-22.03.06:121][ 63]LogModuleManager: Shutting down and abandoning module SceneDepthPickerMode (764)
[2026.01.03-22.03.06:121][ 63]LogModuleManager: Shutting down and abandoning module ActorPickerMode (762)
[2026.01.03-22.03.06:121][ 63]LogModuleManager: Shutting down and abandoning module PlacementMode (760)
[2026.01.03-22.03.06:121][ 63]LogModuleManager: Shutting down and abandoning module ViewportSnapping (758)
[2026.01.03-22.03.06:121][ 63]LogModuleManager: Shutting down and abandoning module ViewportInteraction (756)
[2026.01.03-22.03.06:121][ 63]LogModuleManager: Shutting down and abandoning module ClothPainter (754)
[2026.01.03-22.03.06:121][ 63]LogModuleManager: Shutting down and abandoning module SkeletalMeshEditor (753)
[2026.01.03-22.03.06:121][ 63]LogModuleManager: Shutting down and abandoning module LogVisualizer (750)
[2026.01.03-22.03.06:121][ 63]LogModuleManager: Shutting down and abandoning module IntroTutorials (748)
[2026.01.03-22.03.06:121][ 63]LogModuleManager: Shutting down and abandoning module GameProjectGeneration (747)
[2026.01.03-22.03.06:121][ 63]LogModuleManager: Shutting down and abandoning module LuminPlatformEditor (744)
[2026.01.03-22.03.06:121][ 63]LogModuleManager: Shutting down and abandoning module IOSPlatformEditor (742)
[2026.01.03-22.03.06:122][ 63]LogModuleManager: Shutting down and abandoning module AndroidPlatformEditor (740)
[2026.01.03-22.03.06:122][ 63]LogModuleManager: Shutting down and abandoning module AndroidDeviceDetection (739)
[2026.01.03-22.03.06:201][ 63]LogModuleManager: Shutting down and abandoning module WindowsPlatformEditor (736)
[2026.01.03-22.03.06:201][ 63]LogModuleManager: Shutting down and abandoning module LuminRuntimeSettings (734)
[2026.01.03-22.03.06:201][ 63]LogModuleManager: Shutting down and abandoning module IOSRuntimeSettings (732)
[2026.01.03-22.03.06:201][ 63]LogModuleManager: Shutting down and abandoning module AndroidRuntimeSettings (730)
[2026.01.03-22.03.06:201][ 63]LogModuleManager: Shutting down and abandoning module TraceInsights (728)
[2026.01.03-22.03.06:202][ 63]MemoryProfiler: Shutdown
[2026.01.03-22.03.06:202][ 63]NetworkingProfiler: Shutdown
[2026.01.03-22.03.06:202][ 63]LoadingProfiler: Shutdown
[2026.01.03-22.03.06:202][ 63]TimingProfiler: Shutdown
[2026.01.03-22.03.06:203][ 63]LogModuleManager: Shutting down and abandoning module TraceServices (727)
[2026.01.03-22.03.06:203][ 63]LogModuleManager: Shutting down and abandoning module EditorInteractiveToolsFramework (724)
[2026.01.03-22.03.06:203][ 63]LogModuleManager: Shutting down and abandoning module TimeManagementEditor (722)
[2026.01.03-22.03.06:203][ 63]LogModuleManager: Shutting down and abandoning module InputBindingEditor (720)
[2026.01.03-22.03.06:203][ 63]LogModuleManager: Shutting down and abandoning module MergeActors (718)
[2026.01.03-22.03.06:203][ 63]LogModuleManager: Shutting down and abandoning module LocalizationDashboard (716)
[2026.01.03-22.03.06:203][ 63]LogModuleManager: Shutting down and abandoning module LocalizationService (715)
[2026.01.03-22.03.06:203][ 63]LogModuleManager: Shutting down and abandoning module HardwareTargeting (712)
[2026.01.03-22.03.06:203][ 63]LogModuleManager: Shutting down and abandoning module DeviceProfileEditor (710)
[2026.01.03-22.03.06:203][ 63]LogModuleManager: Shutting down and abandoning module UndoHistory (708)
[2026.01.03-22.03.06:203][ 63]LogModuleManager: Shutting down and abandoning module XmlParser (706)
[2026.01.03-22.03.06:203][ 63]LogModuleManager: Shutting down and abandoning module Blutility (704)
[2026.01.03-22.03.06:203][ 63]LogModuleManager: Shutting down and abandoning module ProjectSettingsViewer (702)
[2026.01.03-22.03.06:203][ 63]LogModuleManager: Shutting down and abandoning module ProjectTargetPlatformEditor (701)
[2026.01.03-22.03.06:203][ 63]LogModuleManager: Shutting down and abandoning module EditorSettingsViewer (698)
[2026.01.03-22.03.06:204][ 63]LogModuleManager: Shutting down and abandoning module InternationalizationSettings (697)
[2026.01.03-22.03.06:204][ 63]LogModuleManager: Shutting down and abandoning module SettingsEditor (694)
[2026.01.03-22.03.06:204][ 63]LogModuleManager: Shutting down and abandoning module ProjectLauncher (692)
[2026.01.03-22.03.06:204][ 63]LogModuleManager: Shutting down and abandoning module SessionFrontend (690)
[2026.01.03-22.03.06:204][ 63]LogModuleManager: Shutting down and abandoning module ProfilerClient (688)
[2026.01.03-22.03.06:204][ 63]LogModuleManager: Shutting down and abandoning module DeviceManager (686)
[2026.01.03-22.03.06:204][ 63]LogModuleManager: Shutting down and abandoning module TargetDeviceServices (685)
[2026.01.03-22.03.06:235][ 63]LogModuleManager: Shutting down and abandoning module AutomationController (682)
[2026.01.03-22.03.06:235][ 63]LogModuleManager: Shutting down and abandoning module AutomationWindow (680)
[2026.01.03-22.03.06:235][ 63]LogModuleManager: Shutting down and abandoning module Layers (678)
[2026.01.03-22.03.06:236][ 63]LogModuleManager: Shutting down and abandoning module ComponentVisualizers (676)
[2026.01.03-22.03.06:236][ 63]LogModuleManager: Shutting down and abandoning module DetailCustomizations (674)
[2026.01.03-22.03.06:236][ 63]LogModuleManager: Shutting down and abandoning module PackagesDialog (672)
[2026.01.03-22.03.06:237][ 63]LogModuleManager: Shutting down and abandoning module AnimationBlueprintEditor (670)
[2026.01.03-22.03.06:237][ 63]LogModuleManager: Shutting down and abandoning module Persona (668)
[2026.01.03-22.03.06:237][ 63]LogModuleManager: Shutting down and abandoning module AdvancedPreviewScene (667)
[2026.01.03-22.03.06:237][ 63]LogModuleManager: Shutting down and abandoning module AnimGraph (665)
[2026.01.03-22.03.06:237][ 63]LogModuleManager: Shutting down and abandoning module Kismet (662)
[2026.01.03-22.03.06:266][ 63]LogModuleManager: Shutting down and abandoning module KismetWidgets (661)
[2026.01.03-22.03.06:266][ 63]LogModuleManager: Shutting down and abandoning module GraphEditor (658)
[2026.01.03-22.03.06:266][ 63]LogModuleManager: Shutting down and abandoning module StructViewer (656)
[2026.01.03-22.03.06:266][ 63]LogModuleManager: Shutting down and abandoning module ClassViewer (654)
[2026.01.03-22.03.06:269][ 63]LogModuleManager: Shutting down and abandoning module Toolbox (652)
[2026.01.03-22.03.06:269][ 63]LogModuleManager: Shutting down and abandoning module ModuleUI (650)
[2026.01.03-22.03.06:269][ 63]LogModuleManager: Shutting down and abandoning module OutputLog (648)
[2026.01.03-22.03.06:271][ 63]LogModuleManager: Shutting down and abandoning module GammaUI (646)
[2026.01.03-22.03.06:272][ 63]LogModuleManager: Shutting down and abandoning module Documentation (644)
[2026.01.03-22.03.06:272][ 63]LogModuleManager: Shutting down and abandoning module LiveCoding (642)
[2026.01.03-22.03.06:273][ 63]LogModuleManager: Shutting down and abandoning module LevelSequence (640)
[2026.01.03-22.03.06:273][ 63]LogModuleManager: Shutting down and abandoning module MovieSceneTracks (638)
[2026.01.03-22.03.06:273][ 63]LogModuleManager: Shutting down and abandoning module MovieScene (636)
[2026.01.03-22.03.06:273][ 63]LogModuleManager: Shutting down and abandoning module StreamingPauseRendering (634)
[2026.01.03-22.03.06:273][ 63]LogModuleManager: Shutting down and abandoning module LauncherPlatform (632)
[2026.01.03-22.03.06:273][ 63]LogModuleManager: Shutting down and abandoning module AnalyticsET (630)
[2026.01.03-22.03.06:273][ 63]LogModuleManager: Shutting down and abandoning module PortalServices (628)
[2026.01.03-22.03.06:273][ 63]LogModuleManager: Shutting down and abandoning module PortalRpc (626)
[2026.01.03-22.03.06:273][ 63]LogModuleManager: Shutting down and abandoning module MessagingRpc (624)
[2026.01.03-22.03.06:273][ 63]LogModuleManager: Shutting down and abandoning module AudioMixerXAudio2 (622)
[2026.01.03-22.03.06:273][ 63]LogModuleManager: Shutting down and abandoning module AudioMixerCore (621)
[2026.01.03-22.03.06:273][ 63]LogModuleManager: Shutting down and abandoning module AIModule (618)
[2026.01.03-22.03.06:273][ 63]LogModuleManager: Shutting down and abandoning module GameplayDebugger (617)
[2026.01.03-22.03.06:273][ 63]LogModuleManager: Shutting down and abandoning module AITestSuite (615)
[2026.01.03-22.03.06:273][ 63]LogModuleManager: Shutting down and abandoning module NavigationSystem (613)
[2026.01.03-22.03.06:273][ 63]LogModuleManager: Shutting down and abandoning module ImageWriteQueue (610)
[2026.01.03-22.03.06:273][ 63]LogModuleManager: Shutting down and abandoning module ProfilerService (608)
[2026.01.03-22.03.06:321][ 63]LogModuleManager: Shutting down and abandoning module TaskGraph (606)
[2026.01.03-22.03.06:322][ 63]LogModuleManager: Shutting down and abandoning module AudioSynesthesiaEditor (604)
[2026.01.03-22.03.06:322][ 63]LogModuleManager: Shutting down and abandoning module OculusEditor (602)
[2026.01.03-22.03.06:322][ 63]LogModuleManager: Shutting down and abandoning module OculusInput (600)
[2026.01.03-22.03.06:322][ 63]LogModuleManager: Shutting down and abandoning module ContentBrowserFileDataSource (598)
[2026.01.03-22.03.06:322][ 63]LogModuleManager: Shutting down and abandoning module ContentBrowserClassDataSource (596)
[2026.01.03-22.03.06:322][ 63]LogModuleManager: Shutting down and abandoning module ContentBrowserAssetDataSource (594)
[2026.01.03-22.03.06:322][ 63]LogModuleManager: Shutting down and abandoning module CollectionManager (593)
[2026.01.03-22.03.06:322][ 63]LogModuleManager: Shutting down and abandoning module SynthesisEditor (590)
[2026.01.03-22.03.06:322][ 63]LogModuleManager: Shutting down and abandoning module Synthesis (588)
[2026.01.03-22.03.06:323][ 63]LogModuleManager: Shutting down and abandoning module ProceduralMeshComponentEditor (586)
[2026.01.03-22.03.06:323][ 63]LogModuleManager: Shutting down and abandoning module ProceduralMeshComponent (584)
[2026.01.03-22.03.06:323][ 63]LogModuleManager: Shutting down and abandoning module OpenXREditor (582)
[2026.01.03-22.03.06:323][ 63]LogModuleManager: Shutting down and abandoning module MobilePatchingUtils (580)
[2026.01.03-22.03.06:323][ 63]LogModuleManager: Shutting down and abandoning module GooglePAD (578)
[2026.01.03-22.03.06:323][ 63]LogModuleManager: Shutting down and abandoning module EditableMesh (576)
[2026.01.03-22.03.06:323][ 63]LogModuleManager: Shutting down and abandoning module CustomMeshComponent (574)
[2026.01.03-22.03.06:323][ 63]LogModuleManager: Shutting down and abandoning module CableComponent (572)
[2026.01.03-22.03.06:323][ 63]LogModuleManager: Shutting down and abandoning module AssetTags (570)
[2026.01.03-22.03.06:323][ 63]LogModuleManager: Shutting down and abandoning module AudioCapture (568)
[2026.01.03-22.03.06:323][ 63]LogModuleManager: Shutting down and abandoning module AudioCaptureRtAudio (567)
[2026.01.03-22.03.06:323][ 63]LogModuleManager: Shutting down and abandoning module ArchVisCharacter (564)
[2026.01.03-22.03.06:323][ 63]LogModuleManager: Shutting down and abandoning module AppleImageUtilsBlueprintSupport (562)
[2026.01.03-22.03.06:323][ 63]LogModuleManager: Shutting down and abandoning module AppleImageUtils (560)
[2026.01.03-22.03.06:323][ 63]LogModuleManager: Shutting down and abandoning module AndroidPermission (558)
[2026.01.03-22.03.06:323][ 63]LogModuleManager: Shutting down and abandoning module ActorLayerUtilitiesEditor (556)
[2026.01.03-22.03.06:323][ 63]LogModuleManager: Shutting down and abandoning module ActorLayerUtilities (554)
[2026.01.03-22.03.06:323][ 63]LogModuleManager: Shutting down and abandoning module TakeSequencer (552)
[2026.01.03-22.03.06:323][ 63]LogModuleManager: Shutting down and abandoning module TakeMovieScene (550)
[2026.01.03-22.03.06:323][ 63]LogModuleManager: Shutting down and abandoning module ScreenshotTools (548)
[2026.01.03-22.03.06:323][ 63]LogModuleManager: Shutting down and abandoning module TemplateSequence (546)
[2026.01.03-22.03.06:325][ 63]LogModuleManager: Shutting down and abandoning module MediaCompositing (544)
[2026.01.03-22.03.06:325][ 63]LogModuleManager: Shutting down and abandoning module ImgMedia (542)
[2026.01.03-22.03.06:325][ 63]LogModuleManager: Shutting down and abandoning module MotoSynthEditor (540)
[2026.01.03-22.03.06:325][ 63]LogModuleManager: Shutting down and abandoning module MotoSynth (538)
[2026.01.03-22.03.06:325][ 63]LogModuleManager: Shutting down and abandoning module OpenImageDenoise (536)
[2026.01.03-22.03.06:325][ 63]LogOpenImageDenoise: OIDN shutting down
[2026.01.03-22.03.06:325][ 63]LogModuleManager: Shutting down and abandoning module GeometryCacheTracks (534)
[2026.01.03-22.03.06:325][ 63]LogModuleManager: Shutting down and abandoning module GeometryCacheStreamer (532)
[2026.01.03-22.03.06:325][ 63]LogModuleManager: Shutting down and abandoning module GeometryCacheSequencer (530)
[2026.01.03-22.03.06:325][ 63]LogModuleManager: Shutting down and abandoning module MeshConversion (528)
[2026.01.03-22.03.06:325][ 63]LogModuleManager: Shutting down and abandoning module DynamicMesh (526)
[2026.01.03-22.03.06:325][ 63]LogModuleManager: Shutting down and abandoning module GeometryAlgorithms (524)
[2026.01.03-22.03.06:325][ 63]LogModuleManager: Shutting down and abandoning module GeometricObjects (522)
[2026.01.03-22.03.06:325][ 63]LogModuleManager: Shutting down and abandoning module GeometryCollectionTracks (520)
[2026.01.03-22.03.06:325][ 63]LogModuleManager: Shutting down and abandoning module GeometryCollectionSequencer (519)
[2026.01.03-22.03.06:325][ 63]LogModuleManager: Shutting down and abandoning module GeometryCollectionEditor (516)
[2026.01.03-22.03.06:325][ 63]LogModuleManager: Shutting down and abandoning module MagicLeapSharedWorld (514)
[2026.01.03-22.03.06:325][ 63]LogModuleManager: Shutting down and abandoning module MagicLeapLightEstimation (512)
[2026.01.03-22.03.06:325][ 63]LogModuleManager: Shutting down and abandoning module MagicLeapHelperVulkan (510)
[2026.01.03-22.03.06:325][ 63]LogModuleManager: Shutting down and abandoning module MagicLeapHelperOpenGL (508)
[2026.01.03-22.03.06:326][ 63]LogModuleManager: Shutting down and abandoning module MagicLeapAudio (506)
[2026.01.03-22.03.06:326][ 63]LogModuleManager: Shutting down and abandoning module MobileLauncherProfileWizard (504)
[2026.01.03-22.03.06:326][ 63]LogModuleManager: Shutting down and abandoning module PluginBrowser (502)
[2026.01.03-22.03.06:326][ 63]LogModuleManager: Shutting down and abandoning module SpeedTreeImporter (500)
[2026.01.03-22.03.06:326][ 63]LogModuleManager: Shutting down and abandoning module MaterialAnalyzer (498)
[2026.01.03-22.03.06:327][ 63]LogModuleManager: Shutting down and abandoning module CurveEditorTools (496)
[2026.01.03-22.03.06:327][ 63]LogModuleManager: Shutting down and abandoning module CryptoKeysOpenSSL (494)
[2026.01.03-22.03.06:327][ 63]LogModuleManager: Shutting down and abandoning module CryptoKeys (492)
[2026.01.03-22.03.06:327][ 63]LogModuleManager: Shutting down and abandoning module NiagaraEditorWidgets (490)
[2026.01.03-22.03.06:328][ 63]LogModuleManager: Shutting down and abandoning module VisualStudioSourceCodeAccess (488)
[2026.01.03-22.03.06:328][ 63]LogModuleManager: Shutting down and abandoning module VisualStudioCodeSourceCodeAccess (486)
[2026.01.03-22.03.06:328][ 63]LogModuleManager: Shutting down and abandoning module UObjectPlugin (484)
[2026.01.03-22.03.06:328][ 63]LogModuleManager: Shutting down and abandoning module SubversionSourceControl (482)
[2026.01.03-22.03.06:328][ 63]LogModuleManager: Shutting down and abandoning module RiderSourceCodeAccess (480)
[2026.01.03-22.03.06:328][ 63]LogModuleManager: Shutting down and abandoning module PerforceSourceControl (478)
[2026.01.03-22.03.06:328][ 63]LogModuleManager: Shutting down and abandoning module PlasticSourceControl (476)
[2026.01.03-22.03.06:328][ 63]LogModuleManager: Shutting down and abandoning module PluginUtils (474)
[2026.01.03-22.03.06:328][ 63]LogModuleManager: Shutting down and abandoning module GitSourceControl (472)
[2026.01.03-22.03.06:328][ 63]LogModuleManager: Shutting down and abandoning module SourceControl (471)
[2026.01.03-22.03.06:328][ 63]LogModuleManager: Shutting down and abandoning module CLionSourceCodeAccess (468)
[2026.01.03-22.03.06:328][ 63]LogModuleManager: Shutting down and abandoning module VariantManagerContentEditor (466)
[2026.01.03-22.03.06:328][ 63]LogModuleManager: Shutting down and abandoning module AnimationSharingEd (464)
[2026.01.03-22.03.06:328][ 63]LogModuleManager: Shutting down and abandoning module DatasmithContentEditor (462)
[2026.01.03-22.03.06:328][ 63]LogModuleManager: Shutting down and abandoning module FractureEditor (460)
[2026.01.03-22.03.06:328][ 63]LogModuleManager: Shutting down and abandoning module ChaosSolverEditor (458)
[2026.01.03-22.03.06:328][ 63]LogModuleManager: Shutting down and abandoning module ChaosNiagara (456)
[2026.01.03-22.03.06:328][ 63]LogModuleManager: Shutting down and abandoning module FieldSystemEngine (455)
[2026.01.03-22.03.06:329][ 63]LogModuleManager: Shutting down and abandoning module ChaosClothEditor (452)
[2026.01.03-22.03.06:329][ 63]LogModuleManager: Shutting down and abandoning module AutomationUtilsEditor (450)
[2026.01.03-22.03.06:329][ 63]LogModuleManager: Shutting down and abandoning module AutomationUtils (448)
[2026.01.03-22.03.06:329][ 63]LogModuleManager: Shutting down and abandoning module BackChannel (446)
[2026.01.03-22.03.06:329][ 63]LogModuleManager: Shutting down and abandoning module AlembicImporter (444)
[2026.01.03-22.03.06:329][ 63]LogModuleManager: Shutting down and abandoning module AlembicLibrary (443)
[2026.01.03-22.03.06:329][ 63]LogModuleManager: Shutting down and abandoning module GeometryCache (442)
[2026.01.03-22.03.06:329][ 63]LogModuleManager: Shutting down and abandoning module GeometryCacheEd (441)
[2026.01.03-22.03.06:329][ 63]LogModuleManager: Shutting down and abandoning module LiveLinkSequencer (436)
[2026.01.03-22.03.06:329][ 63]LogModuleManager: Shutting down and abandoning module LiveLinkMovieScene (434)
[2026.01.03-22.03.06:329][ 63]LogModuleManager: Shutting down and abandoning module LiveLinkGraphNode (432)
[2026.01.03-22.03.06:329][ 63]LogModuleManager: Shutting down and abandoning module LiveLinkEditor (430)
[2026.01.03-22.03.06:329][ 63]LogModuleManager: Shutting down and abandoning module LiveLinkComponents (428)
[2026.01.03-22.03.06:329][ 63]LogModuleManager: Shutting down and abandoning module LiveLink (426)
[2026.01.03-22.03.07:061][ 63]LogModuleManager: Shutting down and abandoning module LightPropagationVolumeEditor (424)
[2026.01.03-22.03.07:061][ 63]LogModuleManager: Shutting down and abandoning module OodleNetworkHandlerComponent (422)
[2026.01.03-22.03.07:061][ 63]LogModuleManager: Shutting down and abandoning module PaperTiledImporter (420)
[2026.01.03-22.03.07:061][ 63]LogModuleManager: Shutting down and abandoning module PaperSpriteSheetImporter (418)
[2026.01.03-22.03.07:061][ 63]LogModuleManager: Shutting down and abandoning module Paper2DEditor (416)
[2026.01.03-22.03.07:061][ 63]LogModuleManager: Shutting down and abandoning module MeshPaintingToolset (414)
[2026.01.03-22.03.07:061][ 63]LogModuleManager: Shutting down and abandoning module MeshPaintEditorMode (412)
[2026.01.03-22.03.07:062][ 63]LogModuleManager: Shutting down and abandoning module RuntimePhysXCooking (410)
[2026.01.03-22.03.07:062][ 63]LogModuleManager: Shutting down and abandoning module SoundFields (408)
[2026.01.03-22.03.07:062][ 63]LogModuleManager: Shutting down and abandoning module SignificanceManager (406)
[2026.01.03-22.03.07:062][ 63]LogModuleManager: Shutting down and abandoning module PropertyAccessEditor (404)
[2026.01.03-22.03.07:062][ 63]LogModuleManager: Shutting down and abandoning module PhysXVehiclesEditor (402)
[2026.01.03-22.03.07:062][ 63]LogModuleManager: Shutting down and abandoning module LocationServicesBPLibrary (398)
[2026.01.03-22.03.07:062][ 63]LogModuleManager: Shutting down and abandoning module AudioSynesthesia (396)
[2026.01.03-22.03.07:062][ 63]LogModuleManager: Shutting down and abandoning module AudioSynesthesiaCore (394)
[2026.01.03-22.03.07:062][ 63]LogModuleManager: Shutting down and abandoning module UdpMessaging (392)
[2026.01.03-22.03.07:163][ 63]LogModuleManager: Shutting down and abandoning module TcpMessaging (390)
[2026.01.03-22.03.07:264][ 63]LogModuleManager: Shutting down and abandoning module ActorSequence (388)
[2026.01.03-22.03.07:264][ 63]LogModuleManager: Shutting down and abandoning module ImgMediaEngine (386)
[2026.01.03-22.03.07:264][ 63]LogModuleManager: Shutting down and abandoning module PythonScriptPlugin (384)
[2026.01.03-22.03.07:264][ 63]LogModuleManager: Shutting down and abandoning module MagicLeapARPin (382)
[2026.01.03-22.03.07:264][ 63]LogModuleManager: Shutting down and abandoning module MagicLeapHandMeshing (380)
[2026.01.03-22.03.07:264][ 63]LogModuleManager: Shutting down and abandoning module MagicLeapSecureStorage (378)
[2026.01.03-22.03.07:264][ 63]LogModuleManager: Shutting down and abandoning module MagicLeapPrivileges (376)
[2026.01.03-22.03.07:264][ 63]LogModuleManager: Shutting down and abandoning module MagicLeapPlanes (374)
[2026.01.03-22.03.07:264][ 63]LogMagicLeapPlanes: Planes tracker already destroyed.
[2026.01.03-22.03.07:264][ 63]LogModuleManager: Shutting down and abandoning module MagicLeapImageTracker (372)
[2026.01.03-22.03.07:264][ 63]LogModuleManager: Shutting down and abandoning module MagicLeapIdentity (370)
[2026.01.03-22.03.07:264][ 63]LogModuleManager: Shutting down and abandoning module MagicLeapHandTracking (368)
[2026.01.03-22.03.07:264][ 63]LogModuleManager: Shutting down and abandoning module MagicLeapEyeTracker (366)
[2026.01.03-22.03.07:264][ 63]LogModuleManager: Shutting down and abandoning module MagicLeapController (364)
[2026.01.03-22.03.07:264][ 63]LogModuleManager: Shutting down and abandoning module MagicLeapARPinImpl (362)
[2026.01.03-22.03.07:264][ 63]LogModuleManager: Shutting down and abandoning module MagicLeapAR (360)
[2026.01.03-22.03.07:264][ 63]LogModuleManager: Shutting down and abandoning module GameplayTagsEditor (358)
[2026.01.03-22.03.07:264][ 63]LogModuleManager: Shutting down and abandoning module FacialAnimationEditor (356)
[2026.01.03-22.03.07:264][ 63]LogModuleManager: Shutting down and abandoning module FacialAnimation (354)
[2026.01.03-22.03.07:264][ 63]LogModuleManager: Shutting down and abandoning module DataValidation (352)
[2026.01.03-22.03.07:264][ 63]LogModuleManager: Shutting down and abandoning module AssetManagerEditor (350)
[2026.01.03-22.03.07:265][ 63]LogModuleManager: Shutting down and abandoning module LevelEditor (349)
[2026.01.03-22.03.07:267][ 63]LogModuleManager: Shutting down and abandoning module PixelInspectorModule (348)
[2026.01.03-22.03.07:267][ 63]LogModuleManager: Shutting down and abandoning module CommonMenuExtensions (346)
[2026.01.03-22.03.07:267][ 63]LogModuleManager: Shutting down and abandoning module MainFrame (344)
[2026.01.03-22.03.07:267][ 63]LogModuleManager: Shutting down and abandoning module HotReload (343)
[2026.01.03-22.03.07:268][ 63]LogModuleManager: Shutting down and abandoning module ToolMenus (339)
[2026.01.03-22.03.07:268][ 63]LogModuleManager: Shutting down and abandoning module TreeMap (337)
[2026.01.03-22.03.07:268][ 63]LogModuleManager: Shutting down and abandoning module NiagaraAnimNotifies (334)
[2026.01.03-22.03.07:268][ 63]LogModuleManager: Shutting down and abandoning module Niagara (332)
[2026.01.03-22.03.07:268][ 63]LogModuleManager: Shutting down and abandoning module SignalProcessing (331)
[2026.01.03-22.03.07:268][ 63]LogModuleManager: Shutting down and abandoning module NiagaraEditor (329)
[2026.01.03-22.03.07:270][ 63]LogModuleManager: Shutting down and abandoning module ContentBrowser (328)
[2026.01.03-22.03.07:270][ 63]LogModuleManager: Shutting down and abandoning module ContentBrowserData (327)
[2026.01.03-22.03.07:270][ 63]LogModuleManager: Shutting down and abandoning module NiagaraCore (322)
[2026.01.03-22.03.07:270][ 63]LogModuleManager: Shutting down and abandoning module PropertyAccessNode (320)
[2026.01.03-22.03.07:270][ 63]LogModuleManager: Shutting down and abandoning module AnimationSharing (318)
[2026.01.03-22.03.07:270][ 63]LogModuleManager: Shutting down and abandoning module LightPropagationVolumeRuntime (316)
[2026.01.03-22.03.07:270][ 63]LogModuleManager: Shutting down and abandoning module EnvironmentQueryEditor (314)
[2026.01.03-22.03.07:270][ 63]LogModuleManager: Shutting down and abandoning module GameplayCameras (312)
[2026.01.03-22.03.07:270][ 63]LogModuleManager: Shutting down and abandoning module Paper2D (310)
[2026.01.03-22.03.07:270][ 63]LogModuleManager: Shutting down and abandoning module WebMMoviePlayer (308)
[2026.01.03-22.03.07:270][ 63]LogModuleManager: Shutting down and abandoning module WindowsMoviePlayer (306)
[2026.01.03-22.03.07:277][ 63]LogModuleManager: Shutting down and abandoning module NetworkReplayStreaming (304)
[2026.01.03-22.03.07:277][ 63]LogModuleManager: Shutting down and abandoning module PacketHandler (302)
[2026.01.03-22.03.07:277][ 63]LogModuleManager: Shutting down and abandoning module ClothingSystemEditor (300)
[2026.01.03-22.03.07:277][ 63]LogModuleManager: Shutting down and abandoning module ClothingSystemRuntimeNv (298)
[2026.01.03-22.03.07:277][ 63]LogModuleManager: Shutting down and abandoning module MediaAssets (296)
[2026.01.03-22.03.07:277][ 63]LogModuleManager: Shutting down and abandoning module Overlay (294)
[2026.01.03-22.03.07:277][ 63]LogModuleManager: Shutting down and abandoning module OverlayEditor (293)
[2026.01.03-22.03.07:277][ 63]LogModuleManager: Shutting down and abandoning module VREditor (290)
[2026.01.03-22.03.07:277][ 63]LogModuleManager: Shutting down and abandoning module StringTableEditor (288)
[2026.01.03-22.03.07:277][ 63]LogModuleManager: Shutting down and abandoning module GameplayTasksEditor (286)
[2026.01.03-22.03.07:277][ 63]LogModuleManager: Shutting down and abandoning module BehaviorTreeEditor (284)
[2026.01.03-22.03.07:277][ 63]LogModuleManager: Shutting down and abandoning module FunctionalTesting (282)
[2026.01.03-22.03.07:277][ 63]LogModuleManager: Shutting down and abandoning module CollisionAnalyzer (280)
[2026.01.03-22.03.07:277][ 63]LogModuleManager: Shutting down and abandoning module WorkspaceMenuStructure (279)
[2026.01.03-22.03.07:277][ 63]LogModuleManager: Shutting down and abandoning module UMG (276)
[2026.01.03-22.03.07:278][ 63]LogModuleManager: Shutting down and abandoning module UMGEditor (275)
[2026.01.03-22.03.07:278][ 63]LogModuleManager: Shutting down and abandoning module MessageLog (273)
[2026.01.03-22.03.07:278][ 63]LogModuleManager: Shutting down and abandoning module SlateReflector (268)
[2026.01.03-22.03.07:279][ 63]LogModuleManager: Shutting down and abandoning module Slate (266)
[2026.01.03-22.03.07:279][ 63]LogModuleManager: Shutting down and abandoning module SlateCore (264)
[2026.01.03-22.03.07:280][ 63]LogModuleManager: Shutting down and abandoning module LandscapeEditorUtilities (262)
[2026.01.03-22.03.07:280][ 63]LogModuleManager: Shutting down and abandoning module UnrealEd (260)
[2026.01.03-22.03.07:280][ 63]LogModuleManager: Shutting down and abandoning module MRMesh (258)
[2026.01.03-22.03.07:280][ 63]LogModuleManager: Shutting down and abandoning module SourceCodeAccess (256)
[2026.01.03-22.03.07:280][ 63]LogModuleManager: Shutting down and abandoning module HeadMountedDisplay (254)
[2026.01.03-22.03.07:280][ 63]LogModuleManager: Shutting down and abandoning module XAudio2 (252)
[2026.01.03-22.03.07:280][ 63]LogModuleManager: Shutting down and abandoning module Networking (250)
[2026.01.03-22.03.07:280][ 63]LogModuleManager: Shutting down and abandoning module Core (248)
[2026.01.03-22.03.07:280][ 63]LogModuleManager: Shutting down and abandoning module MaterialEditor (246)
[2026.01.03-22.03.07:280][ 63]LogModuleManager: Shutting down and abandoning module MovieSceneTools (244)
[2026.01.03-22.03.07:280][ 63]LogModuleManager: Shutting down and abandoning module CurveEditor (243)
[2026.01.03-22.03.07:280][ 63]LogModuleManager: Shutting down and abandoning module Sequencer (241)
[2026.01.03-22.03.07:281][ 63]LogModuleManager: Shutting down and abandoning module EditorStyle (240)
[2026.01.03-22.03.07:282][ 63]LogModuleManager: Shutting down and abandoning module KismetCompiler (236)
[2026.01.03-22.03.07:282][ 63]LogModuleManager: Shutting down and abandoning module MeshBuilder (234)
[2026.01.03-22.03.07:282][ 63]LogModuleManager: Shutting down and abandoning module MeshUtilities (232)
[2026.01.03-22.03.07:282][ 63]LogModuleManager: Shutting down and abandoning module MeshMergeUtilities (231)
[2026.01.03-22.03.07:282][ 63]LogModuleManager: Shutting down and abandoning module MeshReductionInterface (230)
[2026.01.03-22.03.07:282][ 63]LogModuleManager: Shutting down and abandoning module MeshBoneReduction (229)
[2026.01.03-22.03.07:282][ 63]LogModuleManager: Shutting down and abandoning module SkeletalMeshReduction (227)
[2026.01.03-22.03.07:282][ 63]LogModuleManager: Shutting down and abandoning module ProxyLODMeshReduction (225)
[2026.01.03-22.03.07:283][ 63]LogModuleManager: Shutting down and abandoning module QuadricMeshReduction (223)
[2026.01.03-22.03.07:283][ 63]LogModuleManager: Shutting down and abandoning module MaterialBaking (219)
[2026.01.03-22.03.07:283][ 63]LogModuleManager: Shutting down and abandoning module NullInstallBundleManager (214)
[2026.01.03-22.03.07:283][ 63]LogModuleManager: Shutting down and abandoning module DerivedDataCache (212)
[2026.01.03-22.03.07:283][ 63]LogModuleManager: Shutting down and abandoning module TargetPlatform (210)
[2026.01.03-22.03.07:283][ 63]LogModuleManager: Shutting down and abandoning module VulkanShaderFormat (209)
[2026.01.03-22.03.07:284][ 63]LogModuleManager: Shutting down and abandoning module ShaderFormatVectorVM (207)
[2026.01.03-22.03.07:284][ 63]LogModuleManager: Shutting down and abandoning module ShaderFormatOpenGL (205)
[2026.01.03-22.03.07:284][ 63]LogModuleManager: Shutting down and abandoning module ShaderFormatD3D (203)
[2026.01.03-22.03.07:284][ 63]LogModuleManager: Shutting down and abandoning module MetalShaderFormat (201)
[2026.01.03-22.03.07:284][ 63]LogModuleManager: Shutting down and abandoning module TextureFormatOodle (199)
[2026.01.03-22.03.07:284][ 63]LogModuleManager: Shutting down and abandoning module TextureFormatUncompressed (197)
[2026.01.03-22.03.07:284][ 63]LogModuleManager: Shutting down and abandoning module TextureFormatPVR (195)
[2026.01.03-22.03.07:284][ 63]LogModuleManager: Shutting down and abandoning module TextureFormatETC2 (193)
[2026.01.03-22.03.07:284][ 63]LogModuleManager: Shutting down and abandoning module TextureFormatDXT (191)
[2026.01.03-22.03.07:284][ 63]LogModuleManager: Shutting down and abandoning module TextureFormatIntelISPCTexComp (189)
[2026.01.03-22.03.07:284][ 63]LogModuleManager: Shutting down and abandoning module TextureFormatASTC (187)
[2026.01.03-22.03.07:284][ 63]LogModuleManager: Shutting down and abandoning module ImageWrapper (186)
[2026.01.03-22.03.07:284][ 63]LogModuleManager: Shutting down and abandoning module AudioFormatOpus (183)
[2026.01.03-22.03.07:284][ 63]LogModuleManager: Shutting down and abandoning module AudioFormatOgg (181)
[2026.01.03-22.03.07:284][ 63]LogModuleManager: Shutting down and abandoning module AudioFormatADPCM (179)
[2026.01.03-22.03.07:284][ 63]LogModuleManager: Shutting down and abandoning module WindowsServerTargetPlatform (177)
[2026.01.03-22.03.07:284][ 63]LogModuleManager: Shutting down and abandoning module WindowsClientTargetPlatform (175)
[2026.01.03-22.03.07:284][ 63]LogModuleManager: Shutting down and abandoning module WindowsTargetPlatform (173)
[2026.01.03-22.03.07:284][ 63]LogModuleManager: Shutting down and abandoning module WindowsNoEditorTargetPlatform (171)
[2026.01.03-22.03.07:284][ 63]LogModuleManager: Shutting down and abandoning module TVOSTargetPlatform (169)
[2026.01.03-22.03.07:289][ 63]LogModuleManager: Shutting down and abandoning module MacServerTargetPlatform (167)
[2026.01.03-22.03.07:289][ 63]LogModuleManager: Shutting down and abandoning module MacClientTargetPlatform (165)
[2026.01.03-22.03.07:289][ 63]LogModuleManager: Shutting down and abandoning module MacTargetPlatform (163)
[2026.01.03-22.03.07:289][ 63]LogModuleManager: Shutting down and abandoning module MacNoEditorTargetPlatform (161)
[2026.01.03-22.03.07:289][ 63]LogModuleManager: Shutting down and abandoning module LuminTargetPlatform (159)
[2026.01.03-22.03.07:292][ 63]LogModuleManager: Shutting down and abandoning module LinuxAArch64ServerTargetPlatform (157)
[2026.01.03-22.03.07:292][ 63]LogModuleManager: Shutting down and abandoning module LinuxAArch64ClientTargetPlatform (155)
[2026.01.03-22.03.07:292][ 63]LogModuleManager: Shutting down and abandoning module LinuxAArch64NoEditorTargetPlatform (153)
[2026.01.03-22.03.07:292][ 63]LogModuleManager: Shutting down and abandoning module LinuxServerTargetPlatform (151)
[2026.01.03-22.03.07:292][ 63]LogModuleManager: Shutting down and abandoning module LinuxClientTargetPlatform (149)
[2026.01.03-22.03.07:292][ 63]LogModuleManager: Shutting down and abandoning module LinuxNoEditorTargetPlatform (147)
[2026.01.03-22.03.07:292][ 63]LogModuleManager: Shutting down and abandoning module LinuxTargetPlatform (145)
[2026.01.03-22.03.07:292][ 63]LogModuleManager: Shutting down and abandoning module Messaging (143)
[2026.01.03-22.03.07:292][ 63]LogModuleManager: Shutting down and abandoning module IOSTargetPlatform (141)
[2026.01.03-22.03.07:296][ 63]LogModuleManager: Shutting down and abandoning module AndroidTargetPlatform (139)
[2026.01.03-22.03.07:306][ 63]LogModuleManager: Shutting down and abandoning module AllDesktopTargetPlatform (137)
[2026.01.03-22.03.07:306][ 63]LogModuleManager: Shutting down and abandoning module D3D11RHI (134)
[2026.01.03-22.03.07:306][ 63]LogModuleManager: Shutting down and abandoning module InputCore (132)
[2026.01.03-22.03.07:306][ 63]LogModuleManager: Shutting down and abandoning module Settings (130)
[2026.01.03-22.03.07:306][ 63]LogModuleManager: Shutting down and abandoning module DirectoryWatcher (128)
[2026.01.03-22.03.07:307][ 63]LogModuleManager: Shutting down and abandoning module PhysXCooking (126)
[2026.01.03-22.03.07:307][ 63]LogModuleManager: Shutting down and abandoning module Chaos (124)
[2026.01.03-22.03.07:307][ 63]LogModuleManager: Shutting down and abandoning module WindowsPlatformFeatures (122)
[2026.01.03-22.03.07:307][ 63]LogModuleManager: Shutting down and abandoning module GameplayMediaEncoder (121)
[2026.01.03-22.03.07:307][ 63]LogModuleManager: Shutting down and abandoning module AVEncoder (120)
[2026.01.03-22.03.07:307][ 63]LogModuleManager: Shutting down and abandoning module SteamVRInputDevice (116)
[2026.01.03-22.03.07:307][ 63]LogModuleManager: Shutting down and abandoning module SteamVRInput (114)
[2026.01.03-22.03.07:307][ 63]LogModuleManager: Shutting down and abandoning module SteamVR (112)
[2026.01.03-22.03.07:307][ 63]LogHMD: Freeing OpenVRDLLHandle.
[2026.01.03-22.03.07:307][ 63]LogModuleManager: Shutting down and abandoning module OculusHMD (110)
[2026.01.03-22.03.07:307][ 63]LogModuleManager: Shutting down and abandoning module OpenXRHandTracking (108)
[2026.01.03-22.03.07:307][ 63]LogSlate: Slate User Destroyed.  User Index 0, Is Virtual User: 0
[2026.01.03-22.03.07:308][ 63]LogModuleManager: Shutting down and abandoning module OpenXREyeTracker (106)
[2026.01.03-22.03.07:308][ 63]LogModuleManager: Shutting down and abandoning module OpenXRAR (104)
[2026.01.03-22.03.07:308][ 63]LogModuleManager: Shutting down and abandoning module AugmentedReality (103)
[2026.01.03-22.03.07:308][ 63]LogModuleManager: Shutting down and abandoning module OpenXRHMD (100)
[2026.01.03-22.03.07:308][ 63]LogModuleManager: Shutting down and abandoning module ExampleDeviceProfileSelector (98)
[2026.01.03-22.03.07:308][ 63]LogModuleManager: Shutting down and abandoning module ChunkDownloader (96)
[2026.01.03-22.03.07:308][ 63]LogModuleManager: Shutting down and abandoning module LauncherChunkInstaller (94)
[2026.01.03-22.03.07:308][ 63]LogModuleManager: Shutting down and abandoning module OnlineBlueprintSupport (92)
[2026.01.03-22.03.07:308][ 63]LogModuleManager: Shutting down and abandoning module OnlineSubsystem (88)
[2026.01.03-22.03.07:311][ 63]LogModuleManager: Shutting down and abandoning module XMPP (83)
[2026.01.03-22.03.07:311][ 63]LogModuleManager: Shutting down and abandoning module WebSockets (82)
[2026.01.03-22.03.07:338][ 63]LogModuleManager: Shutting down and abandoning module HTTP (79)
[2026.01.03-22.03.07:338][ 63]LogHttp: Display: Http module shutting down, but needs to wait on 1 outstanding Http requests:
[2026.01.03-22.03.07:338][ 63]LogHttp: Display: 	verb=[POST] url=[https://datarouter.ol.epicgames.com/datarouter/api/v1/public/data?SessionID=%7B2C6F9B1F-4A43-6D8A-DE55-F79C8E8BDBE6%7D&AppID=UEEditor.Rocket.Release&AppVersion=4.27.2-18319896%2B%2B%2BUE4%2BRelease-4.27&UserID=528ee6df42e992c77b308a9683ff15b8%7C5d8fd890af69450590b7e49b39047813%7C2fb2ec07-4082-4fe6-a55a-446dd71acabd&AppEnvironment=datacollector-binary&UploadType=eteventstream] refs=[1] status=Processing
[2026.01.03-22.03.07:338][ 63]LogHttp: Display: cleaning up 1 outstanding Http requests.
[2026.01.03-22.03.07:345][ 63]LogModuleManager: Shutting down and abandoning module SSL (78)
[2026.01.03-22.03.07:347][ 63]LogModuleManager: Shutting down and abandoning module WmfMedia (74)
[2026.01.03-22.03.07:350][ 63]LogModuleManager: Shutting down and abandoning module Media (73)
[2026.01.03-22.03.07:353][ 63]LogModuleManager: Shutting down and abandoning module MediaInfo (72)
[2026.01.03-22.03.07:353][ 63]LogModuleManager: Shutting down and abandoning module ExrReaderGpu (68)
[2026.01.03-22.03.07:353][ 63]LogModuleManager: Shutting down and abandoning module MLSDK (66)
[2026.01.03-22.03.07:353][ 63]LogModuleManager: Shutting down and abandoning module MagicLeap (64)
[2026.01.03-22.03.07:353][ 63]LogModuleManager: Shutting down and abandoning module NiagaraVertexFactories (62)
[2026.01.03-22.03.07:353][ 63]LogModuleManager: Shutting down and abandoning module NiagaraShader (60)
[2026.01.03-22.03.07:353][ 63]LogModuleManager: Shutting down and abandoning module PixWinPlugin (58)
[2026.01.03-22.03.07:354][ 63]LogModuleManager: Shutting down and abandoning module VariantManagerContent (56)
[2026.01.03-22.03.07:354][ 63]LogModuleManager: Shutting down and abandoning module DatasmithContent (54)
[2026.01.03-22.03.07:354][ 63]LogModuleManager: Shutting down and abandoning module ChaosCloth (52)
[2026.01.03-22.03.07:354][ 63]LogModuleManager: Shutting down and abandoning module AISupportModule (50)
[2026.01.03-22.03.07:355][ 63]LogModuleManager: Shutting down and abandoning module DesktopPlatform (48)
[2026.01.03-22.03.07:355][ 63]LogModuleManager: Shutting down and abandoning module PlatformCryptoOpenSSL (46)
[2026.01.03-22.03.07:355][ 63]LogModuleManager: Shutting down and abandoning module PlatformCryptoTypes (44)
[2026.01.03-22.03.07:355][ 63]LogModuleManager: Shutting down and abandoning module PlatformCrypto (42)
[2026.01.03-22.03.07:355][ 63]LogModuleManager: Shutting down and abandoning module PythonScriptPluginPreload (40)
[2026.01.03-22.03.07:355][ 63]LogModuleManager: Shutting down and abandoning module OodleDataCompressionFormat (38)
[2026.01.03-22.03.07:355][ 63]LogModuleManager: Shutting down and abandoning module XGEController (36)
[2026.01.03-22.03.07:355][ 63]LogXGEController: Cleaning working directory: C:/Users/Dom/AppData/Local/Temp/UnrealXGEWorkingDir/
[2026.01.03-22.03.07:356][ 63]LogModuleManager: Shutting down and abandoning module AnimationModifiers (34)
[2026.01.03-22.03.07:356][ 63]LogModuleManager: Shutting down and abandoning module AudioEditor (32)
[2026.01.03-22.03.07:360][ 63]LogModuleManager: Shutting down and abandoning module PropertyEditor (31)
[2026.01.03-22.03.07:362][ 63]LogModuleManager: Shutting down and abandoning module TextureCompressor (28)
[2026.01.03-22.03.07:362][ 63]LogModuleManager: Shutting down and abandoning module RenderCore (26)
[2026.01.03-22.03.07:362][ 63]LogModuleManager: Shutting down and abandoning module Landscape (24)
[2026.01.03-22.03.07:362][ 63]LogModuleManager: Shutting down and abandoning module SlateRHIRenderer (22)
[2026.01.03-22.03.07:364][ 63]LogModuleManager: Shutting down and abandoning module AnimGraphRuntime (20)
[2026.01.03-22.03.07:364][ 63]LogModuleManager: Shutting down and abandoning module Renderer (18)
[2026.01.03-22.03.07:364][ 63]LogModuleManager: Shutting down and abandoning module Engine (16)
[2026.01.03-22.03.07:364][ 63]LogModuleManager: Shutting down and abandoning module CoreUObject (14)
[2026.01.03-22.03.07:364][ 63]LogModuleManager: Shutting down and abandoning module NetworkFile (12)
[2026.01.03-22.03.07:364][ 63]LogModuleManager: Shutting down and abandoning module CookedIterativeFile (10)
[2026.01.03-22.03.07:366][ 63]LogModuleManager: Shutting down and abandoning module StreamingFile (8)
[2026.01.03-22.03.07:366][ 63]LogModuleManager: Shutting down and abandoning module SandboxFile (6)
[2026.01.03-22.03.07:366][ 63]LogModuleManager: Shutting down and abandoning module PakFile (4)
[2026.01.03-22.03.07:366][ 63]LogModuleManager: Shutting down and abandoning module RSA (3)
[2026.01.03-22.03.07:366][ 63]LogContentStreaming: Display: There are 1 unreleased StreamingManagers
[2026.01.03-22.03.07:431][ 63]LogD3D11RHI: Shutdown
[2026.01.03-22.03.07:431][ 63]LogD3D11RHI: CleanupD3DDevice
[2026.01.03-22.03.07:545][ 63]LogD3D11RHI: Intel Extensions Framework unloaded
[2026.01.03-22.03.07:555][ 63]LogD3D11RHI: [IntelMetricsDiscovery] Stopped
[2026.01.03-22.03.07:557][ 63]LogExit: Exiting.
[2026.01.03-22.03.07:569][ 63]Log file closed, 01/03/26 23:03:07
